-- phpMyAdmin SQL Dump
-- version 4.8.5
-- https://www.phpmyadmin.net/
--
-- Host: localhost
-- Generation Time: Jun 04, 2019 at 09:46 PM
-- Server version: 10.1.38-MariaDB
-- PHP Version: 7.3.2

SET SQL_MODE = "NO_AUTO_VALUE_ON_ZERO";
SET AUTOCOMMIT = 0;
START TRANSACTION;
SET time_zone = "+00:00";


/*!40101 SET @OLD_CHARACTER_SET_CLIENT=@@CHARACTER_SET_CLIENT */;
/*!40101 SET @OLD_CHARACTER_SET_RESULTS=@@CHARACTER_SET_RESULTS */;
/*!40101 SET @OLD_COLLATION_CONNECTION=@@COLLATION_CONNECTION */;
/*!40101 SET NAMES utf8mb4 */;

--
-- Database: `analisis_sentimen`
--

-- --------------------------------------------------------

--
-- Table structure for table `data_crawling`
--

CREATE TABLE `data_crawling` (
  `id_crawling` int(10) NOT NULL,
  `username` varchar(50) COLLATE utf8mb4_bin DEFAULT NULL,
  `tweet_id` varchar(50) COLLATE utf8mb4_bin DEFAULT NULL,
  `tweet` mediumtext COLLATE utf8mb4_bin,
  `tgl_tweet` date DEFAULT NULL,
  `status` enum('0','1') COLLATE utf8mb4_bin DEFAULT NULL COMMENT '0 = data training, 1 = data testing',
  `proses` enum('0','1') COLLATE utf8mb4_bin DEFAULT NULL COMMENT '0 = belum diproses, 1 = sudah diproses',
  `id_sentimen` int(10) DEFAULT NULL
) ENGINE=InnoDB DEFAULT CHARSET=utf8mb4 COLLATE=utf8mb4_bin;

--
-- Dumping data for table `data_crawling`
--

INSERT INTO `data_crawling` (`id_crawling`, `username`, `tweet_id`, `tweet`, `tgl_tweet`, `status`, `proses`, `id_sentimen`) VALUES
(9226, 'n2xang', '1126294201438654465', 'baru aja buka rek @BankBCA  lewat handphone, ternyata memang semudah iklannya.. 😂😇😇😇', '2019-05-09', '0', '1', 1),
(9227, 'eleveninjanuary', '1123215314718605312', 'Sangat diuntungkan dengan tarik tunai tanpa kartu dari @BankBCA ❤️❤️❤️❤️❤️', '2019-04-30', '0', '1', 1),
(9228, 'limacellular', '1123152724982239232', '@BankBCA apakah upgrade dari jenis tabungan Tahapan Xpresi ke Tahapan Gold bisa dilakukan ?', '2019-04-30', '0', '1', 1),
(9229, 'rafidazizi', '1123144905138696192', '@BankBCA Kan saya berusaha login kembali min, nah itu kalo nggak koneksi internet tidak terhubung, ya gagal min. Padahal pada saat itu koneksi internet saya stabil ‘banget’. \nTerus sempet ada pemberitauan disuruh ke CS Bank. \nMohon maaf gambarnya tidak ada karena kemarin.', '2019-04-30', '0', '1', 3),
(9230, 'aalsya', '1123097038684450816', 'Mau transfer via BCA mobile dari pagi susah banget, lagi eror kah?  @HaloBCA @BankBCA', '2019-04-30', '0', '1', 3),
(9231, 'aanziboy', '1123082963397165057', '@BankBCA sudah, langsung setelah sadar kecopetan, siang langsung ke BCA ga pake ribet kartu atm BCA baru langsung terbit 👍🏼', '2019-04-30', '0', '1', 1),
(9232, 'therealameld', '1123044133638033410', '@bankmandiri @BankBCA haha gua sering trf bca ke mandiri kasus kaya gni, masa yg disalahin bank gw? kan gw yg kluar duit?? scr ga langsung emg konfirm dong ya bank lo bermasalah!?', '2019-04-30', '0', '1', 3),
(9233, 'Joria41342893', '1125974965231050752', '@BNI @BNICustomerCare Halo #BNI saya ngambil uang dari ATM BNI , uang tidak keluar tapi saldo terpotong, an.jojor erika ambarita, udah 1 bulan sejak melapor uang belum dikembalikan juga, padahal katanya 14 hari kerja, tolong dong di respon cepat..', '2019-05-08', '0', '1', 3),
(9234, 'cromtiyan', '1122910739117641729', '@BankBCA min mau tanya. transaksi lewat bca mobile itu ada biaya pulsa-nya nggak sih? atau hanya modal koneksi internet saja? terima kasih.', '2019-04-29', '0', '1', 3),
(9235, 'BagusRomdonS', '1122833674024521728', '@BankBCA karena di gopay saya tidak di terima.  Dan notifikasi pun tidak ada jangan sampe di suruh lempar2 gini min', '2019-04-29', '0', '1', 2),
(9236, 'SONIAWISASTRA', '1122826820045271040', '@BankBCA ini Mobile Banking error???? Minta aktivasi lagi masa, gagal mulu', '2019-04-29', '0', '1', 2),
(9237, 'BagusRomdonS', '1122782813697167360', '@bankbca selamat siang tadi pagi saya melakukan transaksi transfer dari m-banking bca untuk ke gopay dengan dua kali transaksi keduanya keterangan \"PENDING\" https://t.co/7Vll97YPvp', '2019-04-29', '0', '1', 3),
(9238, 'ifan_sihotang', '1122743071261593600', 'Isi saldo Gopay @gojekindonesia dari MBanking @BankBCA tiba2 saldo BCA Kepotong Saldo Gopay ngga nambah. Pls bantu min..', '2019-04-29', '0', '1', 3),
(9239, 'emi_gunasti', '1122741327270039552', '@BankBCA Terima kasih @BankBCA atas bantuan nya  saldo saya sdh kembali ke rekening saya lagi', '2019-04-29', '0', '1', 1),
(9240, 'Desyecol_', '1122737568796164096', 'Kadang suka kesel sama diriku sendiri yagini, keluar rumah lupa bawa dompet + gak pegang cash samsek. Ya oke, aku bisa tarik tunai cardless transaction.\n\nDan lebih paitnya lagi m-banking hari ini lagi eror, oh gosh 😓\n\n@BankBCA sampe kapan ini maintenancenya ya min?', '2019-04-29', '0', '1', 2),
(9241, 'oky409c', '1122730380304338944', '@BankBCA KCU tuban antrinya lemot bgt.. teller banyak yg closed..', '2019-04-29', '0', '1', 2),
(9242, 'gammacerane', '1122729801020661760', '@BankBCA @HaloBCA @GoodLifeBCA 1 jam twitter gak dibales. nelp cs 1500888 jam 1 jam diangkat2. #unhappycustomer!!!', '2019-04-29', '0', '1', 2),
(9243, 'deviarst_', '1122729798059433984', '@BankBCA min saya mau mendaftarkan nomor tujuan transfer baru lewat mbanking tapi gak bisa. Padahal pulsa masih ada, nomor tujuan juga sudah benar', '2019-04-29', '0', '1', 3),
(9244, 'ParamithaGalih', '1122725652916891648', '@BankBCA mobile banking kenapa hari ini menyebalkan yah?? Sy dr td mau trf ga bisa2, mau daftar no rek pun ga bs 😤😤😤😤', '2019-04-29', '0', '1', 2),
(9245, 'mrssunshine1111', '1122721543505661952', '@BankBCA Saya sudah punya rekening, bikinnya lewat mobile bca. Tapi saya blm dapat kartu dan mau buat kartu. Apakah saya bisa langsung ke kcp terdekat atau gimana?', '2019-04-29', '0', '1', 3),
(9246, 'etanto79', '1122719784292892672', '@bank_indonesia Terima kasih atas jawabannya. Tapi sayang pihak penerbit kartu terkesan melakukan ping pong kepada nasabah. Baru setelah @bank_indonesia dan @ojkindonesia ditag, mereka baru ada jawaban dan tindakan. Mungkin pihak bank penerbit juga harus diberikan arahan. @BankBCA @HaloBCA', '2019-04-29', '0', '1', 1),
(9247, 'Alfaa_a', '1122707162449342464', '@BankBCA Ok makasih info sama sarannya min', '2019-04-29', '0', '1', 1),
(9248, 'emi_gunasti', '1122706821381120000', '@ovo_id @BankBCA @ovo_id  kenapa tidak cepat tanggap dengan permasalahan saya  padahal urgent    jadi worry kedepan mau pakai @ovo_id', '2019-04-29', '0', '1', 2),
(9249, 'Alfaa_a', '1122700826835709952', '@BankBCA min internet banking lagi ada masalah kah? Saya tf sama beli pulsa. di mutasi rek saya liat saldo saya kepotong tapi pulsanya engga dateng sama uang tfnya engga kekirim', '2019-04-29', '0', '1', 3),
(9250, 'Ismahanifa', '1124540675402297345', '@BankBCA KlikPay gimana caranya saya coba tadi kok cuma ada Garuda Indonesia aja di daftar perusahaannya', '2019-05-04', '0', '1', 3),
(9251, 'emi_gunasti', '1122698320286076928', '@ovo_id  saya barusan top up via atm @BankBCA  100.000 tapi kenapa  saldo tidak bertambah bantu cek saldo saya sdh terpotong https://t.co/svQhOvr2UB', '2019-04-29', '0', '1', 3),
(9252, 'mrssunshine1111', '1122690491101794305', '@BankBCA Min, saya sudah punya tabungan expressi dan mau bikin kartu atm, tinggal datang ke kantor cabang terdekat kah?', '2019-04-29', '0', '1', 3),
(9253, 'rizalakbar', '1122687340772675589', '@HaloBCA @BankBCA halo BCA.. pagi ini saya mau transfer ke virtual account selalu gagal, baik melalui M-Banking maupun melalui KlikBCA. mohon info perkiraan perbaikannya selesai kapan ya? https://t.co/LCvmUVQDeZ', '2019-04-29', '0', '1', 3),
(9254, 'ndrnutz', '1122682918998949888', 'Internet Bankin BCA, M-Banking BCA, pokoknya semua yang online-online lagi pada eror ya? @BankBCA', '2019-04-29', '0', '1', 3),
(9255, 'daden_gaz', '1122674730559893504', '@BankBCA apakah internet banking sedang gangguan', '2019-04-29', '0', '1', 3),
(9256, 'ade89n', '1122673485665296384', '@BankBCA sudah dicoba dengan mobile data, masih tidak bisa', '2019-04-29', '0', '1', 3),
(9257, 'rizyan_', '1123954670513291264', '@BankBCA apakah di bank BCA bisa ngambil western union pakai LULU exchange?', '2019-05-02', '0', '1', 3),
(9258, 'helmisr', '1123954010715820034', '@BankBCA Dan jam pulang kantor saya jam 5,hari libur nya sabtu minggu', '2019-05-02', '0', '1', 3),
(9259, 'TerrorXcape', '1123922847540367360', '@BankBCA Aku suka promo diskon voucher top up steam wallet min, steam itu semacam platform yg nyediakan game, jd kita bs beli game dan item disana, ayodong BCA kasih aku promo 70% heheheh', '2019-05-02', '0', '1', 1),
(9260, 'TerrorXcape', '1123875434398089217', '@BankBCA Wow! Sama\" admin, saya sudah 6 tahun jadi nasabah BCA, sudah termasuk setia lah ya itu 😅', '2019-05-02', '0', '1', 1),
(9261, 'helmisr', '1123861552166252546', '@BankBCA apakah pengambilan kartu yang sedang di cetak namanya bisa di wakilkan?', '2019-05-02', '0', '1', 3),
(9262, 'TerrorXcape', '1123766163392090112', 'Makacii bank kesayanganku @BankBCA telah memberikan mesin ATM yg hits n gaul bingitsszz, bisa dipake mirror selpi lho, ini salah satu bentuk @XpresiBCA q agar hidupku menjady @GoodLifeBCA 👌🏻 https://t.co/XtUTVRLxLg', '2019-05-02', '0', '1', 1),
(9263, 'indrajati47', '1123042305122766853', '@BankBCA selamat pagi min,\nMohon di bantu.\nSaya nggak bisa login klik bca,\nMungkin kena block karena beberapa kali salah masukin kode token.\nTerimakasih', '2019-04-30', '0', '1', 3),
(9264, 'ifan_sihotang', '1122740293088923649', '@gojekindonesia Beli gopay dari Mbanking @BankBCA saldo kepotong, saldo Gopay blm muncul ? Pls bantu dong.', '2019-04-29', '0', '1', 3),
(9265, 'mr_bonbon_2404', '1124110453506859008', 'Hai @BankBCA kenapa gagal transfer via bca mobile @XpresiBCA cc @HaloBCA', '2019-05-03', '0', '1', 3),
(9266, 'Amby_grb', '1124108272733184000', '@HaloBCA pagi ini BCA mobile ga bisa transfer, \"transaksi gagal\"\n\napa ada masalah @BankBCA ???', '2019-05-03', '0', '1', 3),
(9267, 'verent_79', '1124603864219435013', '@BankBCA \nHallo bca \nUntuk transaksi di merchan yg tidak ada logo cicilan bca apakah\nBisa di ubah jadi cicilan?', '2019-05-04', '0', '1', 3),
(9268, 'Ismahanifa', '1124547168319107072', '@alvinanovidya @XpresiBCA @BankBCA @KAI121 Hooh baru tahu biasanya mbanking BNI pas nyobain BCA naha lieur huhu jadi lari ke ATM soalnya sisa dikit kursinya -_-', '2019-05-04', '0', '1', 3),
(9269, 'okearrie', '1124543764628770817', '@BankBCA siang min mau tanya. Nomor telpon yang bisa dihubungi untuk pengaduan gangguan mesin Edc berapa ya ?\nSaya dari td telpon ke nomor 1500778 via handphone tapi tidak bisa tersambung.', '2019-05-04', '0', '1', 3),
(9270, 'AfifahFirayama', '1124512475641028608', '@BankBCA selamat pagi min, maaf mau nanya. Apakah kartu tahapan BCA Expresi tidak dapat dijadikan kartu debit pd pembayaran iTunes ? Soalnya saya masukin no kartu BCA Expresi ke payment di iTunes, katanya invalid. Begitu jg di aplikasi Dana/TixID', '2019-05-04', '0', '1', 3),
(9271, 'arisyud', '1124471656708108288', '@HaloBCA di daerah saya belum ada kantor @BankBCA apakah proses pembukaan rekening baru cukup di aplikasi BCA mobile saja? Tanpa harus datang ke kantor ?', '2019-05-04', '0', '1', 3),
(9272, 'adnfi', '1124494371146031104', 'Minta m-token iB  @BANKBRI_ID  lamanya bukan main, ketika sms itu tiba transaksi sudah kadaluarsa. Mohon diperbaiki kualitas layanannya', '2019-05-04', '0', '1', 2),
(9273, 'arvias27', '1124313515219488768', '@BankBCA untuk kartu debit bca masa aktifnya sampai brp lama ya jika saldo 0? Punya saya sdh lebih dr 6 bulan', '2019-05-03', '0', '1', 3),
(9274, 'diesteen', '1124275924931792896', '@BankBCA Belum.. kecewa saya karena tidak bisa solve problem saya', '2019-05-03', '0', '1', 2),
(9275, 'diesteen', '1124204173099069440', 'Dari jam 8 pagi sampe sekarang belom bisa juga customer service nya katanya offline @bca @BankBCA payah banget', '2019-05-03', '0', '1', 2),
(9276, 'musthofamarzuqi', '1125634428808491009', 'Internet banking dari tadi error sampe sekarang min @BankBCA @HaloBCA', '2019-05-07', '0', '1', 3),
(9277, 'agnesyunitas', '1125603114013167616', 'Telepon 4x cuma teasing pas sambung eh bilangnya cm telp 1x dipikir saya ini bodoh atau gimana.. Tersinggung banget.. Ini pas saya terkapar dikasur sakit.. Ga lucu main telp macam ini.\n@HaloBCA @BankBCA @BANKBCA_ID @ojkindonesia @e100ss @lapor https://t.co/eIvRP8fqkH', '2019-05-07', '0', '1', 2),
(9278, 'agnesyunitas', '1125603100046184451', '@HaloBCA @ojkindonesia @BankBCA @BANKBCA_ID @e100ss\nMengganggu sekali. Tolong diinfokan ke BCA Life untuk tidak menghubungi saya lagi. Ga punya etika bohong pula, mau nawarin apapun siapa mau percaya. https://t.co/fbHBkKZv26', '2019-05-07', '0', '1', 2),
(9279, 'caldervilia', '1125597495189311488', '@BankBCA selamat siang. Saya ada transaksi dgn cc di Jepang di hari minggu kmrn. Tp knp sampai hari ini blm ada recordnya di internet banking saya ya? Biasanya butuh brp lama sampai ter-record? Thanks', '2019-05-07', '0', '1', 3),
(9280, 'bekicotngesot', '1125582013879046144', '@BankBCA Jenis kartunya bebas apa aja min? Bukan kartu tertentu aja kan?', '2019-05-07', '0', '1', 3),
(9281, '_leochenko', '1125450539037106180', '@fxmario Ga terbantahkan. CS @BankBCA tuh bener2 bantu, sampai form2 juga diisiin, tau jadi aja kita sebagai customer, ga kayak CS bank2 BUMN @BNI @mandiricare .', '2019-05-06', '0', '1', 1),
(9282, 'eveevaEVA', '1125361569431343104', 'Saya beli pulsa andromax @smartfrencare pagi hari ini tgl 6/5 sebesar 25rb lewat mbanking @BankBCA . Namun sore ini kuota utama langsung habis padahal tidak ada buka content internet yg berarti. biasanya kuota bisa dipkai 3 harian. bisa dijelaskan ??? https://t.co/MBygUy6sCY', '2019-05-06', '0', '1', 3),
(9283, 'haekalasyraf', '1125325422055440384', '@BankBCA Kalau mau membuka blokir kartu kredit yg dlu pernah minta diblokir krn digunakan orang lain, gimana caranya min?.', '2019-05-06', '0', '1', 3),
(9284, 'vtdewi', '1125306048678514688', '@BankBCA siang admin, kok saya login account mbanking nggak bisa ya? Verifikasi sms selalu gagal, pdhl pulsa ada.', '2019-05-06', '0', '1', 3),
(9285, 'Bas_Eagles', '1125305054288699393', '@BankBCA siang min..mau tanya jadwal operasional kantor cabang BCA slama bulan puasa', '2019-05-06', '0', '1', 3),
(9286, 'DadanHam1311', '1125292000759111681', '@XpresiBCA @HaloBCA @BankBCA apakah xpresi bca bisa dijadikan debet untuk pembayaran bpjs? Karena pas daftar bpjs harus ada fc buku tabungan', '2019-05-06', '0', '1', 3),
(9287, 'hwasabiyah', '1126131613056716803', '@BankBCA @HaloBCA @XpresiBCA halo min, saya mau transfer dari BCA ke BTPN via mobile banking kok nggak bisa terus ya malam ini. apakah sedang ada gangguan saat ini? thanks', '2019-05-08', '0', '1', 3),
(9288, 'mc_giper', '1126297282717016064', '@BankBCA kalo untuk yg pendebetan, yg dikenakan biaya itu setiap pendebetan atau mulai pendebetan ke 5?', '2019-05-09', '0', '1', 3),
(9289, 'Simsimy3', '1123235047748673537', '@BankBCA Hai kak mohon balas dm ya kakk terima kasih 🙏🏻🙏🏻🙏🏻', '2019-04-30', '0', '1', 1),
(9290, 'mc_giper', '1126290030178197504', '@BankBCA min mau tanya, untuk mendapat kartu ATM saat pembukaan rekening TabunganKu di BCA apakah ada minimal setoran awalnya? Soalnya saya baca di web tidak ada keterangan setoran awalnya', '2019-05-09', '0', '1', 3),
(9291, 'DRAkbar87', '1126758270553608194', '@HaloBCA @BankBCA apakah hari ini di bank BCA diperkenankan untuk tukar uang baru?', '2019-05-10', '0', '1', 3),
(9292, 'emywidya', '1126681740112609280', '@BANKBCA_ID @BankBCA @HaloBCA halo bank bca kenapa ya rekening saya bisa kedoublean dengan orang lain?mohon infonya.', '2019-05-10', '0', '1', 3),
(9293, 'indahcpsreal', '1126477859025899521', 'Min, kl token BCA hilang, apa yg harus saya perbuat? @BankBCA @HaloBCA', '2019-05-09', '0', '1', 3),
(9294, 'DadanHam1311', '1127848779317559296', '@XpresiBCA @HaloBCA @BankBCA puas dengan pelayanan bank BCA KCU Cianjur jl. Mangunsarkoro, petugasnya ramah2 semuanya, ditambah bikin rekening lagi dilayani dg baik, plus bisa pakai foto untuk jenis tabungan Xpresi BCA, jadinya unik ni kartu 😁😁😁 https://t.co/ch2kiTUxs8', '2019-05-13', '0', '1', 1),
(9295, 'yayuyuniar', '1127793640518995968', 'Antrian @BankBCA bergerak lambat setiap 1 nasabah 25 menit. Sayang ganti kartu hilang tidak bisa lewat @HaloBCA Sementara dg layanan digital hitungannya menit saja. https://t.co/6uIs8YKOPI', '2019-05-13', '0', '1', 3),
(9296, 't_s_jonn', '1127694602369036288', 'Min @HaloBCA @BankBCA tny dong, apakah penukuran uang baru sdh bisa dilakukan d KC BCA Sidoarjo? S&amp;K gmn? Tks', '2019-05-12', '0', '1', 3),
(9297, 'cummmialexis', '1127449295970390016', 'Kalau sesama bank BCA,transfer tetapi yg d transfer berada d luar negeri d USA apakah akan masuk di hari yang sama?kebetulan suami berada di sana @BankBCA @HaloBCA', '2019-05-12', '0', '1', 3),
(9298, 'ardikusumo27', '1127441904931442689', '@BankBCA gimana cara ajuin cc BCA @HaloBCA @KartuKreditBCA ???', '2019-05-12', '0', '1', 3),
(9299, 'DRAkbar87', '1126758270553608194', '@HaloBCA @BankBCA apakah hari ini di bank BCA diperkenankan untuk tukar uang baru?', '2019-05-10', '0', '1', 3),
(9300, 'emywidya', '1126681740112609280', '@BANKBCA_ID @BankBCA @HaloBCA halo bank bca kenapa ya rekening saya bisa kedoublean dengan orang lain?mohon infonya.', '2019-05-10', '0', '1', 3),
(9301, 'agnesyunitas', '1125603114013167616', 'Telepon 4x cuma teasing pas sambung eh bilangnya cm telp 1x dipikir saya ini bodoh atau gimana.. Tersinggung banget.. Ini pas saya terkapar dikasur sakit.. Ga lucu main telp macam ini.\n@HaloBCA @BankBCA @BANKBCA_ID @ojkindonesia @e100ss @lapor https://t.co/eIvRP8fqkH', '2019-05-07', '0', '1', 2),
(9302, 'agnesyunitas', '1125603100046184451', '@HaloBCA @ojkindonesia @BankBCA @BANKBCA_ID @e100ss\nMengganggu sekali. Tolong diinfokan ke BCA Life untuk tidak menghubungi saya lagi. Ga punya etika bohong pula, mau nawarin apapun siapa mau percaya. https://t.co/fbHBkKZv26', '2019-05-07', '0', '1', 2),
(9303, 'fira2104', '1128485040449417217', '@HaloBCA @BankBCA Seperti ini maksudnya mba/mas :) (ngambil definisi dari bank sebelah) https://t.co/EymXruKCjT', '2019-05-15', '0', '1', 3),
(9304, 'nguraheka', '1128230895389900800', '@HaloBCA mohon infonya berapa biaya jika transfer dari teller @BankBCA ke rekening Bank of China, Hong Kong? Dan uang transferan kita sampai dalam waktu berapa hari? Terima kasih.', '2019-05-14', '0', '1', 3),
(9305, 'fira2104', '1128150950714249217', 'Tergoda mindahin tabungan dari BCA ke Jenius, asik banget ternyata Jenius. Karna seribet itu mau transaksi etc ternyata gabawa token. Yawla @BankBCA @HaloBCA kapan nih inovasinya ke digital tokenn?', '2019-05-14', '0', '1', 3),
(9306, 'viriedity', '1123500790063124480', '@BNI Halo, bagaimana cara update balance Tapcash dari pending topup? Saya ke ATM BNI tadi tapi tidak ada pilihannya. Terima kasih.', '2019-05-01', '0', '1', 3),
(9307, 'amirulmum_', '1123496659420192768', '@BNI mau tanya, cara tarik tunai pakai kartu atm bni di malaysia caranya gimana ya? Makasi', '2019-05-01', '0', '1', 3),
(9308, 'Novi32824956', '1123495915342286849', '@BNI atm saya tertelan di mesin atm lain itu ngurusnya gimana ya', '2019-05-01', '0', '1', 3),
(9309, 'OpeckDown', '1123949195281485824', '@BNI Saldo saya terpotong ke top up chanel knpa bisa gimana solusinya', '2019-05-02', '0', '1', 3),
(9310, 'bhismaadi01', '1123941962929844224', '@BNI Trmksh sudah di reply, untuk saat ini mbanking saya sudah normal kembali. Trmksh', '2019-05-02', '0', '1', 1),
(9311, 'widodo_amrih', '1123929635723649025', '@BNI terima kasih untuk responnya ..... 🙏', '2019-05-02', '0', '1', 1),
(9312, 'pak_priyo', '1123917065453277184', '@BNICustomerCare @BNI apakah setoran iuran DPLK SIMPONI BNI bisa ditransfer langsung dr bank lain? misal dr BRI, jd sya tdk perlu lg datang k kantor BNI utk setor iuran.', '2019-05-02', '0', '1', 3),
(9313, '4zisn', '1123908208626675712', '@BNISyariah @mudahpecahh @BNI Assalamualaikum min,...\nMau tanya, klo KTP daerah mau buka rekening BNI Syariah di Jakarta bisa ga ya...', '2019-05-02', '0', '1', 3),
(9314, 'amas_maulana', '1123889434188046336', 'kapok la pakai bank @BNI \ncukup terakhir transaksi ini....\n\nselesai masalah ini,patahkan terus kartu atm nya.', '2019-05-02', '0', '1', 2),
(9315, 'heccimnoob', '1123888458613833728', '@BNI halo, tadi saya top up ovo via mobile bni ngga bertambah saldo ovonya. Itu ngga bisa ditarik lagi ya?', '2019-05-02', '0', '1', 2),
(9316, 'lodypst', '1123888264237154304', '@bni @BNICustomerCare siang mau tanya utk transaksi menggunakan bni debit garuda supaya pertransaksi 50.000 dapat miles harus ada saldo mengendap minimal 5juta?', '2019-05-02', '0', '1', 3),
(9317, 'VhyandAan', '1123886061615243270', '@BNICustomerCare @BNI Mlm,,tdi sy transaksi di atm ,trus saldo sy  terpotong,,uangnya gak keluar,,', '2019-05-02', '0', '1', 2),
(9318, 'AdeWahy26318071', '1124454635991756801', '@BankBCA @mamemott Pengajuan limit kartu tidak pernah di acc saya sudah pake kartu cc sudah hampir 5 tahun dan pembayaran lancar tetapi tidak naik\" limit nya.. payah sekali BCA klw sampai setahun ini ga naik juga saya lebih baik ke bank lain aja.', '2019-05-03', '0', '1', 2),
(9319, 'febyarv', '1124685841492611075', '@BANKBRI_ID kenapa juga sy tf trs saldo sy kepotong tp blm masuk juga? Transaksi antar bank lain, Kenapa sayang km kok PHP banget siiih... sedih akutuh 😶', '2019-05-04', '0', '1', 2),
(9320, 'Key____19', '1124324248682504192', '@BNI @BNICustomerCare Melakukan setor tunai via atm tunai uang masuk mutasi saldo tidak masuk.. Harus nunggu 14 hari utk penyelesaian.. Blm beres kasus yg pertama barusan melakukan penarikan via atm uang tidak keluar tapi saldo terpotong... Ohh BNI ada apa denganmu... Mhn utk ditingkatkan kualitasnya.', '2019-05-03', '0', '1', 2),
(9321, 'RHShinobi', '1124237543430483968', 'Sore @BNICustomerCare  &amp; @BNI apakah pembayaran Virtual Account mengalami gangguan? , karena sejak tadi selalu tidak bisa dibuat bayar tagihan VA', '2019-05-03', '0', '1', 3),
(9322, 'bangjemmes', '1124231025112928257', 'BNI mobile bikin duit gw kedebet 2 kali dalam 1 aplikasi transfer. Kok bisa gitu yaa ? Tolong diperbaiki lagi mobile BNI nya min... Saya sudah cinta BNI nih... @BNI huft', '2019-05-03', '0', '1', 2),
(9323, 'brnpratama', '1124229076057649153', '@BNI Kemaren sekitar jam 14.50 saya ambil uang di atm bersama (bri karangpelem), uangnya ga keluar tapi saldo terpotong.', '2019-05-03', '0', '1', 3),
(9324, 'dwitamasilvi', '1124226065512034304', '@BNI kak, saya isi saldo LinkAja via bni mobile td pagi jam 6, tp sampe skrg belum masuk, saya sudah konfirmasi ke Tsel hasilnya nihil. ada gangguan dr BNI kah?', '2019-05-03', '0', '1', 3),
(9325, 'CountAndi', '1124225246330933248', '@BNI Baik kak, terima kasih', '2019-05-03', '0', '1', 1),
(9326, 'Rokim_ocim', '1124642048009621505', 'Sore min @BNI ... Boleh minta alamat email BNI credit card. Thanks', '2019-05-04', '0', '1', 3),
(9327, 'enhuza', '1124626945164005376', 'Proses komplain, report, dsb.. Harusnya bisa dibikin lebih mudah. Meski saya kira semua bank pasti sama, tapi sama BNI ntah ini udah yang ke berapa kali nya komplain kek gini. Prosesnya lamaaa sekali.\n@BNICustomerCare @BNI', '2019-05-04', '0', '1', 2),
(9328, 'enhuza', '1124626367147008000', 'Isi pulsa lagi, nelepon lagi, yang ngangkat customer service yang beda, otomatis semua proses dimulai dari awal lagi, input norek, nomor buku tabungan, dll.. Lama lagi.. @BNI @BNICustomerCare \nSampe abis lagi pulsa, dan belum selesai juga reportnya. Nyusahin.', '2019-05-04', '0', '1', 2),
(9329, 'enhuza', '1124625853311111168', '@BNI Nelpon ke @BNICustomerCare selaluuu respon dan prosesnnya lama. Sampe pulsa habis duluan, padahal udah diisi dulu sebelumnya sengaja supaya bisa selesai. Tetep aja pulsa gak cukup.\nDi jaman yang serba mudah kek sekarang, harusnya yg kaya gini2 juga bisa dibikin lebih simple.', '2019-05-04', '0', '1', 2),
(9330, 'zwestykrisan', '1124625040291459072', '@BNI saya baru berganti hp dan ingin mengaktifkan kembali aplikasi bni mobile dr hp lama ke hp baru. Tp stelah sy ikuti step2 aktivasi dan memasukkan MPIN yg lama, kok ditolak ya? Mohon bantuan. Apakah utk aktifkan di hp baru, MPINnya hrs diubah ke baru,?', '2019-05-04', '0', '1', 3),
(9331, 'enhuza', '1124614415440011264', '@BNI mau tanya, barusan saya mau transfer via m banking. Pas cek saldo tetiba gak ada, liat riwayat transaksi ada transaksi yang sama sekali tidak saya ketahui. Kemungkinan besar itu kena hack atau gimana ya?', '2019-05-04', '0', '1', 3),
(9332, 'suryaS44', '1124931631939063808', '@BNI apakah untuk penangganan atm terblokir harus ke bank langsung?', '2019-05-05', '0', '1', 3),
(9333, '_ariffahmi', '1124929235439587328', 'Parah @BNI ini, aplikasinya gak genah. Ini entah ngebug atau apa, padahal gak pernah ganti hp. Terus gimana ini cabang hari ini kan tutup? @BNICustomerCare haduh. https://t.co/QGsfHf1uUJ', '2019-05-05', '0', '1', 2),
(9334, 'Okiegun', '1124921887539097601', '@BNI Gak ketelen woiii , tpi ilang. Bs bantu pemblokiran?', '2019-05-05', '0', '1', 2),
(9335, 'fm_faris', '1125255460557291521', '@BNI kok saya transfer ke bluepay tidak masuk ya saldonya?', '2019-05-06', '0', '1', 3),
(9336, 'Ryansahrani', '1125244705116119040', '@BNI selamat pagi min, mau tanya untuk konversi dari taplus kuda ke taplus persyaratannya apa saja ? Apakah ada biaya tambahan ? Thanks.', '2019-05-06', '0', '1', 3),
(9337, 'pandufrtna', '1125712134120165377', '@BNI Blokirannya masa belum dibuka juga, udh 2 bulan. Telp call center bilang gabisa. Dtg ke cabang terdekat gabisa jg. @BNICustomerCare', '2019-05-07', '0', '1', 3),
(9338, 'djakaadiwinata', '1125670410970812416', '@BNICustomerCare @BNI @BNISyariah siang tadi saya setor tunai, uang sudah masuk dan keluar struk. tapi saldo tidak bertambah. gimana ini?', '2019-05-07', '0', '1', 3),
(9339, 'trithunders', '1125660741111955456', 'Dah mau 1jam.. di kantor @BNI kantor pusat cabang jakarta pusat aja antrinya lama apalagi cabang pedalamannya ya... Dr 6cs buka cuma 4 😴 @BNICustomerCare https://t.co/dVkdD3OfKE', '2019-05-07', '0', '1', 2),
(9340, 'Lasuardi', '1125643620432744449', 'dear @BNI @BNICustomerCare , apakah terjadi gangguan dengan internet banking BNI? karena dari tadi saya tidak dapat login menggunakan 3 browser yang berbeda. \nSelalu keluar 404 File Tidak Tersedia / File Not Found setelah login.', '2019-05-07', '0', '1', 3),
(9341, 'audidina', '1125640285810094080', 'Saya bikin laporan dari tgl 11 april sampai skrg belum ada feedbacknya @BNI @BNICustomerCare padahal dijanji maksimal 14 hari kerja yaitu 6 Mei kemarin. Sudah 4 kali telfon cs selalu bilangnya disegerakan haduuh. Fyi ini nmr laporannya 11866721666', '2019-05-07', '0', '1', 2),
(9342, 'monikegartanti', '1125626747339206656', '@BNI @BNICustomerCare Selamat siang.. Dari awal bulan Mei.. Saya tidak bisa mengakses Mobile Banking BNI.. Apakah sedang ada gangguan?.. Terimakasih', '2019-05-07', '0', '1', 3),
(9343, 'ragils_nugroho', '1125591740029685760', '@BNI tolong diperbaiki kinerja BNI , tidak jelas pelayanan custamer service BNI andounohu Kendari Sulawesi tenggara.. baru sekali kecewa dengan BNI selama bertahun tahun ini. #tutuprekeningbni saja.\n\n@BNICustomerCare', '2019-05-07', '0', '1', 2),
(9344, 'peanutscracker', '1125505841547710466', '@Raraahnj @BNI @BNICustomerCare kabarin ya kalo udh refund. aku mau tau berapa lama dia baliknyaaa..', '2019-05-06', '0', '1', 3),
(9345, 'Taphz', '1125439887379800066', '@CnataliaD @danasupport @danawallet @BNI @BNICustomerCare @ojkindonesia @YLKI_ID sama nih ... topup dana kok ga masuk, disuruh tunggu 14 hari kerja... wah wah wah', '2019-05-06', '0', '1', 2),
(9346, 'ramdhanifaiz', '1125413145013391362', '@BNICustomerCare @BNI bayangkan jika uang yg d transfer &amp; gagal trus saldonya kepotong itu untuk bayar angsuran kredit.\ntrs d suruh nunggu 14hr kerja= 3 minggu.\njadi kita di kejar2 debt collector karna kesalahan pihak lain &amp; nama kita juga jd ada catatannya.\nMANTAP SEKALI !', '2019-05-06', '0', '1', 2),
(9347, 'roseandice', '1125408144853594112', '@18autobase Kamu pake bni ? Kalo pake bni dtg aja lgsg ke bni, atau @BNICustomerCare @BNI dm aja ntr dibales tp 1x24jam', '2019-05-06', '0', '1', 1),
(9348, 'peanutscracker', '1125398680255680512', '@Raraahnj @BNI @BNICustomerCare aku itung pelaporan km blm 14 hari kerja sih, tunggu beberapa hari ini tuh..\niya nih bsk ke bank aja biar aman huhu.. semoga uang kita cepet balik', '2019-05-06', '0', '1', 3),
(9349, 'jems_edy', '1125377551134642176', '@BNI @BNICustomerCare sepertinya pertanyaan sy tdk di tanggapi, mulai saat ini jaminan penawaran dan pelaksanaan melalui bank @BNI yg ikut pelelangan dan pelaksanaan pekerjaan akan sy arahkan ke bank lain. Tks banyak.', '2019-05-06', '0', '1', 2),
(9350, 'rahmonaa', '1125353484759457795', '@BNI @BNICustomerCare Kemudian, kalau kasus seperti ini, bagaimana tindakan2 yang akan dilakukan pihak Bank untuk membantu saya melacak siapa pelaku dan mengembalikan uang saya?', '2019-05-06', '0', '1', 3),
(9351, 'HersaMilawati', '1125332622597447680', '@BNISyariah @BNICustomerCare @BNI oh gitu ya min, makasih banyak👍🏻', '2019-05-06', '0', '1', 1),
(9352, 'ghea030', '1125299577416929281', '@BNICustomerCare  @BNI \nMin mohon bantuannya dong , saya tadi tarik tunai di atm bersama di tulisan atm nya transaksi gagal tapi saldo saya berkurang , saya harus bagaimana min? Soalnya saya butuh banget uangnya', '2019-05-06', '0', '1', 3),
(9353, 'latif16937945', '1125227678435385345', '@BNI @BNICustomerCare slmt pagi min, klo sy mau buka rekening BNI di cabang Roa Malaka Jakarta Barat, di wilayah tempat sy kerja tp KTP sy KTP daerah, apakah bs? Tksh', '2019-05-06', '0', '1', 3),
(9354, '_Inndryyy', '1125040478502543365', 'saya mau top up ovo lewat mobile banking BNI, Kenapa error terus ya?? \n@BNISyariah\n \n@BNIPromo\n \n@BNICustomerCare\n \n@BNI', '2019-05-05', '0', '1', 3),
(9355, 'Lagnezmo17', '1125004368690868232', '@BNICustomerCare selamat malam .. mau tanya besok senin tanggal 6 Mei Bank BNI terutama yang di Surabaya tetap beroperasi seperti biasa kan atau libur juga seperti sekolah ? Mengingat besok kan hari pertama puasa @BNI', '2019-05-05', '0', '1', 3),
(9356, 'Siinte', '1126680039020421121', 'Berapa uang saya uda keluarin utk tlfonin cs? Tp jawabannya ttp sama disuruh sabar. Mau dibalin berapa lama sih? Sungguh kecewa! @BNI @BNICustomerCare', '2019-05-10', '0', '1', 2),
(9357, 'Siinte', '1126679478174867456', 'Itu jumlah gagal transaksi lumayan lo, coba kalo 100/200 rb mungkin saya gak ngeh. Apa emg sprti ini pelayanan BNI skrg? @BNICustomerCare @BNI', '2019-05-10', '0', '1', 2),
(9358, 'eko_as', '1126671908248776704', '@BNISyariah @BNI @BNICustomerCare \n\nMin....mau tanya....tentang transaksi transfer online antar bank....kenapa dipenerima blm sampai dananya? Padahal saya cek di mutasi sudah terdebet....mohon solusinya....tks..', '2019-05-10', '0', '1', 3),
(9359, '_AloneDevils_', '1126669470871588864', '@BNI @BNICustomerCare Mohon Bantuan Terkait Transaksi yang gagal Untuk Pembelian Voucher Prabayar namun Saldo Rekening Berkurang .. Keluhan Sudah Saya Inbox via DM', '2019-05-10', '0', '1', 3),
(9360, 'jatirtd', '1126383596355276801', '@BNI @BNICustomerCare apakah sedang ada gangguan di BNI?\nSaya coba melakukan penarikan Tunai di ATM BNI dan ATM Link tetapi tidak bisa.\nTulisannya :\n\"Maaf kartu anda tidak bisa untuk ambil uang\"', '2019-05-09', '0', '1', 2),
(9361, 'flashpackstory', '1127941570596966400', '@BNICustomerCare @BNI halo, saya hari ini melakukan transaksi menggunakan kartu kredit BNI menggunakan valas MYR. berapa nilai tukarnya hari ini bila dikonversi ke rupiah?', '2019-05-13', '0', '1', 3),
(9362, 'andypakeye', '1127929566914170880', 'Apakah bisa transfer @BNISyariah melalui teller bni non syariah ke bca ?dan apakah ada batasannya @BNI @BNICustomerCare', '2019-05-13', '0', '1', 3),
(9363, 'hasri_dimari', '1127910120304680961', '@BNI @BNI @BNICustomerCare \nMhn bantuan dan pencerahannya, apakah dimungkinkan apakah uang yg terdebet bisa kembali ke rekening saya. terimakasih. https://t.co/6eGsR4SMAO', '2019-05-13', '0', '1', 3),
(9364, 'shayasasha', '1127854408723656704', 'Mau isi saldo @ovo_id @GrabID via @BNI mobile  banking selalu muncul notif seperti ini. Mohon dibantu donk min @BNICustomerCare https://t.co/26tU4AKooc', '2019-05-13', '0', '1', 3),
(9365, 'hatta143', '1127846962122805249', '@BNICustomerCare @BNI Untuk aktivasi ulang kok susah ya? \nIni adalah kali ketiga dalam semester ini terjadi. Banyak waktu, biaya dan pikiran yang sia-sia, bahkan lewat bantuan CS BNI terdekat.', '2019-05-13', '0', '1', 2),
(9366, 'hatta143', '1127843850947416065', 'Sehari ini benar-benar tersita untuk aktivasi @BNI Mobile Banking. Kekuatiran dan kehilangan menghantui. Semua urutan dan cara dilakukan tidak berhasil. Kontak @BNICustomerCare juga tidak terhubung. Entah sungguh sibuk entah sedang trouble.', '2019-05-13', '0', '1', 2),
(9367, 'agusdojers', '1127787132427235328', 'Siang, mau tanya apakah skrg @BNI menetapkan biaya admin untuk autodebet/ pemby. manual BPJS kesehatan? Tks.\n@BNICustomerCare', '2019-05-13', '0', '1', 3),
(9368, 'Ulfiaullyfevvy', '1127772592473927680', '@BNICustomerCare @BNI maaf nih call canter nga bni bisa agak cepetan dikit nggak sih ngresponya. 2 hari lo blm diproses !!!!', '2019-05-13', '0', '1', 2),
(9369, 'agasandra', '1127766675883905029', '@bni @BNICustomerCare\nHalo saya sudah berulang kali coba kirim email selalu seperti ini. Bagaimana mungkin perusahaan Sebesar BNI email pelayanan penuh terus? Hal seperti ini hanya menghambat kinerja pelayanan', '2019-05-13', '0', '1', 2),
(9370, 'hatta143', '1127765949703118850', 'Mobile Banking @BNI benar-benar menyusahkan kerja orang. Tanggapan @BNICustomerCare sama sekali tidak relevan dan kurang membantu', '2019-05-13', '0', '1', 2),
(9371, 'rancakpisan', '1127595299021574144', '@BNISyariah min semua atm @BNI tidak bisa milih menu kenapa ya? @BNICustomerCare', '2019-05-12', '0', '1', 3),
(9372, 'AchmadPradana24', '1127540826278510594', '@BNI @BNICustomerCare @BNI selamat malam, pada tgl 11 05 2019, tepatnya kemarin. saya melakukan penarikan uang namun uangnya tidak keluar dan saldonya malah berkurang, saya sudah komplain melalui email tapi no respon, apakah email ngga berguna ya.', '2019-05-12', '0', '1', 2),
(9373, 'rosaclaudia_r', '1127498733715726337', '@BNI @BNICustomerCare Hallo, Mohon maaf bisa tolong kasih penjelasan atau solusi harus bagaimana biar bisa log in? Dari tadi seperti ini sudah saya hapus data juga tetap. Terima kasih https://t.co/CODvKG36Cr', '2019-05-12', '0', '1', 3),
(9374, 'haridiva', '1127481369641144320', 'Mau Topup @ovo_id dari internet banking @BNI selalu gagal. Mungkin @BNICustomerCare bisa membantu menjelaskan? :)', '2019-05-12', '0', '1', 3),
(9375, 'Siinte', '1127476786982543362', '@79Irascorp @BNI @BNICustomerCare Ini tumben hampir 1 bln blm ada retur apa2. Biasanya kalo ada gangguan 3 hari sdh retur', '2019-05-12', '0', '1', 3),
(9376, '79Irascorp', '1127434242378493952', '@Siinte @BNI @BNICustomerCare Nasib kita sama bu, sy juga gagal transaksi dan sdh buat laporan dr tgl 5 april tp sampai skrg blm ada retur.setiap sy tlp pasti jawabannya dlm proses terus.kecewa bgt dengan @BNI  😡', '2019-05-12', '0', '1', 2),
(9377, 'agmajoshuatheo', '1127356774883835904', 'Pagi, saya mau tanya. Saya mau login di BNI Mobile kok ada tulisan \'user anda digunakan pada perangkat lain\' itu gimana maksudnya ya? @BNI @BNICustomerCare', '2019-05-11', '0', '1', 3),
(9378, 'Menoreh_ID', '1127204530628640770', 'selamat mlm min @BNI @BNICustomerCare kartu debit bni saya sepaket dgn kartu id pegawai kemendes pdtt, lalu tertelan di mesin. Apakah bs diambil kembali tanpa hrs buat baru dan diambil dmn ya?', '2019-05-11', '0', '1', 3),
(9379, 'youainthana', '1127095516817264642', 'Sabtu siang ditelp debt collector CC @BNI yg nelp ga pake basabasi dan ga ada sopan santun, “mengingatkan” akan tagihan YG BLM jatuh tempo. Anda perlu educate SDM anda @BNICustomerCare', '2019-05-11', '0', '1', 2),
(9380, 'Fiki57504811', '1126937099305775105', '@BNI @BNICustomerCare Cara mebuat intrnet benking tanpa harus k bni bisa gk iya', '2019-05-10', '0', '1', 3),
(9381, 'dwinita26', '1126846884092321797', '@BNI @BNICustomerCare Hallo min untuk KLN di wilayah bekasi apakah bisa untuk mencairkan JHT?', '2019-05-10', '0', '1', 3),
(9382, 'SahertianYuan', '1126780264628146177', '@BNICustomerCare @BNI Selamat Sore, ijin melaporkan Mesin ATM di Stasiun Bogor bermasalah, setelah pilih transaksi layar mati https://t.co/tifQ4iCu1T', '2019-05-10', '0', '1', 3),
(9383, 'mahroes88', '1128369864836468736', '@BNICustomerCare Dear @BNICustomerCare @BNI Sampai kapan mesin ATM tersebut bisa tarik uang.\nSudah 11 hari saya adukan.\nTapi tadi sore saya coba tarik uang tetap tidak bisa.\nTolong serius tangani, padahal ini daerah IBU KOTA JAKARTA, bukan daerah terpencil.', '2019-05-14', '0', '1', 2),
(9384, 'raiyeen_', '1128257595041443840', '@BNICustomerCare @BNI saya ko ga bisa tarik tunai maupun transfer ya? apakah karena gapernah dipake rekeningnya? mohon pencerahan', '2019-05-14', '0', '1', 3),
(9385, 'ganjarsans', '1124974617943166976', '@kontakBRI tolong segera di respon,bukan hanya menjawab tggu maks 20 hari,pdhl hak saya sebagai nasabah meminta pelayanan cepat. apa pihak BRI tidak berpikir brp krugian imateril saya akibat keterlambatan yg disebabkan pihak @BANKBRI_ID @kontakBRI?', '2019-05-05', '0', '1', 2),
(9386, 'khoirunnisabekt', '1123497426227159040', 'Bete banget dong ngambil duit di atm depan kantor keluarnya uang rusak kek begini. Hey @BANKBRI_ID tolong yg kayak gini diperbaiki dong.\nSaya aja gak tega buat pakenya huft 😤 https://t.co/kV0OUDE4mD', '2019-05-01', '0', '1', 2),
(9387, 'babibubabe', '1123468463572434945', '@BANKBRI_ID , pembayaran trx bpjs di bukalapak via briva. Trx gagal, namun rekening terdebet. Gimana solusinya? Mohon infonya. Trims', '2019-05-01', '0', '1', 3),
(9388, 'alindardiantoro', '1123430255061028866', 'RT @situs_pulsa: @nuthqueen @kontakBRI Boro boro direspon @kontakBRI. Call center sibuk, kirim pesan melalui internet banking ga ada respon…', '2019-05-01', '0', '1', 2),
(9389, 'irsyadwahida', '1123426384632733696', '@BANKBRI_ID Min, dr td pagi brimo gk bs dipakai ya.. ada kendala apa ya? Awal login bs, tp gk bs transaksi. Trs keluar habis itu login gk bs. Dr pagi jam 4 sampe sekarang saya blm bs makai, teman2 saya jg bnyk yg ndak bs ini. Mohon informasinya', '2019-05-01', '0', '1', 3),
(9390, 'nuthqueen', '1123414606305607681', '@harisdark06 @situs_pulsa @kontakBRI @BANKBRI_ID Ini malah dr @kontakBRI prosesnya 20 hari kerja, sangat lama &amp; merugikan sekali.', '2019-05-01', '0', '1', 2),
(9391, 'amin_santoso796', '1123412792592048128', '@BANKBRI_ID mau konfirmasi min saya topup payfazz 5jt pakai briva saldo kepotong tp kok blm masuk ya... Amin santoso', '2019-05-01', '0', '1', 3),
(9392, 'yuli_boomers76', '1123395164448350208', 'Hallo @BANKBRI_ID saya kemarin beli pulsa listrik lewat app Brimo tp kenapa tidak ada pesan masuk buat token nya ?', '2019-05-01', '0', '1', 3),
(9393, 'DeniR7', '1125747018029158400', '@aryamilitiamen @mandiricare @bankmandiri Bayar pake @tokopedia aja dapat cashback', '2019-05-07', '0', '1', 1),
(9394, 'harisdark06', '1123391265507168256', '@situs_pulsa @nuthqueen @kontakBRI @BANKBRI_ID Bener banget bro, ane akhirnya lapor ke cabang di kota ane, disuruh tunggu 1 minggu, baru bosa di proses, ini yg salah sistem bri nya kita yg malah jadi ribet', '2019-05-01', '0', '1', 2),
(9395, 'niko221294', '1123936814790860802', '@BANKBRI_ID malam admin. Saya minta bantuannya waktu transaksi transfer via ATM Perpusnas Salemba, struknya tidak keluar min. Saya jd bingung bgmn mengirimkan bukti transfer ke penerima. Mohon bantuannya min.', '2019-05-02', '0', '1', 3),
(9396, 'Listra_Ginsu', '1123929817404071936', '@BANKBRI_ID hallo, saya nasabah bank BRI cab. Menteng... Cuman mau kasih saran.. itu kursi CS dan nasabah ada 5, to yg melayani CS nya hanya 2... Tolong di perhatikan. Biar gak ngantri lama.. terima kasih', '2019-05-02', '0', '1', 1),
(9397, 'dillah_ardilz', '1123924318612873218', '@BANKBRI_ID bingung gue tuh ngapa ATM BRI di IPB DRAMAGA buat setor tunai nya selalu aja rusak. Sumpah yaa tiap kali gue kesitu rusak muluk, pdahal lingkungan mahasiswa yg mayoritas pendatang jauh pasti butuh bertransaksi dan urgent bgt. Kesel bgt!', '2019-05-02', '0', '1', 2),
(9398, 'aydwip', '1123914222117826561', 'Malam min @kontakBRI @BANKBRI_ID kenapa kartu atm saya tiba tiba terblokir padahal seminggu sebelumnya dipake buat transaksi. Mohon penjelasanya.', '2019-05-02', '0', '1', 3),
(9399, 'chytas', '1123902001455214592', '@BANKBRI_ID sore min, saya mau tanya apa benar untuk mbanking saat ini server sedang down? Krn ada nasabah bri yg mengaku server bri lg down waktu didesak mengaku sudah transfer ke rek saya.', '2019-05-02', '0', '1', 3),
(9400, 'aziz_prasetya4', '1123852440791601152', 'Ketika saya transfer error gagal namun saldo terpotong dan uang transfer tidak masuk ke tujuan. Cc : @BANKBRI_ID @kontakBRI', '2019-05-02', '0', '1', 3),
(9401, 'Th0rOnly', '1123851874220814337', '@BPJSTKinfo Gmana @BANKBRI_ID? Apa penjelasan anda? Berarti security anda tidak Paham tentang ini??', '2019-05-02', '0', '1', 2),
(9402, 'pipitginger', '1123842220338106369', 'Min @BANKBRI_ID maksimal transfer atm simpedes berapa? Thanks', '2019-05-02', '0', '1', 3),
(9403, 'duck_bager', '1123841873179811841', '@BANKBRI_ID Apakah BRI ke mandiri transfer ada masalah? Kemaren saya transfer sampe sekarang blm masuk,apakah bisa di bantu', '2019-05-02', '0', '1', 3),
(9404, 'cendikiAWAM', '1123835700540051456', '@MisbahWiyono @BANKBRI_ID Trimakasih banyak pak dhe🙏🏻🙏🏻🙏🏻', '2019-05-02', '0', '1', 1),
(9405, 'muljati', '1123812268209332224', '@MisbahWiyono @rina_kurniasari @BANKBRI_ID Link ini dikelola ATM bersama, prosesnya dr BRI ke ATM Bersama (Artha Jasa) baru ke nasabah. Umumnya diminta buat kartu baru di cabang BRI.', '2019-05-02', '0', '1', 3),
(9406, 'leologiest', '1123785576124178432', 'disaat lg banyak pengeluaran, terus ada saldo masuk muehehehhe. thank u Bank Bri🌤️ @BANKBRI_ID https://t.co/0gEdOqvnn4', '2019-05-02', '0', '1', 1),
(9407, 'ArdityaK_', '1123800896050221056', '@BANKBRI_ID @kontakBRI TARIK TUNAI, UANG GAK KELUAR TAPI SALDO BERKURANG. SUDAH LAPORAN TAPI MASIH SURUH NUNGGU SEPULUH HARI. KALO UANG MAU DIPAKE BEROBAT APA HARUS NUNGGU SEPULUH HARI? KEBURU MATI. TOLONG RESPONNYA. BUKAN MAKIN BAIK MALAH MAKIN BURUK.', '2019-05-02', '0', '1', 2),
(9408, 'rohmad_amirudin', '1123796129563521024', '@BANKBRI_ID selamat siang min, mau menanyakan komplain transfer status gagal tapi uang sudah kepotong', '2019-05-02', '0', '1', 3),
(9409, 'ahies_hidayah', '1123787872820183042', '@bankbri @BANKBRI_ID siang miminnya BRI \nMohon dong customer servis d bri\" genteng d minta agak ramah lagi yaaa\nSerius sudah bikin gak nyaman banget sikap gak mau senyum dan mbecocongnya mereka', '2019-05-02', '0', '1', 2),
(9410, 'ar_iyaz', '1123786684984905729', '@BANKBRI_ID siang min, mau tanya utk mnggunakan layanan M-Banking apakah bisa registrasi dan aktivasi BRI mobile tanpa hrs ke kantor BRI?', '2019-05-02', '0', '1', 3),
(9411, 'DRan354', '1123808653579030528', '@BANKBRI_ID pelayananan cs di BRI CIK Ditiro Yogya lambat sekali , ini sdh hampir 2 jam, baru bergerak 11 nomer , apalagi ini nasabahnya manula 73 th, sakit. Masih harus menunggu 20 nomer lagi.\nMohon ditingkatkan pelayanannya', '2019-05-02', '0', '1', 2),
(9412, 'pribadi69', '1123779258168545285', '@kontakBRI email notifikasi transaksinya bermasalah kembali, pengecekan mutasi melalui internet banking juga gangguan, saya sudah laporkan via DM tapi belum ada respons dari cs @BANKBRI_ID mohon segera ditindak lanjuti cc @bank_indonesia', '2019-05-02', '0', '1', 3),
(9413, 'dvytlmsr', '1123763683526619136', '@BANKBRI_ID @kontakBRI Masa aktif kartu atm saya habis, dan sudah hampir 2 bulan KCP Kutabumi tidak memiliki blanko untuk memperpanjang. Apakah bank bri kesulitan untuk menyebarkan blanko pada setiap KCPnya ?? Atau sulit untuk membuat blankonya ?? \nTerimakasih :)', '2019-05-02', '0', '1', 3),
(9414, 't0lols', '1123755633021468674', '@BANKBRI_ID mas/mba, saldo my qr saya ada 28.500 dan beli pulsa dgn total 26.500. saldo saya hangus pulsa saya ngga masuk, gimana ceritanya transaksi gagal tapi duitnya melayang😩 https://t.co/sZjjoT4vYE', '2019-05-02', '0', '1', 2),
(9415, 'nurulfatonah1', '1124240493133451264', 'Terima kasih @BANKBRI_ID @kontakBRI sudah menjaga kepercayaan customer dengan menanggapi keluhan customer yang cepat dan menyelesaikannya dengan segera. #bankbri https://t.co/faiZx0iEER', '2019-05-03', '0', '1', 1),
(9416, 'hoomandust', '1124230816546967553', '@BANKBRI_ID KENAPA YAAA UDAH PINDAH PINDAH ATM TAPI TETEP GABISA TRANSFER/NGAMBIL UANG TERUS? GANGGUAN TERUS TIAP HARI 😫😫😫😫', '2019-05-03', '0', '1', 2),
(9417, 'sresnas', '1124225244883898368', '@BANKBRI_ID halo selamat sore kak. Maaf saya mau tanya, saya beberapa kali memasukkan username utk e-banking saya krn jaringan yg jelek, tp username saya tbtb kena block. Itu bagaimana ya cara mengatasinya? Terima kasih.', '2019-05-03', '0', '1', 3),
(9418, 'pilapoernomo', '1124209506152402944', '@BANKBRI_ID halo min, gimana caranya saya regustrasi BRIMo? Sementara saya sudah menggunakan BRI Moblie.', '2019-05-03', '0', '1', 3),
(9419, 'ReginaWestri', '1124166477559373825', '@kontakBRI @BANKBRI_ID @promo_BRI bagaimana cara bayar SBN ST004 via internet banking BRI? Saya tidak menemukan menu pembayaran MPN nya.trims', '2019-05-03', '0', '1', 3),
(9420, '1990_1004', '1124161369249423360', 'MAKASIH YA BRI UDAH BUANG2 WALTU SAYA CS GA ADA MENJELASKAN BAHWA SURAT KUASA CUMA BOLEH 1 HARI. GA PROFESIONAL. SELALU GA BISA DIANDALKAN DEH CS BRI @kontakBRI @BANKBRI_ID KALO BUKAN KARENA ADA URUSAN DAN KANTOR KERJA SAMA PAKE BRI GA PERNAH MAU JADI NASABAH BRI', '2019-05-03', '0', '1', 2),
(9421, 'ombas79', '1124155694062624768', '@BANKBRI_ID Selamat Pagi, Saya punya 2 buku tabungan, Simpedes &amp; BRItama, saya pakai Aplikasi BRI Mobile &amp; BRI Mo, untuk cek saldo keduanya bisa, namun untuk transaksi (transfer) hanya bisa Simpedes saja, saya ke BRI terdekat katanya hanya diboleh 1 saja yg aktif, apa benar?', '2019-05-03', '0', '1', 3),
(9422, '1990_1004', '1124148532489871361', 'Tolong dong @BANKBRI_ID @kontakBRI disediakan CS khusus untuk pengurusan kartu ATM hilang/ATM tertelan/ATM kadaluarsa/pembukaan rekening baru. Bikin lama pelayanan2 yang lainnya. Kalo CSnya banyak gak masalah. Wong ini meja CS cuma 4 keisi 2 tadi. Skrg baru 3.', '2019-05-03', '0', '1', 2),
(9423, '1990_1004', '1124146449283837952', 'Tiada paham sebuah Kantor Cabang cuma ada 2 CS yang bekerja disaat nasabah menumpuk. LUAR BIASA @BANKBRI_ID @kontakBRI', '2019-05-03', '0', '1', 2),
(9424, 'nuningrisky', '1124142342410137601', 'Saya pengguna setia @BANKBRI_ID @kontakBRI tapi sebagai nasabah saya merasa dirugikan. Jatuhnya gitu. Ntar tuhh kartu g nyampe\" kepotong libur lebaran pula. Wahhh luar biasa banget. Selama itukah pengiriman perpanjangan kartu baru?!', '2019-05-03', '0', '1', 2),
(9425, 'nuningrisky', '1124140083664211968', 'Setiap nelpon call centernya @BANKBRI_ID @kontakBRI g pernah memuaskan. Jawabannya selalu sama. \"Akan kami tindak lanjuti pelaporan Ibu\" selalu itu sampe sekarang yang katanya max 20 hari kerja kartu sampai alamat. Jatuhnya tuhh kayak dibiarkan aja lap kita', '2019-05-03', '0', '1', 2),
(9426, 'setyawatiwiwik', '1124129212799971328', 'Halo @BANKBRI_ID lokasi cdm bri di semarang di mana saja ya. Tks', '2019-05-03', '0', '1', 3),
(9427, 'indahsyam5', '1124116469762019328', '@MashudaTaufiqi @BANKBRI_ID @kontakBRI sama dengan yg saya alami.  trnsaksi 5 jta. duit belum masuk.saldo udah ke potong. udah bikin lapora.  kty paling lama 1 minggu. tlp ke callcenternuya kty 20 hari. sedangkan duit itu di butuhkan banget. kira2 duit 5 jta itu bisa balik apa tidak.', '2019-05-03', '0', '1', 2),
(9428, 'ellanymutia', '1124105870109896704', 'Hallo @BANKBRI_ID @kontakBRI tanggal 10 maret 2019 kemarin saya melakukan tarik tunai BRI via ATM Link. Uang tdk keluar tapi saldo berkurang. Saya sdh buat laporan di BRI dimana buku saya diterbitkan. Udah diproses &amp; disuruh nunggu 14 hari. Tp blm ada kejelasan smp sekarang', '2019-05-03', '0', '1', 2),
(9429, 'DediKusuma', '1124072609874882560', '@BANKBRI_ID @kontakBRI  Tiket 01419767 harusnya hari ini udah 10 hari kerja nih min, Tolong jangan mundur lagi. Gambar struk emergency dari mesin kan juga udah di email.', '2019-05-02', '0', '1', 3),
(9430, 'lamse_boen', '1123984190112976898', '@BANKBRI_ID min, saya pake britama muda, kan saldo minimum 50k (saldo saya 197k, kok saya coba tarik 100k gabisa?', '2019-05-02', '0', '1', 3),
(9431, 'edwinfandelin', '1123977881271640068', '@BANKBRI_ID gmna nh beli pulsa listrik d mesin atm kertas struk nya gk keluar ..', '2019-05-02', '0', '1', 2),
(9432, 'RiandraUdaMp', '1123965911369703427', 'Terima kasih untuk @BANKBRI_ID buat respont cepat kalian.. laporan saya udah kelar cuma dalam 1x24 jam dri rencana 21 hari (cs bilang 21hri) 👏👏👏', '2019-05-02', '0', '1', 1),
(9433, 'situs_pulsa', '1123963139517833216', '@alindardiantoro @nuthqueen @kontakBRI @BANKBRI_ID Terimakasih @BANKBRI_ID @kontakBRI. Akhirnya saldo sudah kembali tanpa harus menunggu 20 hari kerja.', '2019-05-02', '0', '1', 1),
(9434, 'iwunn', '1123778516414279685', 'gokil nih transformasi @BANKBRI_ID transfer ke sesama via mobile banking aja kena 250 perak. masihkah relevan dg simpenan pedesaan 😕', '2019-05-02', '0', '1', 2),
(9435, 'bayuachilles9', '1123773988285685766', '@kontakBRI min,sy mau tanyakan dplk bri sy yg blm cair lbh dr 2 bln. sy telp 0804xxx, 021xxx, tp ga respond. Anda di DM mnt no hp sy, akan dihub,smp skr nothing. Siap gak DPLK BRI urus nasabahnya?? jangan cm kasih no telp, suruh imel, tp telp gak direspond. @promo_BRI @BANKBRI_ID', '2019-05-02', '0', '1', 3),
(9436, 'beerudyamsah', '1124903285607899136', 'Kayanya cuma @BANKBRI_ID transfer sesama rekening kena biaya administrasi, padahal topup @linkaja bebas biaya administrasi yo cc @kontakBRI', '2019-05-05', '0', '1', 3),
(9437, 'YusniarFidiyaN', '1125430346495881217', '@kontakBRI @BANKBRI_ID tolong dong min ATM SETOR TUNAI area KOTA PASURUAN lebih dibenahi masak iyaa mesti ada begitooo! Udh setoran tunai cuman satu. lokasi di bawah:👇👇👇👇👇👇 https://t.co/DkWqeZqVR4', '2019-05-06', '0', '1', 2),
(9438, 'mhdriansyh', '1125412335835729920', '@kontakBRI cc @BANKBRI_ID mau tanya dong, perbedaan BRI MOBILE dengan BRImo apa ya ? Thanks', '2019-05-06', '0', '1', 3),
(9439, 'dikalularifin', '1125273794115919872', '@kontakBRI @BANKBRI_ID \nMaaf min, aku mau ganti pin ATM yang udah keblokir, tapi sayang rekening aku lagi dipihak bank, jadi syarat sama apa untuk mengubah kembali pin atm?', '2019-05-06', '0', '1', 3),
(9440, 'ElhanifEl', '1125271513685303296', '@BANKBRI_ID @promo_BRI @kontakBRI \nmin, sampai kapan saya gak bisa cairin cek giro saya ini ?\nkok dari pagi tadi infonya gangguan terus.\ntrims', '2019-05-06', '0', '1', 3),
(9441, 'randa_naga', '1125262970869637120', 'Halo @BANKBRI_ID @kontakBRI  mohon bantuannya segera\nSaya di trf uang olh pengirim uang tersebut sdh terkirim ke rek sy ttp tdk ada uang yg mask di rekening saya .thx', '2019-05-06', '0', '1', 3),
(9442, 'ganjarsans', '1124991326116728832', '@kontakBRI sy tdk khawatir mslh uang nya, saya juga tahu psti msk,cuman yg sya permslahkan waktu nya,kenapa hrs slama itu walopun ktnya bisa lbh cepat,krna yg saya butuhkan kpastian wkt &amp; cepatnya msk uang,sesuai dgn keterangn @BANKBRI_ID  trnsfr ke bank lain yg berbayar', '2019-05-05', '0', '1', 3);
INSERT INTO `data_crawling` (`id_crawling`, `username`, `tweet_id`, `tweet`, `tgl_tweet`, `status`, `proses`, `id_sentimen`) VALUES
(9443, 'AwwabRangga', '1125936649379041280', '@kontakBRI cc: @BANKBRI_ID \nSya ngajuin KUR di BRI Taruma jayam Bekasi,\nUdah nunggu 2 bln sejak Feb 19, kata sya kenapa ga di telpon ..\nAkhirnya tak datengin, kata bag. pinjaman (Bp Ivan) dokumen sya di tangan marketing (Bp Andi),\nLalu ketemu, lah kok suruh nunggu lagi???', '2019-05-08', '0', '1', 2),
(9444, 'vit1808', '1126054228156268544', '@BANKBRI_ID mohon agar persyaratan tidak menyusahkan nasabah,kartu ATM saya tertelan dalam mesin bukan karena salah pin,nasabah yg disuruh buat laporan polisi, Sgt mengecewakan', '2019-05-08', '0', '1', 2),
(9445, 'andarsofian', '1126326890963189760', '@BANKBRI_ID Mau konfirmasi untuk pencairan deposito diluar tanggal pencairan apakah memungkinkan? kalau iya tidak dibayar bunga atau ada penalty lain? Thank you', '2019-05-09', '0', '1', 3),
(9446, 'officialirfa', '1126318181155401728', 'Layanan CS BRI Kec. Moga sangat2 tidak memuaskan. Ada dua CS tapi satu nggak guna nasabah nunggu berjam-jam @BANKBRI_ID https://t.co/hWruLxZNhv', '2019-05-09', '0', '1', 2),
(9447, 'PocongTampans', '1126028545543757824', 'Ini bank apa kuburan yah ? Udah berhari2 di telpon gak bisa2 @BANKBRI_ID cab Ruko Roxy..  \n#badService #telpGkAdaYgaktif #bankBRI', '2019-05-08', '0', '1', 2),
(9448, 'gallinluv', '1126016651793551360', '@BANKBRI_ID halo min, tadi ibu saya transfer ke mandiri via atm bni, tapi sampai sekarang kenapa belum masuk ya uangnya? Berikut lampiran struknya https://t.co/Bvp5seB5KF', '2019-05-08', '0', '1', 3),
(9449, 'Subaida15669295', '1126009690427518976', '@BANKBRI_ID selamat siang saya sudah lakukan mutasi rekening korang ada transfer saya tidak ketahui masuk di rekening saya dan menyebabkan saldo saya minus saya sudah ke bank dan saya di suruh hub  @BANK_ID', '2019-05-08', '0', '1', 3),
(9450, 'inho_LA', '1125974738537336832', 'Admin @BANKBRI_ID  sampai kapan maintanacenya saya mau isi saldo DANA lewat mobil banking tapi tidak bisa 😪 https://t.co/eyffAFgXVq', '2019-05-08', '0', '1', 2),
(9451, 'juandw28', '1125969625039101955', '@BANKBRI_ID selamat pagi min..maaf saya mau tanya kenapa mau ganti atm yg expired harus ke bank awal buka rekening? Kenapa gak bisa dicabang lain seperti di bank lain? Lokasi saya di bekasi cikarang..thx🙏', '2019-05-08', '0', '1', 3),
(9452, 'anyadwinov', '1125968912145772546', 'Minta ampun jadi nasabah Britama Bisnis di @BANKBRI_ID mau ngeprint buku tabungan aja mpe 3 lokasi gak bisa2.. Pas di lokasi ke 3 dah ngantri di teller, eh gak bisa juga.. Skr coba antri lagi di CS. Ngeprint buku tabungan doang!!!! Ampuuunnn!!!!!!', '2019-05-08', '0', '1', 2),
(9453, 'hsb_husein', '1125967998144004098', '@promo_BRI @kontakBRI @BANKBRI_ID bagai mana cara cek poin???', '2019-05-08', '0', '1', 3),
(9454, 'SamIndonesian', '1125955690588098561', '@ObieMRA @yunartowijaya Oh elo ternyata karyawan @BANKBRI_ID. Dear BRI, kok Anda memperkerjakan orang kaya gini ya? Malu-maluin BUMN aja @fadjroeL https://t.co/FW9CasQ2ic', '2019-05-08', '0', '1', 2),
(9455, 'ditaawardani', '1126858699681611776', 'Malam min, mohon info weekend banking BRI daerah depok/jaktim/jaksel. Terima kasih @BANKBRI_ID @kontakBRI', '2019-05-10', '0', '1', 3),
(9456, 'harlylalamentik', '1126736853732716544', '@kontakBRI @BANKBRI_ID kalau mau perpanjang kartu atm apa hrs ke cabang tmpt buka rekening atau bisa di cabang lain?', '2019-05-10', '0', '1', 3),
(9457, 'satriyanegara', '1126725359771144197', '@noeruzzaman Min @BANKBRI_ID @kontakBRI @promo_BRI tlg diinfokan ke internal BRI..makasih', '2019-05-10', '0', '1', 1),
(9458, 'Ndut_1313', '1126670813585784832', '@DediKusuma @kontakBRI @BANKBRI_ID @KemenBUMN @YLKI_ID Saya malah kejadian tgl 16 bulan april disiruh tunggu sampe tanggal 17 mei.... mantep gak tuh 1 bulan. Padahal kesalahan dimesinnya.', '2019-05-10', '0', '1', 2),
(9459, 'DediKusuma', '1126647964384911360', 'Nunggu kerjanya bank @kontakBRI @BANKBRI_ID @KemenBUMN @YLKI_ID dari kertas struknya lurus cakep, sampe udah mau pudar 😏, amazing banget dah. Kejadian gagal setor ga ada 15 detik. Nunggunya hampir 15 hari dan yaudah. 😪', '2019-05-10', '0', '1', 2),
(9460, 'citapramudya', '1126642982029914112', 'Hai min cara ngecek nomor rekening BRI yg masih aktif gimana ya? Saya mau transfer ke ibu saya tp takut rekening nya udah mati. Apakah ada cara? @BANKBRI_ID @kontakBRI', '2019-05-10', '0', '1', 3),
(9461, 'harlylalamentik', '1126736853732716544', '@kontakBRI @BANKBRI_ID kalau mau perpanjang kartu atm apa hrs ke cabang tmpt buka rekening atau bisa di cabang lain?', '2019-05-10', '0', '1', 3),
(9462, 'Ndut_1313', '1126670813585784832', '@DediKusuma @kontakBRI @BANKBRI_ID @KemenBUMN @YLKI_ID Saya malah kejadian tgl 16 bulan april disiruh tunggu sampe tanggal 17 mei.... mantep gak tuh 1 bulan. Padahal kesalahan dimesinnya.', '2019-05-10', '0', '1', 3),
(9463, 'citapramudya', '1126642982029914112', 'Hai min cara ngecek nomor rekening BRI yg masih aktif gimana ya? Saya mau transfer ke ibu saya tp takut rekening nya udah mati. Apakah ada cara? @BANKBRI_ID @kontakBRI', '2019-05-10', '0', '1', 3),
(9464, 'Devsantosa_9', '1126381070838976512', 'Sudah jam 2 tapi tellernya belum ada sama sekali, ini jam istirahatnya yang panjang atau gimana ya?  @BANKBRI_ID @kontakBRI https://t.co/3BFYQ6k7Li', '2019-05-09', '0', '1', 2),
(9465, 'Pa_phie', '1128279371699998720', '@BANKBRI_ID \nMin, aplikasi BRIMo keren, sayang belum ada menu pembayaran tagihan PDAM. Lengkapi donk biar makin memudahkan customer.', '2019-05-14', '0', '1', 1),
(9466, 'bowodk', '1123489963142778880', 'Bubarkan BPJS? Wah padahal menolong sekali lho. 2 kali operasi istri senilai 30 jutaan akhirnya dicover BPJS. Sekarang tinggal gimana caranya gak telat bayar premi aja. Pake auto debet di online banking dari @bankmandiri jadi solusi', '2019-05-01', '0', '1', 1),
(9467, 'lulu16889', '1123488653156728832', '@bankmandiri Baik Pak Rady. Terima kasih atas informasinya.', '2019-05-01', '0', '1', 1),
(9468, 'winna_cemong', '1123474342803853315', '@mandiricare @danawallet @bankmandiri 21 April 2019 dengan nomor C-190421-99103-0086701.\n\nGini lah admin Seolah olah  melayani,semua proses yang anda suruh itu sudah saya lakukan,tapi emag admin nya aja yg gak ada kualitas untuk melayani\nSaya di suruh cek mutasi ke bank dan fungsinya MANDIRI ONLINE itu apa? https://t.co/VhMAR0hMLX', '2019-05-01', '0', '1', 2),
(9469, 'winna_cemong', '1123471168986583041', '@mandiricare @danawallet @bankmandiri Dan buat @danawallet\nKlw emg uang nya udah masuk ke biller anda kenapa anda masih mempersusah nasabah anda \ntinggal bilang uang nya masuk/gak kelar semua,klw sistim anda cam ini selamat anda hanya akan di pakai pas ada proma aja', '2019-05-01', '0', '1', 2),
(9470, 'WongIndonesiaOK', '1123471121918066688', 'apa @bankmandiri tdk menyediakan fitur pemberitahuan lewat SMS/Email untuk perubahan saldo baik penambahan maupun pengurangan saldo? @mandiricare', '2019-05-01', '0', '1', 3),
(9471, 'winna_cemong', '1123470792237432832', '@mandiricare @danawallet @bankmandiri Udah jelas di sini GAGAL harusnya uang saya di kembalikan klw emag di teruskan saya mw kasih bukti apa ke pihak biller,anda bilang tgl 22 udah masuk ke biller DANA saya cek di mutasi rek saya melalui mandiri online gak ada trasaksi tersebut di tgl 22 https://t.co/Fz3JxlHgLl', '2019-05-01', '0', '1', 2),
(9472, 'winna_cemong', '1123469666188517376', '@mandiricare @danawallet @bankmandiri Pesan apa yg mw saya kirimkan kembali,kemaren udah saya kirimkan udah jawab nya lama,balasanya cuman suruh cek mutasi rek,emang mandiri online ini gak ada fungsi cek mutasi rek.rasa nya semua admin sama gak ada yg berkualitas melayani nasabah', '2019-05-01', '0', '1', 2),
(9473, 'lulu16889', '1123468418135601157', '@bankmandiri Mohon bantuannya bisa minta brosur KPR Bank Mandiri? Terima kasih', '2019-05-01', '0', '1', 3),
(9474, 'HidaSyarief25', '1123465645922881536', 'Dear @traveloka &amp; @mandiricare @bankmandiri saya melakukan transaksi pembayaran pulsa di @traveloka menggunakan kartu kredit mandiri transaksi gagal &amp; pulsa tidak masuk tapi trx sudah masuk dan ada sms berhasil. Mohon bantuannya! Thanks', '2019-05-01', '0', '1', 3),
(9475, 'winna_cemong', '1123462576564785153', '@mandiricare @danawallet @bankmandiri Ini kalian sama aja berdua gak ada yg mw bertanggung jawab.\nSemoga orang pada tw aja lah gi mna sistim nya mandiri dan buat @danawallet semoga orang cuman topup hanya buat dapat promo dari anda aja,nyesal saya topup sampai 10jt klw hasilnya ribet kayak gini', '2019-05-01', '0', '1', 2),
(9476, 'winna_cemong', '1123462384864112645', '@mandiricare @danawallet @bankmandiri Saya sudah konfirmasi,tapi sampai sekarang gak ada solusi,admin mandiri bilang tgl 22 mw saya kasi mutasi tgl 22 mna ada sedangkan di mutasi di kredit tgl 21.', '2019-05-01', '0', '1', 2),
(9477, 'ivana_iph', '1123462028851597312', '@bankmandiri tolong CS nya diberi pelatihan dan SOP agar melayani dengan ramah, 2 hari lalu saya diperlakukan sperti orang bodoh di depan banyak orang. Cabang mandiri veteran dengan cs vitria. Baru kali ini sy dibeginikan sebagai nasabah.', '2019-05-01', '0', '1', 2),
(9478, 'dndddaa', '1123901333042548736', 'Top up @ovo_id dari @bankmandiri pake aplikasi mandiri online.\nKok di aplikasi mandiri online debitnya double, tp di aplikasi ovo cuma ter top-up 1kali ya?  Udh cek mutasi di atm mandiri juga debitnya double. \nKemana lari uang ter debit yg satunya?', '2019-05-02', '0', '1', 3),
(9479, 'novieWF', '1123900266250743808', '@bankmandiri , saya ada transfer dr mandiri ke rek lain, di rek mandirinya sudah terpotong saldonya ttp di rek tujuannya blm ada saldo masuk, mohon di cek ya min', '2019-05-02', '0', '1', 3),
(9480, 'NyieLa', '1123896943418183680', '@bankmandiri halo, sy mau melaporkan kegagalan setor tunai. Sy sudah beremail ke mandiri. Kira2 btuh brp lama untuk mengurus ya? Thx', '2019-05-02', '0', '1', 3),
(9481, 'Farididedo', '1123892883680108546', '@bankmandiri @mandiricare Oke terimakasih, maaf menggangu.', '2019-05-02', '0', '1', 1),
(9482, 'iskandar_haw12', '1123885949031780353', 'Hallo @bankmandiri  status transfer gagal tapi saldo terpotong .. tolong di bantu .. transaksi pakai mandiri onlain', '2019-05-02', '0', '1', 3),
(9483, 'mocharfanfauzi', '1123877383398985729', 'Saya melakukan topup emoney melalui @digibank , status berhasil saldo saya disana berkurang. Namun ketika saya update saldo melalui atm @bankmandiri maupun mandiri mobile dengan HP ber NFC saldo tidak bertambah dan ada keterangan \"no pending balance\"', '2019-05-02', '0', '1', 3),
(9484, 'asmPTRA', '1123860637438889985', '@bankmandiri Nomornya sudah terdaftar, kartu ada di sim 1 dan juga internetnya stabil dan bukan wifi.', '2019-05-02', '0', '1', 3),
(9485, 'bg_Richard', '1124241667593199616', '@bankmandiri Dari Kemarin Pagi Sampai Malam dan hari ini dari pagi sampai sore ini dicall secara terus menerus masih kurang berkala kah itu..?', '2019-05-03', '0', '1', 2),
(9486, 'chanungoucha20', '1124239552439300096', '@bankmandiri Ok terimakasih', '2019-05-03', '0', '1', 1),
(9487, 'endrudaud', '1124235466490802176', 'Mau buat rekening @bankmandiri, dtg ke cbg pasar, malah d srh ke cbg lain alasan \"cm melayani pelanggan pasar\" 👐', '2019-05-03', '0', '1', 2),
(9488, 'bg_Richard', '1124231992218767366', '@bankmandiri Dari kemarin pagi siang malam hingga sore ini lagi, call centre 14000 tidak bisa di call, gak jelas sudah!', '2019-05-03', '0', '1', 2),
(9489, 'chyntiashasya', '1124226978884739072', '@bankmandiri @mandiricare Apalagi cara panggil teler tdk sesuai urutan padahal sudah ada line masing2 sesuai jumlah setoran. Tp malah antrain diatas 25 juta yg dipanggil dulu. Mohon bisa di perbaiki lagi agar pelayannlan menjadi baik. Terima kasih. Dari nasabah mandiri', '2019-05-03', '0', '1', 2),
(9490, 'chyntiashasya', '1124226595600756736', '@bankmandiri @mandiricare dear bank mandiri saya sgt apresiasi untuk keramahan petugas tp ada masukan di kantor cabang salemba raya jakarta tdk ada no antrian &amp; tempat duduk u/ antri ke teler. Padahal awal bulan antrian pjg. Itu membuat kenyamanan bekurang.', '2019-05-03', '0', '1', 1),
(9491, 'ArlyzS', '1124224382040076289', '@bankmandiri @mandiricare  Halo Bank Mandiri, tolonglah beri pelayanan yg terbaik buat para nasabahnya. Dari semua mesin ATM tarik tunai di gerai atm mandiri mal summarecon bekasi, hanya 1 yg berfungsi. Thx https://t.co/vYJKu9vmee', '2019-05-03', '0', '1', 2),
(9492, 'chanungoucha20', '1124216826169311232', '@bankmandiri bisakah saya cek rekening melalui email min ?karena saya sedang berada diluar negri..', '2019-05-03', '0', '1', 3),
(9493, 'ForLife1795', '1124204843936051200', '@bankmandiri min info dong bank mandiri area jakarta timur yg buka di hari weekend?', '2019-05-03', '0', '1', 3),
(9494, 'Rahmat9305', '1124202996575825920', '@bankmandiri kalo saldo yg mengendapnya paling kecil dari Mandiri, Tabungan mandiri apa?', '2019-05-03', '0', '1', 3),
(9495, 'arifrofiudin', '1124193337353822208', '@bankmandiri halo min kalo atm ilang proses pembuatan barunya butuh waktu berapa lama yaa???', '2019-05-03', '0', '1', 3),
(9496, 'RATrihariyanti', '1124166842220630021', '@bankmandiri halo min, boleh minta foto brosur untuk pinjaman usaha kah? Terimakasih yaaaa', '2019-05-03', '0', '1', 1),
(9497, 'meeonggg', '1124160640946397184', '@bankmandiri maaf min saya mau tanya kan kartu kredit kakak saya nomer handphone yg buat otorisasi sudah tidak aktif, minta perbaikan ganti nomor dari hari selasa kenapa masih belum bisa ya sampai sekarang ? Katanya dua hari', '2019-05-03', '0', '1', 2),
(9498, 'ZulfanCeoZi', '1124660086784151553', '@bankmandiri sampai detik ini saya belum dapat respon laporan saya padahal tinggal 2 hari lagi', '2019-05-04', '0', '1', 3),
(9499, 'sitimaes_', '1124652479566700544', '@bankmandiri Oalah.. Jd biar pun online tetap harus ke kantor cabang ya min 😁 kirain semua stepnya bisa dgn online @DJPPRkemenkeu', '2019-05-04', '0', '1', 3),
(9500, 'lolavender2', '1124652276532989952', '@bankmandiri saya transfer antar bank kok beberapa hari terakhir tidak bisa ya?apa sedang gangguan??', '2019-05-04', '0', '1', 3),
(9501, 'shadowfaxstar', '1124645120333176832', '@mandiricard @mandiricare @pizzahut @pizzahutindones Lho koq jadi semoga beruntung, anda ini mengejek atau menyindir saya yah ? duh baru tahu @mandiricare @mandiricard  @bankmandiri koq begini ya responnya ?', '2019-05-04', '0', '1', 2),
(9502, 'Yudilianthony16', '1124642893426073601', '@bankmandiri boss skrg kok mandiri mobile sering sesi berakhir sendiri ya??makin jelek aja', '2019-05-04', '0', '1', 2),
(9503, 'mizz_kawaii', '1124585213135163392', '@bankmandiri @mandiricare kemaren saya ada beli pulsa via mandiri online saldo saya sudah terpotong tapi pulsa saya tidak masuk dan tidak ada notif email juga. itu bagaimana ya?', '2019-05-04', '0', '1', 3),
(9504, 'roodytabootie', '1124583287840694272', '@mrshananto @gopayindonesia @bankmandiri @JeniusConnect Itu yang make emoney pasti cuman digunain buat cari cashback 😂', '2019-05-04', '0', '1', 3),
(9505, 'elisapraboretno', '1124581819536429056', '@bankmandiri Sudah saya cek fiestapoin melalui aplikasi fiestapoin dan billing kartu kredit &amp; sudah dilakukan ke merchant yang berbeda pada saat malam itu, tetap sama fiestapoin 1 senilau 50 rupiah', '2019-05-04', '0', '1', 3),
(9506, 'adeldelss', '1124579961916907520', '@bankmandiri selamat siang. Atm mandiri saya terblokir karena salah memasukkan pin sebanyak 3kali. Bagaimana caranya untuk membuka pemblokiran atmnya? Makasih', '2019-05-04', '0', '1', 3),
(9507, 'mr21_08', '1124563379585044481', '@bankmandiri thank u , semoga menjadi pemahaman di masa yang akan datang', '2019-05-04', '0', '1', 1),
(9508, 'aliefarhan_', '1124894177257377793', '@bankmandiri @linkaja @mandiricare Ya mudahan E-cash kembali lagi,, 😇\n@mandiriecash', '2019-05-05', '0', '1', 1),
(9509, 'jxcksl', '1124876800025251840', '@bankmandiri udah kucoba update saldo by atm juga tp pas mau dipakai saldonya masih 0 (tidak bertambah). ku email aja berarti? data apa aja yg diperlukan utk dikirim by email?', '2019-05-05', '0', '1', 3),
(9510, 'jxcksl', '1124875262024269824', '@bankmandiri halo. aku udah topup emoney by mbanking dr hp yang berNFC, statusnya sukses tapi kok gabisa update saldo ya? apa kalau emoney baru perlu aktifasi dulu atau gmn?', '2019-05-05', '0', '1', 3),
(9511, 'ekko_sfr', '1124872816191401985', 'Selamat siang admin, atm mandri giant surapati bandung bermasalah ,mhn dtinjut. tks @bankmandiri @mandiricare https://t.co/65nCFnbmZX', '2019-05-05', '0', '1', 3),
(9512, 'rheni__', '1125049124967964672', '@bankmandiri Min mau tanya kalo buat mbanking itu persyaratannya apa aja ya??', '2019-05-05', '0', '1', 3),
(9513, 'sonny_IBK69', '1125264015402328064', 'Hari ini termasuk hari kerja atw gak @bankmandiri saya mw kliring.\nDan mandiri online sama MIB sama aja lemot nya menguji kesabaran @mandiricare', '2019-05-06', '0', '1', 2),
(9514, 'sophielam_7', '1125256312076419072', '@bankmandiri untuk fasilitas SMS banking, m-banking, online baking, apa bisa didaftarkan menggunakan alamat email dan verification/confirmation code-nya dikirimkan ke email terdaftar tersebut?', '2019-05-06', '0', '1', 3),
(9515, 'Egidani', '1125254084129222657', '@bankmandiri MIB tidak bisa diakses kenapa ya? loading terus tidak bisa masuk ke log in page. sekali masuk, pas mau log in error \"user already logged in\" padahal belum bisa. bagaimana ini?', '2019-05-06', '0', '1', 3),
(9516, 'erika_solo', '1125692541729271808', 'Mo ngeprint buku di KCP Depok Margocity, jam 15-an nyampe satpamnya info klo lg offline. Dimnt dtg lg jam 16.15 utk ngecek sdh online blm. Info dari satpam bank tutup 16.30. Jam 16.16 sy dtg, eh udh tutup. Berasa di-php @bankmandiri @mandiricare untung puasa, sabaaar 😔😔', '2019-05-07', '0', '1', 2),
(9517, 'yasza', '1125676572097241089', '@mandiricare @bankmandiri Maksud saya transfer dari rekening rupiah ke bank lain dalam bentuk USD, bisa?', '2019-05-07', '0', '1', 3),
(9518, 'yasza', '1125671124119855108', '@bankmandiri @mandiricare bisa transfer ke luar negeri dalam bentuk USD minimal berapa nominalnya?', '2019-05-07', '0', '1', 3),
(9519, 'aryamilitiamen', '1125572569417957377', '@mandiricare Dicek internal sana dulu gih kenapa fastpay ga bisa diakses di atm dan mobile banking, gak sekali dua kali loh kaya gini. Saran saya klo server / sistem di @bankmandiri emg ga mampu stabil di menu payment mending sdh dihapuskan aja menu bayar angsuran', '2019-05-07', '0', '1', 2),
(9520, 'rangcani', '1125508906799718400', '@bankmandiri @mandiricare halo, mai tanya. Apa pembayaran pdam purwakarta bisa nelalui atm mandiri?mohon infonya. Thx', '2019-05-06', '0', '1', 3),
(9521, 'diietha_id', '1125411051300777984', '@mandiricare @charityhealtha @bankmandiri Tapi tadi aku topup ovo saldo mandiriku berkurang tp saldo ovo ku gak bertambah gimana min :(', '2019-05-06', '0', '1', 3),
(9522, 'nandawrdn', '1125373697156456448', '@mandiricare @bankmandiri mengapa Bank mandiri ngga bisa melakukan pembayaran ke aplikasi tiketcom ya? Thanks https://t.co/JGFVMismpF', '2019-05-06', '0', '1', 3),
(9523, 'gandungadi', '1125333824504623104', '@bankmandiri @mandiricare mau tanya, kalau kartu debit ku sticker ulang sendiri biar keren kayak emoney, masih bisa dipakai? https://t.co/KLaSGDuaDZ', '2019-05-06', '0', '1', 3),
(9524, 'maskuncir', '1125269290284867585', '@bankmandiri @mandiricare tolong dibenerin mesin2 atmnya mosok 2 bulan sekali kartu atm saya ketelen,  menghambat produktivitas dan konyol !', '2019-05-06', '0', '1', 2),
(9525, 'putri_rizkiyah', '1125168089379639296', '@bankmandiri @mandiricare pagi min, mau tanya. Untuk aplikasi mbanking, klo ganti hp, apa harus registrasi ulang ke tellernya?', '2019-05-05', '0', '1', 3),
(9526, 'mrsaroomie', '1126038450082181120', 'Selamat sore, mau tanya, jika saya mau melunasi KTA yg blm jatuh tempo, apakah bisa? @bankmandiri @mandiricare', '2019-05-08', '0', '1', 3),
(9527, 'AgungPM', '1126334893699420160', 'Mohon info apakah jaringan @bankmandiri off line? Kami transaksi dana korporasi dan sudah satu jam belum bisa dieksekusi. Mohon penjelasan. Terima kasih', '2019-05-09', '0', '1', 3),
(9528, 'KarlinaFebri', '1126281356638425089', '@mandiricare @bankmandiri @BNICustomerCare @BNI Dear mandiri,bagaimana dg complain saya? Sudah lebih dr 5hk belum ada jawaban..', '2019-05-09', '0', '1', 2),
(9529, 'aprillia_dhita', '1126136129202188288', '@bankmandiri selamat mlm.\nsaya melakukan transaksi di sebuah toko pakai atm mandiri. Transaksi saya dinyatakan gagal, tapi saldo saya berkurang. Kira\" brp lama saldo saya yg terpotong akan kembali?terimakasih *transaksi menggunakan edc mandiri*', '2019-05-08', '0', '1', 3),
(9530, 'JuliZhanti', '1126131970453327872', 'Paling suka aza nukerin uang baruan... Bisa awet g di pake cm di simpan aza... \nSemoga bs dpt banyak nukerin nya @bankmandiri @bca @BNI', '2019-05-08', '0', '1', 1),
(9531, 'ningsihbennin', '1126123440644214784', '@bankmandiri Pak Dodi, dari email dan telegram saya diminta untuk kirim data lewat WA, saya sudah lakukan sejak dari hari Jumat? Sekarang mulai dari 0 lagi? Bukannya harusnya di follow up data lewat WA yg sudah saya kasih? Bagaimana maksudnya bolak-balik ga selesai-selesai?', '2019-05-08', '0', '1', 2),
(9532, 'TalkiWong', '1126110326070505473', '@bankmandiri ini atm kok sering banget trouble, hari sabtu kemarin error, hari minggu ok, skrg hari rabu error lagi. Mohon follow up nya. Lokasi, indomaret Pegandon, Kendal, Jateng https://t.co/d13KlxlsQ8', '2019-05-08', '0', '1', 2),
(9533, 'edobakri', '1126107868615172097', '@bankmandiri Saat mau pake aplikasinya, loadingnya lama trus keluar notif \"cek koneksi internet anda, gagal menyambungkan\". Padahal koneksi internetnya bagus, buka app lain bisa. Mmm', '2019-05-08', '0', '1', 2),
(9534, 'edobakri', '1126101333172310016', '@bankmandiri apakah layanan mandiri online sdg gangguan ya? Kok ga bisa log in dari semalem :(', '2019-05-08', '0', '1', 1),
(9535, 'salima252', '1126100786524459008', '@bankmandiri Mandiri ribet soal mobile banking. Hhh', '2019-05-08', '0', '1', 2),
(9536, 'JulienSteimer', '1126057138546102272', 'Untuk mengerti lebih baik strategi @bankmandiri dan kebutuhan nasabah, saya senang sekali mengunjungi cabang @bankmandiri dengan @AXA_Mandiri teams. Terima kasih #AXAMandirian dan #Mandirian yang #keren dan penuh semangat #YouWillNeverWalkAlone #AXA https://t.co/ImGPt2gXiJ', '2019-05-08', '0', '1', 3),
(9537, 'niw_adniw', '1126050257660366850', '@bankmandiri min isi emoney via mobile banking, saldo tabungan sdh berkurang tp saldo e money ga nambah...udh update d atm saldony ga nambah', '2019-05-08', '0', '1', 3),
(9538, 'mrsaroomie', '1126045646769668096', '@mandiricare @bankmandiri Well noted. Pelunasan tsb apakah harus datang ke Bank Mandiri langsung?', '2019-05-08', '0', '1', 1),
(9539, 'KarlinaFebri', '1126281356638425089', '@mandiricare @bankmandiri @BNICustomerCare @BNI Dear mandiri,bagaimana dg complain saya? Sudah lebih dr 5hk belum ada jawaban..', '2019-05-09', '0', '1', 1),
(9540, 'xxwann_', '1126843208011399168', '@bankmandiri @mandiricare sy sdh kirim data2 sy via email, udh telp ke mandiri call jg dan dibuatin pelaporan, tpi cs nya nya bilang kami gak bisa pastikan uangnya bisa balik ato gak. Gimana sih?', '2019-05-10', '0', '1', 2),
(9541, 'ajenghening', '1126839253814599680', '@mandiricare @bankmandiri Udah loh mas, tetep aja barusan saya cek masih ada pemberitahuan terdapat gangguan :\") https://t.co/PCnsKHJffp', '2019-05-10', '0', '1', 1),
(9542, 'Cyko_sadega', '1126838310926557184', '@mandiricare @fajareka20 @bankmandiri Mandiri online saya ggal menemukan jaringan terus dri jm 6 sore pdhl yg lain aman', '2019-05-10', '0', '1', 1),
(9543, 'aigo_kiming', '1126834689069572097', '@mandiricare @bankmandiri Untuk betulin kartu debit bisa di bank lain atau harus sama dengan bank yang kita bikin kartu debit tersebut min?', '2019-05-10', '0', '1', 1),
(9544, 'egalestari_', '1126834450778562560', '@bankmandiri @mandiricare Sudah saya jelaskan secara rinci via DM mengenai masalah yang saya alami.', '2019-05-10', '0', '1', 1),
(9545, 'egalestari_', '1126831459799486465', '@mandiricare @bankmandiri mandiri lagi ada kendala ya kok dari sore tidak bisa melakukan transaksi sekalinya bisa tapi di keterangan masih dalam proses dan sampai sekarang gak masuk juga uangnya.', '2019-05-10', '0', '1', 1),
(9546, 'dira_new', '1124139415276638209', '@BankBCA min kemarin saya ganti sim card tapi nomor nya sama terus mbanking saya jadi gabisa dipake. katanya simcard nya ga sesuai. itu gimana ya ? saya harus apa. tks', '2019-05-03', '1', '1', 3),
(9547, 'boksiu', '1124131610301833217', '@BankBCA transfer via mbca dan klikbca gagal terus kenapa ya min?', '2019-05-03', '1', '1', 3),
(9548, 'intananggraini9', '1124129534565965825', '@BankBCA Jadi mau nanya caranya bayar kreditplus itu via Klikbca urutannya bagaimana?', '2019-05-03', '1', '1', 3),
(9549, 'TheAntonName', '1124946233980645377', '@BankBCA utk rek depannya 6574 itu ada dicabang mana? dan 1703 mohon informasinya ,thx', '2019-05-05', '1', '1', 3),
(9550, 'verent_79', '1124603864219435013', '@BankBCA \nHallo bca \nUntuk transaksi di merchan yg tidak ada logo cicilan bca apakah\nBisa di ubah jadi cicilan?', '2019-05-04', '1', '1', 3),
(9551, 'alvinanovidya', '1124545363405238272', '@Ismahanifa @XpresiBCA @BankBCA @KAI121 Pake ATM teh gabisa m banking, kecuali di traveloka', '2019-05-04', '1', '1', 3),
(9552, 'okearrie', '1124543764628770817', '@BankBCA siang min mau tanya. Nomor telpon yang bisa dihubungi untuk pengaduan gangguan mesin Edc berapa ya ?\nSaya dari td telpon ke nomor 1500778 via handphone tapi tidak bisa tersambung.', '2019-05-04', '1', '1', 3),
(9553, 'lutfiaryn', '1122698683714113537', '@BankBCA min barusab sy transfer ke ovo, keterangannya gagal tp saldo tabungan saya berkurang dan saldo ovo nya tdk bertambah ya?', '2019-04-29', '1', '1', 3),
(9554, 'Ismahanifa', '1124532963893321728', 'Gimana sih cara payment tiket KA pake m-banking BCA kok gak ada menunya keburu abiiiiis @XpresiBCA @BankBCA @KAI121', '2019-05-04', '1', '1', 3),
(9555, 'AfifahFirayama', '1124516662256881665', '@BankBCA Ok min makasih infonya..', '2019-05-04', '1', '1', 1),
(9556, 'r0ckinray', '1125242897740120064', '@mandiricare kalo atm ilang, kok harus bikin laporan polisi? bikin ribet aja.\n\n@BankBCA ngga perlu pakai begini segala.', '2019-05-06', '1', '1', 2),
(9557, 'aayumm', '1125241138485415936', '@BankBCA mohon maaf saya ingin bertanya bagaimana cara pembatalan bca life', '2019-05-06', '1', '1', 3),
(9558, 'rizkhimoan', '1125232447610769410', '@BankBCA Hai min. Maaf mau tanya. Saya adalah pengguna BCA Silver dan akan berganti ke tahapan Xpress. Apakah bisa ?', '2019-05-06', '1', '1', 3),
(9559, 'mrgrthTDS', '1125221907739996162', 'Selamat pagi @BankBCA @HaloBCA apakah hari ini jaringan sudah normal aktif kembali? Berhubung hari jumat kemarin jaringan BCA offline seindonesia. Terimakasih', '2019-05-06', '1', '1', 3),
(9560, 'TheAntonName', '1124870929111076865', '@BankBCA mau tanya utk pembukaan rek bca yg rek nya awalan depan dr 157000 itu cabang mana ya? atau ada link utk cek cabang mana yg tahu angka depannya berapa gtu?', '2019-05-05', '1', '1', 3),
(9561, 'IndraSa66604708', '1124662634572181505', '@BankBCA Apakah bca punya produk simpanan yg biayanya murah, yg fungsinya hanya untuk simpanan saja ? Selain tahapan apakah ada yg lain?', '2019-05-04', '1', '1', 3),
(9562, 'rivadthania', '1125711686122393600', '@BankBCA Baik terima kasih untuk informasinyaa🙏', '2019-05-07', '1', '1', 1),
(9563, 'endix_cr7', '1125693033876340736', 'Dear BCA\nSaya dapat Email Apply Kartu Kredit saya disetujui pada 30/04/19\nkira2 kapan dikirim dan sampai ke alamat saya, nomor Rekening BCA Saya 2160753687\nEndik Agus Prasetyo\n\nCc: @BankBCA @BizGuideBCA @GoodLifeBCA @HaloBCA @KartuKreditBCA @XpresiBCA https://t.co/PokmIFPGyw', '2019-05-07', '1', '1', 3),
(9564, 'rivadthania', '1125671918508527616', '@BankBCA rekening tabungan mba/mas. Kartu debit saya menggunakan jasa layanan GPN, sementara kalau boleh diubah saya ingin diganti Mastercard/Visa.', '2019-05-07', '1', '1', 3),
(9565, 'rivadthania', '1125664923076349954', '@BankBCA halo, saya baru membuka rekening dan mau tanya apa bisa ganti layanan kartu paspor BCA saya dari GPN menjadi Visa? Terima kasih', '2019-05-07', '1', '1', 3),
(9566, '_ariffahmi', '1124929235439587328', 'Parah @BNI ini, aplikasinya gak genah. Ini entah ngebug atau apa, padahal gak pernah ganti hp. Terus gimana ini cabang hari ini kan tutup? @BNICustomerCare haduh. https://t.co/QGsfHf1uUJ', '2019-05-05', '1', '1', 2),
(9567, 'ilmanation', '1124919359535599616', '@BNI @BNICustomerCare siang min, mau buat pengaduan, saya tarik tunai tanggal 4 April jam 19:48 sebesar 400rb, atm lama merespon dan keluar tulisan di layar “waktu telah habis” saldo terpotong dan udah masuk di mutasi, ini gimana ya? tolong di tindak lanjuti, Terima Kasih🙏', '2019-05-05', '1', '1', 3),
(9568, '_rizkip', '1124890968585490438', '@BNICustomerCare mobile banking bni sedang bermasalah kah? Mau liat mutasi rekening ajah ngak bisa2 @BNI', '2019-05-05', '1', '1', 2),
(9569, 'AyyukaDaffa', '1124840457442217985', '@BNI @BNICustomerCare Selamat pagi saya mau tanya tapcash BNI kenapa tidak bisa dipakai belanja di Alfamart? Saya sudah ke 5 toko Alfamart di daerah Bekasi barat alasannya mesinya belum ada.', '2019-05-05', '1', '1', 3),
(9570, 'cinderaley', '1124820440830976000', 'halo @BNI @BNICustomerCare, mobile banking-nya lagi error ya? mau transfer dari semalam gagal terus, padahal koneksi internet saya gak ada gangguan.', '2019-05-04', '1', '1', 3),
(9571, 'annisaprimasari', '1124585276225900544', 'Halo kak kemarin saya transfer dan bukti transfernya gak keluar. Klo saya ingin minta detail buktinya lagi gimana ya kak? Terima kasih kak. @BNI @BNICustomerCare', '2019-05-04', '1', '1', 3),
(9572, 'Dms_RA', '1124559736702005248', '@mfth_017 @BNI @BNICustomerCare 1 tahun lagi baru di proses mba, saya juga belum di proses sudah hampir 1 bulan HAHAHA , jelek sekali bank ini pelayanannya tidak sebagus bank sebelah', '2019-05-04', '1', '1', 2),
(9573, 'Dms_RA', '1124555892756606976', '@BNICustomerCare @BNI BNI LELET TIDAK TANGGUNG JAWAB TUNGGU TERUS TUNGGU TERUS GAK TAU UANG NYA URGENT 11866586518 1TAHUN LAGI KITA MENUNGGU BARU DI KEMBALIKAN', '2019-05-04', '1', '1', 2),
(9574, 'PapahBen', '1124553852072501248', '@BNI @BNICustomerCare min nanya dong. Status rekening DORM itu maksudnya gmn?', '2019-05-04', '1', '1', 3),
(9575, 'marlevee_', '1124535357456785409', '@BNI @BNICustomerCare hallo min, saya sudah 4 hari gabisa tarik tunai dr ATM manapun. Bahkan utk transfer lewat m-banking pun jdnya seperti ini min. Mohon konfirmasinya https://t.co/e3WK2LpNBV', '2019-05-04', '1', '1', 3),
(9576, 'Okiegun', '1124489071064018944', 'Sangat kecewa ya dgn @BNI @BNICustomerCare , dr semalam meminta pemblokiran atm krn kartu hilang smpe skrg tidak diproses. Ditlp via 1500046 sellu terputus , via twitter pun tidak ad respon.', '2019-05-04', '1', '1', 2),
(9577, 'aprianamoh', '1124327186872168449', 'Kapan BNI Mobile banking terintegrasi dengan kartu kredit BNI? Agar pelayanan lebih mudah dan simple tidak harus sms (smart mobile) untuk cek saldo, tagihan dll. Mohon jadi pertimbangan untuk peningkatan kualitas pelayanan @BNI @BNICustomerCare', '2019-05-03', '1', '1', 3),
(9578, 'ichacantik202', '1124240368764014592', '@BNI Saya sudah bayar masih aja ditagih', '2019-05-03', '1', '1', 2),
(9579, 'moechamadhafidz', '1124310136632238080', '@BNICustomerCare @BNI selamat malam saya daftar bni internet banking kok kode OTP nya tidak dikirim2 ke no hp saya ya?', '2019-05-03', '1', '1', 3),
(9580, 'benbenavita', '1126026935769763840', 'Cara kerjanya terlalu lelet.\n@BNI @BNICustomerCare enggak habis pikir.', '2019-05-08', '1', '1', 2),
(9581, 'benbenavita', '1126026527982768130', 'Astaga.\nGue enggak bisa ambil uang di rrkening sendiri. Sungguh @BNI @BNICustomerCare dengan segala keribetannya  ngebuat sebulan gue sia-sia.\nBikin kartu atm lama banget!!!!!!!!!!', '2019-05-08', '1', '1', 2),
(9582, 'indrajati47', '1123042305122766853', '@BankBCA selamat pagi min,\nMohon di bantu.\nSaya nggak bisa login klik bca,\nMungkin kena block karena beberapa kali salah masukin kode token.\nTerimakasih', '2019-04-30', '1', '1', 3),
(9583, 'Ogel1933', '1125965454453854208', '@BNICustomerCare selamat pagi admin ,,saya melakukan pendaftaran Ebangking,,Tapi sll gagal karena gk dapat kode OTP,,padahal no saya aktip ,, makasih @BNISyariah @BNI', '2019-05-08', '1', '1', 3),
(9584, 'dwinita26', '1126846884092321797', '@BNI @BNICustomerCare Hallo min untuk KLN di wilayah bekasi apakah bisa untuk mencairkan JHT?', '2019-05-10', '1', '1', 3),
(9585, 'Siinte', '1126769777022603266', '@BNI Ini saya sdh dm, tp responnya sama aja dr awal. Dsrh nunggu &amp; akan segera di follow up @BNI @BNICustomerCare https://t.co/QCUiOWISEv', '2019-05-10', '1', '1', 3),
(9586, 'MarsyahDevita14', '1124597997319229440', '@promo_BRI @jaringanprima e-Pay BRI #BRIxJaringanPrima #promobri #bankbri ikutan giveaway dari @BANKBRI_ID dan @jaringanprima juga yuk teman siapa tau beruntung amiinn😇 @Siti_M12 @arifrumpoko3 @dianahwati', '2019-05-04', '1', '1', 1),
(9587, 'YoungOnTop', '1124584304955146240', 'Terimakasih juga kepada @BANKBRI_ID @AllianzID @tehbotolsosroID @Sariayu_MT selaku pihak yang telah membantu kesuksesan acara  Connext Conference Purwokerto 2019\n\n#YoungOnTop #ConnextPurwokerto #MenyatukanINDONESIA #YOTxBRI #BRICC2019 #YOTxTehbotolSosro #YOTxAllianz #YOTxSariayu', '2019-05-04', '1', '1', 1),
(9588, 'budisethiawan', '1124247992846901249', '@BNI @dinadimu @MerryMP saya aja setor tunai di atm BNI..uangnya masuk ke mesin atm tapi saldo gak masuk rekening..saya udah sebulan laporinnya sampe sekarang gak ada hasil..padahal BNI bank plat merah lho..muak saya sama pelayanannya', '2019-05-03', '1', '1', 2),
(9589, 'Yana_Zeranyana', '1124476654577807360', '@kontakBRI Saya mau tnyaa ini saya pake iphone,, kalo lwat mbangking minta mtoken.. dr semalem kenapa yaa saya gk dpet sms2 dr brinya?? Padahal kalo sms dr nomor laen bsa @BANKBRI_ID', '2019-05-04', '1', '1', 3),
(9590, 'yonghwe99', '1124466194818355200', '@BANKBRI_ID selamat pagi, kemarin hari jumat saya melakukan transfer dana dari akun gojek ke dalam rekening BRI saya kok belum masuk ya? Di akun gojek saya sudah berhasil dalam mentransfer dana. Terima Kasih', '2019-05-04', '1', '1', 3),
(9591, 'putrinopiani', '1124371880968724480', 'Hallo @BANKBRI_ID \n , kenapa ya saya coba tarik uang di atm tetapi uang tidak keluar dan ada tulisan waktu anda habis kemudian saldo di atm berkurang. Kenapa ya?', '2019-05-03', '1', '1', 3),
(9592, 'hdian8008', '1124340948928827392', '@BANKBRI_ID Untuk bank bri,\nBrilife tolong di perbaiki cara klaim asuransi kesehatannya masa perairan uangnya sampai berminggumingu.???!', '2019-05-03', '1', '1', 2),
(9593, 'tidurtiduran', '1124705954618986496', '@BANKBRI_ID @promo_BRI @kontakBRI Selamat malam mau tanya apakah tahun ini ada program ngebuzz bareng bri', '2019-05-04', '1', '1', 3),
(9594, 'budisethiawan', '1124245237147127810', '@brnpratama @BNI siap2 aja nunggunya selama sebulan lebih..saya aja sampe sekarang duit gak balik2 ke rekening...padahal janjinya 14 hari kerja udah kelar..makin gak percaya nih sama @BNI', '2019-05-03', '1', '1', 2),
(9595, 'febyarv', '1124685323475144709', '@BANKBRI_ID kenapa km klo malem susah bgt buat di tlp? Padahal aku butuh bantuan km banget...', '2019-05-04', '1', '1', 2),
(9596, 'MarsyahDevita14', '1124597997319229440', '@promo_BRI @jaringanprima e-Pay BRI #BRIxJaringanPrima #promobri #bankbri ikutan giveaway dari @BANKBRI_ID dan @jaringanprima juga yuk teman siapa tau beruntung amiinn😇 @Siti_M12 @arifrumpoko3 @dianahwati', '2019-05-04', '1', '1', 1),
(9597, 'randa_naga', '1125262970869637120', 'Halo @BANKBRI_ID @kontakBRI  mohon bantuannya segera\nSaya di trf uang olh pengirim uang tersebut sdh terkirim ke rek sy ttp tdk ada uang yg mask di rekening saya .thx', '2019-05-06', '1', '1', 3),
(9598, 'muzakirseak', '1125260614941593601', 'Seringkali sy terbuang umur sy sia2 di ruang tunggu @BANKBRI_ID mgk pak @jokowi ada solusi? Tellernya sering cm sendiri....', '2019-05-06', '1', '1', 2),
(9599, 'pribadi69', '1125256857784729601', '@kontakBRI untuk email notifikasi transaksinya @BANKBRI_ID mati kembali, mohon segera diaktifkan', '2019-05-06', '1', '1', 3),
(9600, 'fzn06', '1125241895863459841', 'Internet banking @BANKBRI_ID jelek banget.. udah diisi sesuai token yg dikirim d sms, masih salah dan id sekarang terblokir. Buka blokir harus ke bank. Ngantrinya lama banget. Ga bisa kasih pelayanan yang lebih baik @BANKBRI_ID ???', '2019-05-06', '1', '1', 2),
(9601, 'SyukronAlh', '1125158722559332353', 'Today I\'m closing my @BankBRI_ID account. Aku kecewa ama BRI yang slow respon dan kurang bisa handle komplain customer. Kasus terbaru adl uangku 1.3jt yg masih \'ILANG\' di mesin setor tunainya.', '2019-05-05', '1', '1', 2),
(9602, 'wah_yusa', '1125055641414815745', 'Alhasil gagal dapat tiket kereta karena mau bayar via internet banking @BANKBRI_ID tidak memberikan m-token sampai melewati batas waktu pembayaran. Ini adalah bank paling bobrok di Indonesia.', '2019-05-05', '1', '1', 2),
(9603, 'Lizz4181', '1128232561677705216', '@BNICustomerCare @BNI callcenter bni masih 1500046 kan? Saya tlp,  nyambung, pas sampe masukin kartu, tau2 mesin bisu. Coba lg, pas udah nyambung ke cs, cs udah bilang sedikit,  membisu lagi. Tolong jangan salahin hp saya,  karena sebelumnya saya juga tlp cs bank lain baik2 saja', '2019-05-14', '1', '1', 2),
(9604, 'Dshe82806218', '1124966493077164034', 'Tolong dong ATM @BANKBRI_ID daerah limo kok ga bisa tarik tunai ya? Uangnya kosong atau gimana ya udah 3hari ini.. @promo_BRI @kontakBRI', '2019-05-05', '1', '1', 3),
(9605, 'ganjarsans', '1124952912197632000', '@BANKBRI_ID @kontakBRI  padahal saya sangat membutuhkan uang tsbt,masa saya hrs mnunggu sampai 20 hari kerja,padahal ini kan kesalahan dari @BANKBRI_ID  dan  saya pun sdh membayar biaya transaksi trf ke bank lain,saya sbagai nasabah sangat dirugikan dengan hal tsb,mhn perhatianya', '2019-05-05', '1', '1', 2),
(9606, 'himsiang', '1125251016167837696', '@bankmandiri min, top up emoney di atm link pakai rekening non mandiri kena biaya admin tdk?tks', '2019-05-06', '1', '1', 3),
(9607, 'FeryDwiGunawan2', '1125248824425893889', '@bankmandiri minta tolong mandiri online sy k blokir', '2019-05-06', '1', '1', 3),
(9608, 'rdr_id', '1125248180315086855', '@Telkomsel boring nih mas dikirim ginian tiap hari. Sebagai pengguna henpon ga nyaman banget. Tp kami ga ada pilihan.\n#spam\n@bankmandiri @BANKBRI_ID https://t.co/GhOxKdBrCQ', '2019-05-06', '1', '1', 2),
(9609, 'VsioS', '1125241923046797313', '@bankmandiri gak disebutin loh harus bawa surat keterangan kalo beda domisili', '2019-05-06', '1', '1', 3),
(9610, 'kenconosewu', '1125231121237549057', '@bankmandiri Kalau tidak punya NPWP apakah tidak bisa buka rekening?', '2019-05-06', '1', '1', 3),
(9611, 'kenconosewu', '1125229980894425090', 'Permisi @bankmandiri untuk pembukaan rekening baru apakah bisa dilakukan jika tidak memiliki npwp? Terimakasih', '2019-05-06', '1', '1', 3),
(9612, 'VsioS', '1125228277247791104', '@bankmandiri Min ngibul.\nItu saya disuruh bawa surat keterangan kerja/surat domisili jg \nTerbuang percuma duit buat transportasi.', '2019-05-06', '1', '1', 2),
(9613, 'syaa_dee', '1125210140435632129', '@bankmandiri Jika kita kehilangan kartu ATM, berkas apa saja yg dibawa utk mengurus ke KC?', '2019-05-06', '1', '1', 3),
(9614, 'jxcksl', '1125193011049009153', '@bankmandiri email sent per tanggal 5 mei jam 10.53am, sampai sekarang belum ada reply nya. biasanya perlu waktu berapa lama ya untuk dapat respon by emailnya?', '2019-05-06', '1', '1', 3),
(9615, 'xxwann_', '1126815258780114944', 'Dear @bankmandiri @mandiricare tadi sy setor tunai di ATM, transaksinya gagal tpi uangnya tetap masuk ke mesin atm nya, gimana ini?? 😭😭', '2019-05-10', '1', '1', 3),
(9616, 'eriswidiyaw', '1125163662337921026', '@bankmandiri hallo admin, saya hari ini sekitar pukul 00.20 saya membeli pulsa lewat mobile bangking mandiri, saya membeli sebesar 100.000 sebanyak 2x tapi pulsa saya tidak msul dan saldo sudah terpotong, bagaimana solusinya?', '2019-05-05', '1', '1', 3),
(9617, 'putri_rizkiyah', '1125159428536160256', '@bankmandiri Terimakasih min infonya. Sekalian nanya, klo kita ganti hp, untuk aplikasi mbanking, apa kita harus ke teller lagi buat registrasi ulang?', '2019-05-05', '1', '1', 1),
(9618, 'putri_rizkiyah', '1125146640984068096', '@bankmandiri selamat pagi min. Tgl 1/5/19 saya transaksi top up emoney via mbanking sebesar 50rb tp saldo ga masuk. Mohon dibantu min, terimakasih.', '2019-05-05', '1', '1', 3),
(9619, 'ashyidik', '1125143314972307456', '@bankmandiri min teman saya transfer dari bank mandiri ke @danawallet saya, sampai sekarang juga belum masuk. Itu bagaimana? https://t.co/hakbDATYCn', '2019-05-05', '1', '1', 3),
(9620, 'nursutan', '1125097939846582272', '@mandiricare @bankmandiri Okay terimakasih', '2019-05-05', '1', '1', 1),
(9621, 'rickiwilky', '1125057350535016448', '@bankmandiri numpang tanya gan, untuk atm lain bisa tidak setor tunai ke mesin tunai mandiri?', '2019-05-05', '1', '1', 3),
(9622, 'hardi18th', '1125052885723516929', 'Atm @bankmandiri S1AW12NW di apt rasuna hank tolong @mandiricare diperbaiki tks #mandiricare https://t.co/uf3BlBkaCA', '2019-05-05', '1', '1', 3),
(9623, 'aguungpp', '1124869310428532736', '@bankmandiri min, kenapa transaksi lewat mobile banking untuk pembayaran tiket muncul \"transaksi duplikat\" tapi saldo sudah kepotong? Thanks', '2019-05-05', '1', '1', 3),
(9624, 'nindyaa95', '1123393997462839299', '@taspenkita Terimakasih informasi dan konfirmasinya min @taspenkita 🙏\n\nUntuk seluruh cabang @BANKBRI_ID @kontakBRI semoga kedepannya tidak memberi informasi yg tidak sesuai SOP kepada nasabah. Thx.\nhttps://t.co/TECoCYBrgr', '2019-05-01', '1', '1', 1),
(9625, 'no3awan', '1125727815712641025', '@mandiricare , mandiri online sudah bisa transaksi tanpa kartu ?? @bankmandiri', '2019-05-07', '1', '1', 3);

-- --------------------------------------------------------

--
-- Table structure for table `data_testing`
--

CREATE TABLE `data_testing` (
  `id_testing` int(10) NOT NULL,
  `id_crawling` int(10) DEFAULT NULL
) ENGINE=InnoDB DEFAULT CHARSET=latin1;

--
-- Dumping data for table `data_testing`
--

INSERT INTO `data_testing` (`id_testing`, `id_crawling`) VALUES
(1373, 9546),
(1374, 9547),
(1375, 9548),
(1376, 9549),
(1377, 9550),
(1378, 9551),
(1379, 9552),
(1380, 9553),
(1381, 9554),
(1382, 9555),
(1383, 9556),
(1384, 9557),
(1385, 9558),
(1386, 9559),
(1387, 9560),
(1388, 9561),
(1389, 9562),
(1390, 9563),
(1391, 9564),
(1392, 9565),
(1393, 9566),
(1394, 9567),
(1395, 9568),
(1396, 9569),
(1397, 9570),
(1398, 9571),
(1399, 9572),
(1400, 9573),
(1401, 9574),
(1402, 9575),
(1403, 9576),
(1404, 9577),
(1405, 9578),
(1406, 9579),
(1407, 9580),
(1408, 9581),
(1409, 9582),
(1410, 9583),
(1411, 9584),
(1412, 9585),
(1413, 9586),
(1414, 9587),
(1415, 9588),
(1416, 9589),
(1417, 9590),
(1418, 9591),
(1419, 9592),
(1420, 9593),
(1421, 9594),
(1422, 9595),
(1423, 9596),
(1424, 9597),
(1425, 9598),
(1426, 9599),
(1427, 9600),
(1428, 9601),
(1429, 9602),
(1430, 9603),
(1431, 9604),
(1432, 9605),
(1433, 9606),
(1434, 9607),
(1435, 9608),
(1436, 9609),
(1437, 9610),
(1438, 9611),
(1439, 9612),
(1440, 9613),
(1441, 9614),
(1442, 9615),
(1443, 9616),
(1444, 9617),
(1445, 9618),
(1446, 9619),
(1447, 9620),
(1448, 9621),
(1449, 9622),
(1450, 9623),
(1451, 9624),
(1452, 9625);

-- --------------------------------------------------------

--
-- Table structure for table `data_training`
--

CREATE TABLE `data_training` (
  `id_training` int(10) NOT NULL,
  `id_crawling` int(10) DEFAULT NULL
) ENGINE=InnoDB DEFAULT CHARSET=latin1;

--
-- Dumping data for table `data_training`
--

INSERT INTO `data_training` (`id_training`, `id_crawling`) VALUES
(6417, 9226),
(6418, 9227),
(6419, 9228),
(6420, 9229),
(6421, 9230),
(6422, 9231),
(6423, 9232),
(6424, 9233),
(6425, 9234),
(6426, 9235),
(6427, 9236),
(6428, 9237),
(6429, 9238),
(6430, 9239),
(6431, 9240),
(6432, 9241),
(6433, 9242),
(6434, 9243),
(6435, 9244),
(6436, 9245),
(6437, 9246),
(6438, 9247),
(6439, 9248),
(6440, 9249),
(6441, 9250),
(6442, 9251),
(6443, 9252),
(6444, 9253),
(6445, 9254),
(6446, 9255),
(6447, 9256),
(6448, 9257),
(6449, 9258),
(6450, 9259),
(6451, 9260),
(6452, 9261),
(6453, 9262),
(6454, 9263),
(6455, 9264),
(6456, 9265),
(6457, 9266),
(6458, 9267),
(6459, 9268),
(6460, 9269),
(6461, 9270),
(6462, 9271),
(6463, 9272),
(6464, 9273),
(6465, 9274),
(6466, 9275),
(6467, 9276),
(6468, 9277),
(6469, 9278),
(6470, 9279),
(6471, 9280),
(6472, 9281),
(6473, 9282),
(6474, 9283),
(6475, 9284),
(6476, 9285),
(6477, 9286),
(6478, 9287),
(6479, 9288),
(6480, 9289),
(6481, 9290),
(6482, 9291),
(6483, 9292),
(6484, 9293),
(6485, 9294),
(6486, 9295),
(6487, 9296),
(6488, 9297),
(6489, 9298),
(6490, 9299),
(6491, 9300),
(6492, 9301),
(6493, 9302),
(6494, 9303),
(6495, 9304),
(6496, 9305),
(6497, 9306),
(6498, 9307),
(6499, 9308),
(6500, 9309),
(6501, 9310),
(6502, 9311),
(6503, 9312),
(6504, 9313),
(6505, 9314),
(6506, 9315),
(6507, 9316),
(6508, 9317),
(6509, 9318),
(6510, 9319),
(6511, 9320),
(6512, 9321),
(6513, 9322),
(6514, 9323),
(6515, 9324),
(6516, 9325),
(6517, 9326),
(6518, 9327),
(6519, 9328),
(6520, 9329),
(6521, 9330),
(6522, 9331),
(6523, 9332),
(6524, 9333),
(6525, 9334),
(6526, 9335),
(6527, 9336),
(6528, 9337),
(6529, 9338),
(6530, 9339),
(6531, 9340),
(6532, 9341),
(6533, 9342),
(6534, 9343),
(6535, 9344),
(6536, 9345),
(6537, 9346),
(6538, 9347),
(6539, 9348),
(6540, 9349),
(6541, 9350),
(6542, 9351),
(6543, 9352),
(6544, 9353),
(6545, 9354),
(6546, 9355),
(6547, 9356),
(6548, 9357),
(6549, 9358),
(6550, 9359),
(6551, 9360),
(6552, 9361),
(6553, 9362),
(6554, 9363),
(6555, 9364),
(6556, 9365),
(6557, 9366),
(6558, 9367),
(6559, 9368),
(6560, 9369),
(6561, 9370),
(6562, 9371),
(6563, 9372),
(6564, 9373),
(6565, 9374),
(6566, 9375),
(6567, 9376),
(6568, 9377),
(6569, 9378),
(6570, 9379),
(6571, 9380),
(6572, 9381),
(6573, 9382),
(6574, 9383),
(6575, 9384),
(6576, 9385),
(6577, 9386),
(6578, 9387),
(6579, 9388),
(6580, 9389),
(6581, 9390),
(6582, 9391),
(6583, 9392),
(6584, 9393),
(6585, 9394),
(6586, 9395),
(6587, 9396),
(6588, 9397),
(6589, 9398),
(6590, 9399),
(6591, 9400),
(6592, 9401),
(6593, 9402),
(6594, 9403),
(6595, 9404),
(6596, 9405),
(6597, 9406),
(6598, 9407),
(6599, 9408),
(6600, 9409),
(6601, 9410),
(6602, 9411),
(6603, 9412),
(6604, 9413),
(6605, 9414),
(6606, 9415),
(6607, 9416),
(6608, 9417),
(6609, 9418),
(6610, 9419),
(6611, 9420),
(6612, 9421),
(6613, 9422),
(6614, 9423),
(6615, 9424),
(6616, 9425),
(6617, 9426),
(6618, 9427),
(6619, 9428),
(6620, 9429),
(6621, 9430),
(6622, 9431),
(6623, 9432),
(6624, 9433),
(6625, 9434),
(6626, 9435),
(6627, 9436),
(6628, 9437),
(6629, 9438),
(6630, 9439),
(6631, 9440),
(6632, 9441),
(6633, 9442),
(6634, 9443),
(6635, 9444),
(6636, 9445),
(6637, 9446),
(6638, 9447),
(6639, 9448),
(6640, 9449),
(6641, 9450),
(6642, 9451),
(6643, 9452),
(6644, 9453),
(6645, 9454),
(6646, 9455),
(6647, 9456),
(6648, 9457),
(6649, 9458),
(6650, 9459),
(6651, 9460),
(6652, 9461),
(6653, 9462),
(6654, 9463),
(6655, 9464),
(6656, 9465),
(6657, 9466),
(6658, 9467),
(6659, 9468),
(6660, 9469),
(6661, 9470),
(6662, 9471),
(6663, 9472),
(6664, 9473),
(6665, 9474),
(6666, 9475),
(6667, 9476),
(6668, 9477),
(6669, 9478),
(6670, 9479),
(6671, 9480),
(6672, 9481),
(6673, 9482),
(6674, 9483),
(6675, 9484),
(6676, 9485),
(6677, 9486),
(6678, 9487),
(6679, 9488),
(6680, 9489),
(6681, 9490),
(6682, 9491),
(6683, 9492),
(6684, 9493),
(6685, 9494),
(6686, 9495),
(6687, 9496),
(6688, 9497),
(6689, 9498),
(6690, 9499),
(6691, 9500),
(6692, 9501),
(6693, 9502),
(6694, 9503),
(6695, 9504),
(6696, 9505),
(6697, 9506),
(6698, 9507),
(6699, 9508),
(6700, 9509),
(6701, 9510),
(6702, 9511),
(6703, 9512),
(6704, 9513),
(6705, 9514),
(6706, 9515),
(6707, 9516),
(6708, 9517),
(6709, 9518),
(6710, 9519),
(6711, 9520),
(6712, 9521),
(6713, 9522),
(6714, 9523),
(6715, 9524),
(6716, 9525),
(6717, 9526),
(6718, 9527),
(6719, 9528),
(6720, 9529),
(6721, 9530),
(6722, 9531),
(6723, 9532),
(6724, 9533),
(6725, 9534),
(6726, 9535),
(6727, 9536),
(6728, 9537),
(6729, 9538),
(6730, 9539),
(6731, 9540),
(6732, 9541),
(6733, 9542),
(6734, 9543),
(6735, 9544),
(6736, 9545);

-- --------------------------------------------------------

--
-- Table structure for table `hasil`
--

CREATE TABLE `hasil` (
  `id_hasil` int(10) NOT NULL,
  `nilai` varchar(50) DEFAULT NULL,
  `id_sentimen` int(10) DEFAULT NULL,
  `id_testing` int(10) DEFAULT NULL
) ENGINE=InnoDB DEFAULT CHARSET=latin1;

--
-- Dumping data for table `hasil`
--

INSERT INTO `hasil` (`id_hasil`, `nilai`, `id_sentimen`, `id_testing`) VALUES
(4117, '1.3558727871186712e-46', 1, 1373),
(4118, '1.652451115515672e-45', 2, 1373),
(4119, '3.273644415046124e-42', 3, 1373),
(4120, '4.1805416993593076e-22', 1, 1374),
(4121, '3.409350349297891e-21', 2, 1374),
(4122, '4.878429047682581e-18', 3, 1374),
(4123, '4.998733426920902e-20', 1, 1375),
(4124, '4.560006044625066e-20', 2, 1375),
(4125, '3.0639820127469954e-19', 3, 1375),
(4126, '5.972202370527771e-23', 1, 1376),
(4127, '4.6036752848285395e-22', 2, 1376),
(4128, '1.5530147950653895e-20', 3, 1376),
(4129, '3.8989194628356797e-31', 1, 1377),
(4130, '2.6932067023888196e-32', 2, 1377),
(4131, '9.811958175730778e-28', 3, 1377),
(4132, '9.365012870116154e-26', 1, 1378),
(4133, '1.7170975759128506e-25', 2, 1378),
(4134, '5.769918566591997e-25', 3, 1378),
(4135, '9.719518196230894e-50', 1, 1379),
(4136, '1.7431781030840596e-47', 2, 1379),
(4137, '1.427182312174867e-44', 3, 1379),
(4138, '2.332684334554468e-48', 1, 1380),
(4139, '6.589213096857329e-46', 2, 1380),
(4140, '2.3981471731398378e-40', 3, 1380),
(4141, '4.452288873561119e-37', 1, 1381),
(4142, '4.366961880128368e-37', 2, 1381),
(4143, '1.9131723561044133e-36', 3, 1381),
(4144, '0.000000000005042818917778576', 1, 1382),
(4145, '0.0000000000005437039404688304', 2, 1382),
(4146, '0.000000000005237531862652161', 3, 1382),
(4147, '1.6427310097595563e-33', 1, 1383),
(4148, '1.0938142642262325e-30', 2, 1383),
(4149, '6.89039647754421e-33', 3, 1383),
(4150, '2.9287578698639723e-16', 1, 1384),
(4151, '5.269543069758067e-16', 2, 1384),
(4152, '0.000000000000006953769605468662', 3, 1384),
(4153, '8.95102775622618e-28', 1, 1385),
(4154, '1.9451685790496338e-29', 2, 1385),
(4155, '6.054331796636818e-27', 3, 1385),
(4156, '4.749412175046899e-41', 1, 1386),
(4157, '6.515441731714771e-42', 2, 1386),
(4158, '4.993901365868001e-39', 3, 1386),
(4159, '2.0232549758406505e-54', 1, 1387),
(4160, '5.139812180588374e-52', 2, 1387),
(4161, '2.5651435736334805e-49', 3, 1387),
(4162, '4.990936272525023e-33', 1, 1388),
(4163, '1.1932518599212402e-33', 2, 1388),
(4164, '1.133288929998903e-32', 3, 1388),
(4165, '0.000000003517366205632308', 1, 1389),
(4166, '0.00000000015707606456981005', 2, 1389),
(4167, '0.0000000018173347900644841', 3, 1389),
(4168, '2.669374607943602e-47', 1, 1390),
(4169, '3.9968581285930775e-47', 2, 1390),
(4170, '3.9114841477936044e-45', 3, 1390),
(4171, '4.49184273049176e-34', 1, 1391),
(4172, '1.7479275144530302e-35', 2, 1391),
(4173, '1.4162873009997418e-32', 3, 1391),
(4174, '8.384772919795614e-32', 1, 1392),
(4175, '6.292539218673077e-34', 2, 1392),
(4176, '5.907098376921088e-31', 3, 1392),
(4177, '3.634521551166893e-38', 1, 1393),
(4178, '5.909955293369765e-35', 2, 1393),
(4179, '2.1984400620048526e-36', 3, 1393),
(4180, '5.831566053465277e-77', 1, 1394),
(4181, '2.8220942256133768e-73', 2, 1394),
(4182, '8.152638276582766e-71', 3, 1394),
(4183, '3.819349673008542e-32', 1, 1395),
(4184, '6.733016935900145e-31', 2, 1395),
(4185, '2.5355039822781326e-28', 3, 1395),
(4186, '8.106182487669185e-46', 1, 1396),
(4187, '1.812261238517239e-45', 2, 1396),
(4188, '1.8585762436762608e-43', 3, 1396),
(4189, '7.985498196452723e-35', 1, 1397),
(4190, '3.8929843581728064e-30', 2, 1397),
(4191, '1.3836776796304095e-27', 3, 1397),
(4192, '1.0982569465352313e-44', 1, 1398),
(4193, '1.521304166042982e-45', 2, 1398),
(4194, '8.262484366511501e-42', 3, 1398),
(4195, '1.9255887781394003e-30', 1, 1399),
(4196, '6.733017042884419e-30', 2, 1399),
(4197, '4.129477333888658e-31', 3, 1399),
(4198, '3.650513365206167e-34', 1, 1400),
(4199, '3.520131992520781e-32', 2, 1400),
(4200, '6.556885833369096e-34', 3, 1400),
(4201, '8.958303730747327e-23', 1, 1401),
(4202, '6.764583954262161e-24', 2, 1401),
(4203, '1.9418779984027164e-20', 3, 1401),
(4204, '1.2451095606288718e-42', 1, 1402),
(4205, '2.0957667230987306e-40', 2, 1402),
(4206, '1.4685364052918132e-35', 3, 1402),
(4207, '1.2939143584100035e-65', 1, 1403),
(4208, '1.1671664920309624e-62', 2, 1403),
(4209, '7.128016359998061e-62', 3, 1403),
(4210, '1.1778249627844444e-66', 1, 1404),
(4211, '3.984289195987902e-62', 2, 1404),
(4212, '4.749512651856629e-64', 3, 1404),
(4213, '0.0000000018759286273023747', 1, 1405),
(4214, '0.000000001884912802065286', 2, 1405),
(4215, '0.000000002863679017665469', 3, 1405),
(4216, '3.1802063876919777e-38', 1, 1406),
(4217, '7.744365922778248e-36', 2, 1406),
(4218, '3.311850698970965e-32', 3, 1406),
(4219, '0.00000000000003501957650183909', 1, 1407),
(4220, '0.000000000000543703932615027', 2, 1407),
(4221, '0.00000000000008070157089600705', 3, 1407),
(4222, '1.1440176909425773e-47', 1, 1408),
(4223, '2.1197623084662274e-45', 2, 1408),
(4224, '1.0639015121866128e-47', 3, 1408),
(4225, '1.451540963561384e-52', 1, 1409),
(4226, '1.2626630105451271e-53', 2, 1409),
(4227, '1.0706424357261124e-45', 3, 1409),
(4228, '2.7139498519557727e-42', 1, 1410),
(4229, '6.282747453299652e-42', 2, 1410),
(4230, '1.1559956842427016e-39', 3, 1410),
(4231, '4.998733468760301e-20', 1, 1411),
(4232, '9.771441467065045e-21', 2, 1411),
(4233, '3.680937587265863e-18', 3, 1411),
(4234, '1.4602053338605484e-33', 1, 1412),
(4235, '5.652797784923352e-32', 2, 1412),
(4236, '4.1100610968324744e-33', 3, 1412),
(4237, '2.131197111997654e-29', 1, 1413),
(4238, '1.080649183916084e-30', 2, 1413),
(4239, '1.605553273643627e-30', 3, 1413),
(4240, '5.598939841089704e-23', 1, 1414),
(4241, '7.516204194576739e-25', 2, 1414),
(4242, '1.9300943504356205e-23', 3, 1414),
(4243, '4.3986668855872215e-75', 1, 1415),
(4244, '3.111508501279779e-69', 2, 1415),
(4245, '2.8032390587036875e-70', 3, 1415),
(4246, '4.92919753620126e-66', 1, 1416),
(4247, '6.628865707862659e-66', 2, 1416),
(4248, '3.4235874953851435e-65', 3, 1416),
(4249, '3.107918699717184e-58', 1, 1417),
(4250, '5.576925472444562e-57', 2, 1417),
(4251, '1.498575232884425e-52', 3, 1417),
(4252, '9.01588491865263e-36', 1, 1418),
(4253, '2.798710637925288e-31', 2, 1418),
(4254, '2.702668035568184e-29', 3, 1418),
(4255, '1.8822960078827436e-34', 1, 1419),
(4256, '1.1601059617366897e-33', 2, 1419),
(4257, '2.4996815913608655e-34', 3, 1419),
(4258, '2.4993667343801514e-20', 1, 1420),
(4259, '1.0422870967208636e-19', 2, 1420),
(4260, '1.0602625752625039e-18', 3, 1420),
(4261, '4.4627583307803726e-45', 1, 1421),
(4262, '2.527005842815179e-40', 2, 1421),
(4263, '1.671996147490073e-45', 3, 1421),
(4264, '2.387093605570258e-33', 1, 1422),
(4265, '1.0099525792883945e-30', 2, 1422),
(4266, '4.6646890071238805e-32', 3, 1422),
(4267, '2.131197111997654e-29', 1, 1423),
(4268, '1.080649183916084e-30', 2, 1423),
(4269, '1.605553273643627e-30', 3, 1423),
(4270, '1.4984607689204055e-58', 1, 1424),
(4271, '8.996521888560228e-54', 2, 1424),
(4272, '1.323105727957792e-50', 3, 1424),
(4273, '2.2715760075054905e-39', 1, 1425),
(4274, '5.856079015724081e-38', 2, 1425),
(4275, '4.4550008298075996e-39', 3, 1425),
(4276, '2.4993667134604515e-20', 1, 1426),
(4277, '1.915202623713911e-18', 2, 1426),
(4278, '1.6983055661415167e-16', 3, 1426),
(4279, '7.774142459470091e-70', 1, 1427),
(4280, '1.0759794123124516e-64', 2, 1427),
(4281, '6.891204816887827e-64', 3, 1427),
(4282, '3.9436105047850936e-69', 1, 1428),
(4283, '4.6638223787984414e-68', 2, 1428),
(4284, '1.6671552781056196e-70', 3, 1428),
(4285, '4.2613145004824584e-47', 1, 1429),
(4286, '3.747054473905528e-47', 2, 1429),
(4287, '1.4099633101562318e-44', 3, 1429),
(4288, '3.592474689544487e-81', 1, 1430),
(4289, '4.866782309489326e-77', 2, 1430),
(4290, '8.945262730696781e-82', 3, 1430),
(4291, '2.69291662382594e-38', 1, 1431),
(4292, '1.7800729131417263e-34', 2, 1431),
(4293, '1.0487192557554108e-34', 3, 1431),
(4294, '1.6279573752769193e-58', 1, 1432),
(4295, '2.1784865118869511e-57', 2, 1432),
(4296, '2.833068742222966e-56', 3, 1432),
(4297, '8.171031592585905e-43', 1, 1433),
(4298, '1.530998360712193e-42', 2, 1433),
(4299, '4.0298576998469583e-38', 3, 1433),
(4300, '5.2486700752552795e-19', 1, 1434),
(4301, '1.915202586827109e-17', 2, 1434),
(4302, '2.0438561853948034e-16', 3, 1434),
(4303, '5.088655918467145e-41', 1, 1435),
(4304, '2.462836965270744e-39', 2, 1435),
(4305, '3.723523067638835e-41', 3, 1435),
(4306, '4.262394188319069e-29', 1, 1436),
(4307, '5.223138033788539e-29', 2, 1436),
(4308, '1.0052159665849184e-29', 3, 1436),
(4309, '0.00000000017586831077228798', 1, 1437),
(4310, '0.000000000117807048710978', 2, 1437),
(4311, '0.000000004832458413301977', 3, 1437),
(4312, '1.874525027773444e-19', 1, 1438),
(4313, '4.885720733532522e-21', 2, 1438),
(4314, '1.2165810960910478e-18', 3, 1438),
(4315, '4.543152053037164e-39', 1, 1439),
(4316, '8.156681593479655e-39', 2, 1439),
(4317, '1.6589825697413455e-39', 3, 1439),
(4318, '1.3985981126641263e-28', 1, 1440),
(4319, '8.558742038725945e-27', 2, 1440),
(4320, '3.38412225038464e-26', 3, 1440),
(4321, '3.992749098226362e-35', 1, 1441),
(4322, '1.1990782959470406e-33', 2, 1441),
(4323, '5.1194436858057485e-33', 3, 1441),
(4324, '8.79319717687442e-40', 1, 1442),
(4325, '1.445613927037023e-33', 2, 1442),
(4326, '3.7096177264853475e-33', 3, 1442),
(4327, '2.2797178084042007e-40', 1, 1443),
(4328, '1.9702696243942605e-37', 2, 1443),
(4329, '2.4180995665796874e-36', 3, 1443),
(4330, '1.3629455877717744e-37', 1, 1444),
(4331, '4.840228680761272e-38', 2, 1444),
(4332, '1.951162389676499e-33', 3, 1444),
(4333, '1.1366101968351735e-55', 1, 1445),
(4334, '2.689995230918466e-54', 2, 1445),
(4335, '1.2912700601582735e-46', 3, 1445),
(4336, '1.539609872731006e-17', 1, 1446),
(4337, '2.1106314127808454e-17', 2, 1446),
(4338, '0.000000000000018929834898059566', 3, 1446),
(4339, '0.0000002453362933001603', 1, 1447),
(4340, '0.00000003781606224180241', 2, 1447),
(4341, '0.0000002348767542093564', 3, 1447),
(4342, '7.492010107968548e-25', 1, 1448),
(4343, '3.8177518945607627e-22', 2, 1448),
(4344, '4.190997229586732e-23', 3, 1448),
(4345, '7.161280776750828e-33', 1, 1449),
(4346, '3.840313286208944e-32', 2, 1449),
(4347, '5.830861552092835e-33', 3, 1449),
(4348, '2.9076172165967588e-37', 1, 1450),
(4349, '2.134540800203646e-35', 2, 1450),
(4350, '1.795117718533623e-30', 3, 1450),
(4351, '4.070924639367525e-39', 1, 1451),
(4352, '1.1727795498254602e-39', 2, 1451),
(4353, '1.4221933301624135e-38', 3, 1451),
(4354, '0.000000000006863836838423894', 1, 1452),
(4355, '0.000000000044040018669048806', 2, 1452),
(4356, '0.0000000005307903576759227', 3, 1452);

-- --------------------------------------------------------

--
-- Table structure for table `klasifikasi`
--

CREATE TABLE `klasifikasi` (
  `id_klasifikasi` int(10) NOT NULL,
  `id_testing` int(10) DEFAULT NULL,
  `id_hasil` int(10) DEFAULT NULL,
  `id_sentimen` int(10) DEFAULT NULL
) ENGINE=InnoDB DEFAULT CHARSET=latin1;

--
-- Dumping data for table `klasifikasi`
--

INSERT INTO `klasifikasi` (`id_klasifikasi`, `id_testing`, `id_hasil`, `id_sentimen`) VALUES
(1373, 1373, 4117, 3),
(1374, 1374, 4120, 3),
(1375, 1375, 4123, 3),
(1376, 1376, 4126, 3),
(1377, 1377, 4129, 3),
(1378, 1378, 4132, 3),
(1379, 1379, 4135, 3),
(1380, 1380, 4138, 3),
(1381, 1381, 4141, 3),
(1382, 1382, 4144, 3),
(1383, 1383, 4147, 2),
(1384, 1384, 4150, 3),
(1385, 1385, 4153, 3),
(1386, 1386, 4156, 3),
(1387, 1387, 4159, 3),
(1388, 1388, 4162, 3),
(1389, 1389, 4165, 1),
(1390, 1390, 4168, 3),
(1391, 1391, 4171, 3),
(1392, 1392, 4174, 3),
(1393, 1393, 4177, 2),
(1394, 1394, 4180, 3),
(1395, 1395, 4183, 3),
(1396, 1396, 4186, 3),
(1397, 1397, 4189, 3),
(1398, 1398, 4192, 3),
(1399, 1399, 4195, 2),
(1400, 1400, 4198, 2),
(1401, 1401, 4201, 3),
(1402, 1402, 4204, 3),
(1403, 1403, 4207, 3),
(1404, 1404, 4210, 2),
(1405, 1405, 4213, 3),
(1406, 1406, 4216, 3),
(1407, 1407, 4219, 2),
(1408, 1408, 4222, 2),
(1409, 1409, 4225, 3),
(1410, 1410, 4228, 3),
(1411, 1411, 4231, 3),
(1412, 1412, 4234, 2),
(1413, 1413, 4237, 1),
(1414, 1414, 4240, 1),
(1415, 1415, 4243, 2),
(1416, 1416, 4246, 3),
(1417, 1417, 4249, 3),
(1418, 1418, 4252, 3),
(1419, 1419, 4255, 2),
(1420, 1420, 4258, 3),
(1421, 1421, 4261, 2),
(1422, 1422, 4264, 2),
(1423, 1423, 4267, 1),
(1424, 1424, 4270, 3),
(1425, 1425, 4273, 2),
(1426, 1426, 4276, 3),
(1427, 1427, 4279, 3),
(1428, 1428, 4282, 2),
(1429, 1429, 4285, 3),
(1430, 1430, 4288, 2),
(1431, 1431, 4291, 2),
(1432, 1432, 4294, 3),
(1433, 1433, 4297, 3),
(1434, 1434, 4300, 3),
(1435, 1435, 4303, 2),
(1436, 1436, 4306, 2),
(1437, 1437, 4309, 3),
(1438, 1438, 4312, 3),
(1439, 1439, 4315, 2),
(1440, 1440, 4318, 3),
(1441, 1441, 4321, 3),
(1442, 1442, 4324, 3),
(1443, 1443, 4327, 3),
(1444, 1444, 4330, 3),
(1445, 1445, 4333, 3),
(1446, 1446, 4336, 3),
(1447, 1447, 4339, 1),
(1448, 1448, 4342, 2),
(1449, 1449, 4345, 2),
(1450, 1450, 4348, 3),
(1451, 1451, 4351, 3),
(1452, 1452, 4354, 3);

-- --------------------------------------------------------

--
-- Table structure for table `proses`
--

CREATE TABLE `proses` (
  `id_testing` int(10) DEFAULT NULL,
  `id_training` int(10) DEFAULT NULL,
  `kelas_peluang` varchar(10) DEFAULT NULL,
  `kemunculan_kata` varchar(50) DEFAULT NULL,
  `nilai` varchar(50) DEFAULT NULL
) ENGINE=InnoDB DEFAULT CHARSET=latin1;

--
-- Dumping data for table `proses`
--

INSERT INTO `proses` (`id_testing`, `id_training`, `kelas_peluang`, `kemunculan_kata`, `nilai`) VALUES
(1373, 6438, 'Positif', 'min', '0.00477897252'),
(1373, NULL, 'Positif', 'kemarin', '0.00059737157'),
(1373, NULL, 'Positif', 'ganti', '0.00059737157'),
(1373, NULL, 'Positif', 'sim', '0.00059737157'),
(1373, NULL, 'Positif', 'card', '0.00059737157'),
(1373, NULL, 'Positif', 'nomor', '0.00059737157'),
(1373, 6501, 'Positif', 'mbanking', '0.00119474313'),
(1373, NULL, 'Positif', 'gabisa', '0.00059737157'),
(1373, 6453, 'Positif', 'dipake', '0.00119474313'),
(1373, NULL, 'Positif', 'simcard', '0.00059737157'),
(1373, 6422, 'Positif', 'ga', '0.00298685783'),
(1373, NULL, 'Positif', 'sesuai', '0.00059737157'),
(1373, 6657, 'Positif', 'gimana', '0.00119474313'),
(1373, 6451, 'Positif', 'ya', '0.00418160096'),
(1373, NULL, 'Positif', 'tks', '0.00059737157'),
(1373, 6426, 'Negatif', 'min', '0.0020768432'),
(1373, 6532, 'Negatif', 'kemarin', '0.00242298373'),
(1373, 6524, 'Negatif', 'ganti', '0.0010384216'),
(1373, NULL, 'Negatif', 'sim', '0.00034614053'),
(1373, NULL, 'Negatif', 'card', '0.00034614053'),
(1373, 6519, 'Negatif', 'nomor', '0.00138456213'),
(1373, 6431, 'Negatif', 'mbanking', '0.00069228107'),
(1373, 6607, 'Negatif', 'gabisa', '0.00069228107'),
(1373, 6598, 'Negatif', 'dipake', '0.00069228107'),
(1373, NULL, 'Negatif', 'simcard', '0.00034614053'),
(1373, 6435, 'Negatif', 'ga', '0.00726895119'),
(1373, 6680, 'Negatif', 'sesuai', '0.0010384216'),
(1373, 6468, 'Negatif', 'gimana', '0.00242298373'),
(1373, 6431, 'Negatif', 'ya', '0.0041536864'),
(1373, 6540, 'Negatif', 'tks', '0.00069228107'),
(1373, 6420, 'Netral', 'min', '0.0172919109'),
(1373, 6420, 'Netral', 'kemarin', '0.00087924971'),
(1373, 6486, 'Netral', 'ganti', '0.00175849941'),
(1373, 6675, 'Netral', 'sim', '0.00058616647'),
(1373, 6517, 'Netral', 'card', '0.00058616647'),
(1373, 6434, 'Netral', 'nomor', '0.00234466589'),
(1373, 6428, 'Netral', 'mbanking', '0.00468933177'),
(1373, 6528, 'Netral', 'gabisa', '0.00146541618'),
(1373, 6575, 'Netral', 'dipake', '0.00087924971'),
(1373, NULL, 'Netral', 'simcard', '0.00029308324'),
(1373, 6423, 'Netral', 'ga', '0.00263774912'),
(1373, 6633, 'Netral', 'sesuai', '0.00058616647'),
(1373, 6436, 'Netral', 'gimana', '0.00468933177'),
(1373, 6420, 'Netral', 'ya', '0.0123094959'),
(1373, 6487, 'Netral', 'tks', '0.00175849941'),
(1374, NULL, 'Positif', 'transfer', '0.00059737157'),
(1374, 6735, 'Positif', 'via', '0.00119474313'),
(1374, NULL, 'Positif', 'mbca', '0.00059737157'),
(1374, NULL, 'Positif', 'klikbca', '0.00059737157'),
(1374, NULL, 'Positif', 'gagal', '0.00059737157'),
(1374, 6451, 'Positif', 'ya', '0.00418160096'),
(1374, 6438, 'Positif', 'min', '0.00477897252'),
(1374, 6513, 'Negatif', 'transfer', '0.00138456213'),
(1374, 6506, 'Negatif', 'via', '0.00242298373'),
(1374, NULL, 'Negatif', 'mbca', '0.00034614053'),
(1374, NULL, 'Negatif', 'klikbca', '0.00034614053'),
(1374, 6427, 'Negatif', 'gagal', '0.0031152648'),
(1374, 6431, 'Negatif', 'ya', '0.0041536864'),
(1374, 6426, 'Negatif', 'min', '0.0020768432'),
(1374, 6421, 'Netral', 'transfer', '0.01113716295'),
(1374, 6421, 'Netral', 'via', '0.00498241501'),
(1374, NULL, 'Netral', 'mbca', '0.00029308324'),
(1374, 6444, 'Netral', 'klikbca', '0.00058616647'),
(1374, 6420, 'Netral', 'gagal', '0.00439624853'),
(1374, 6420, 'Netral', 'ya', '0.0123094959'),
(1374, 6420, 'Netral', 'min', '0.0172919109'),
(1375, NULL, 'Positif', 'na', '0.00059737157'),
(1375, 6584, 'Positif', 'bayar', '0.00238948626'),
(1375, NULL, 'Positif', 'kreditplus', '0.00059737157'),
(1375, 6735, 'Positif', 'via', '0.00119474313'),
(1375, NULL, 'Positif', 'klikbca', '0.00059737157'),
(1375, NULL, 'Positif', 'urut', '0.00059737157'),
(1375, NULL, 'Negatif', 'na', '0.00034614053'),
(1375, 6509, 'Negatif', 'bayar', '0.00138456213'),
(1375, NULL, 'Negatif', 'kreditplus', '0.00034614053'),
(1375, 6506, 'Negatif', 'via', '0.00242298373'),
(1375, NULL, 'Negatif', 'klikbca', '0.00034614053'),
(1375, 6557, 'Negatif', 'urut', '0.0010384216'),
(1375, 6461, 'Netral', 'na', '0.00058616647'),
(1375, 6461, 'Netral', 'bayar', '0.00381008206'),
(1375, NULL, 'Netral', 'kreditplus', '0.00029308324'),
(1375, 6421, 'Netral', 'via', '0.00498241501'),
(1375, 6444, 'Netral', 'klikbca', '0.00058616647'),
(1375, NULL, 'Netral', 'urut', '0.00029308324'),
(1376, NULL, 'Positif', 'utk', '0.00059737157'),
(1376, 6417, 'Positif', 'rek', '0.00119474313'),
(1376, NULL, 'Positif', 'dep', '0.00059737157'),
(1376, 6681, 'Positif', 'cabang', '0.00119474313'),
(1376, 6480, 'Positif', 'mohon', '0.00119474313'),
(1376, 6658, 'Positif', 'informasi', '0.00119474313'),
(1376, NULL, 'Positif', 'thx', '0.00059737157'),
(1376, 6511, 'Negatif', 'utk', '0.00173070267'),
(1376, 6435, 'Negatif', 'rek', '0.00173070267'),
(1376, NULL, 'Negatif', 'dep', '0.00034614053'),
(1376, 6524, 'Negatif', 'cabang', '0.00242298373'),
(1376, 6463, 'Negatif', 'mohon', '0.00242298373'),
(1376, NULL, 'Negatif', 'informasi', '0.00034614053'),
(1376, 6682, 'Negatif', 'thx', '0.00069228107'),
(1376, 6503, 'Netral', 'utk', '0.00205158265'),
(1376, 6440, 'Netral', 'rek', '0.00205158265'),
(1376, NULL, 'Netral', 'dep', '0.00029308324'),
(1376, 6443, 'Netral', 'cabang', '0.00381008206'),
(1376, 6420, 'Netral', 'mohon', '0.00703399766'),
(1376, 6580, 'Netral', 'informasi', '0.00058616647'),
(1376, 6632, 'Netral', 'thx', '0.00146541618'),
(1377, 6422, 'Positif', 'bca', '0.00418160096'),
(1377, 6422, 'Positif', 'bca', '0.00418160096'),
(1377, 6736, 'Positif', 'transaksi', '0.00119474313'),
(1377, NULL, 'Positif', 'merchan', '0.00059737157'),
(1377, 6450, 'Positif', 'yg', '0.00298685783'),
(1377, NULL, 'Positif', 'logo', '0.00059737157'),
(1377, NULL, 'Positif', 'cicil', '0.00059737157'),
(1377, NULL, 'Positif', 'cicil', '0.00059737157'),
(1377, NULL, 'Positif', 'apakahbisa', '0.00059737157'),
(1377, NULL, 'Positif', 'ubah', '0.00059737157'),
(1377, 6469, 'Negatif', 'bca', '0.00138456213'),
(1377, 6469, 'Negatif', 'bca', '0.00138456213'),
(1377, 6463, 'Negatif', 'transaksi', '0.0031152648'),
(1377, NULL, 'Negatif', 'merchan', '0.00034614053'),
(1377, 6432, 'Negatif', 'yg', '0.00830737279'),
(1377, NULL, 'Negatif', 'logo', '0.00034614053'),
(1377, NULL, 'Negatif', 'cicil', '0.00034614053'),
(1377, NULL, 'Negatif', 'cicil', '0.00034614053'),
(1377, NULL, 'Negatif', 'apakahbisa', '0.00034614053'),
(1377, NULL, 'Negatif', 'ubah', '0.00034614053'),
(1377, 6421, 'Netral', 'bca', '0.01025791325'),
(1377, 6421, 'Netral', 'bca', '0.01025791325'),
(1377, 6425, 'Netral', 'transaksi', '0.00849941383'),
(1377, 6458, 'Netral', 'merchan', '0.00058616647'),
(1377, 6423, 'Netral', 'yg', '0.00879249707'),
(1377, 6458, 'Netral', 'logo', '0.00058616647'),
(1377, 6458, 'Netral', 'cicil', '0.00087924971'),
(1377, 6458, 'Netral', 'cicil', '0.00087924971'),
(1377, 6458, 'Netral', 'apakahbisa', '0.00058616647'),
(1377, 6458, 'Netral', 'ubah', '0.00146541618'),
(1378, 6422, 'Positif', 'pake', '0.00418160096'),
(1378, 6422, 'Positif', 'atm', '0.0017921147'),
(1378, NULL, 'Positif', 'teh', '0.00059737157'),
(1378, NULL, 'Positif', 'gabisa', '0.00059737157'),
(1378, NULL, 'Positif', 'm', '0.00059737157'),
(1378, 6657, 'Positif', 'banking', '0.00119474313'),
(1378, NULL, 'Positif', 'kecuali', '0.00059737157'),
(1378, NULL, 'Positif', 'traveloka', '0.00059737157'),
(1378, 6509, 'Negatif', 'pake', '0.0020768432'),
(1378, 6505, 'Negatif', 'atm', '0.00761509173'),
(1378, NULL, 'Negatif', 'teh', '0.00034614053'),
(1378, 6607, 'Negatif', 'gabisa', '0.00069228107'),
(1378, NULL, 'Negatif', 'm', '0.00034614053'),
(1378, 6427, 'Negatif', 'banking', '0.00346140533'),
(1378, NULL, 'Negatif', 'kecuali', '0.00034614053'),
(1378, NULL, 'Negatif', 'traveloka', '0.00034614053'),
(1378, 6621, 'Netral', 'pake', '0.00087924971'),
(1378, 6424, 'Netral', 'atm', '0.01113716295'),
(1378, NULL, 'Netral', 'teh', '0.00029308324'),
(1378, 6528, 'Netral', 'gabisa', '0.00146541618'),
(1378, 6522, 'Netral', 'm', '0.00058616647'),
(1378, 6440, 'Netral', 'banking', '0.00498241501'),
(1378, NULL, 'Netral', 'kecuali', '0.00029308324'),
(1378, NULL, 'Netral', 'traveloka', '0.00029308324'),
(1379, 6422, 'Positif', 'siang', '0.00119474313'),
(1379, 6438, 'Positif', 'min', '0.00477897252'),
(1379, NULL, 'Positif', 'nomor', '0.00059737157'),
(1379, NULL, 'Positif', 'nomor', '0.00059737157'),
(1379, NULL, 'Positif', 'telpon', '0.00059737157'),
(1379, NULL, 'Positif', 'telpon', '0.00059737157'),
(1379, NULL, 'Positif', 'hubung', '0.00059737157'),
(1379, NULL, 'Positif', 'adu', '0.00059737157'),
(1379, 6725, 'Positif', 'ganggu', '0.0017921147'),
(1379, 6453, 'Positif', 'mesin', '0.00119474313'),
(1379, NULL, 'Positif', 'edc', '0.00059737157'),
(1379, 6451, 'Positif', 'ya', '0.00418160096'),
(1379, NULL, 'Positif', 'td', '0.00059737157'),
(1379, 6735, 'Positif', 'via', '0.00119474313'),
(1379, 6417, 'Positif', 'handphone', '0.00119474313'),
(1379, NULL, 'Positif', 'sambung', '0.00059737157'),
(1379, 6570, 'Negatif', 'siang', '0.00138456213'),
(1379, 6426, 'Negatif', 'min', '0.0020768432'),
(1379, 6519, 'Negatif', 'nomor', '0.00138456213'),
(1379, 6519, 'Negatif', 'nomor', '0.00138456213'),
(1379, 6634, 'Negatif', 'telpon', '0.0010384216'),
(1379, 6634, 'Negatif', 'telpon', '0.0010384216'),
(1379, 6469, 'Negatif', 'hubung', '0.00138456213'),
(1379, 6574, 'Negatif', 'adu', '0.00069228107'),
(1379, 6469, 'Negatif', 'ganggu', '0.00173070267'),
(1379, 6574, 'Negatif', 'mesin', '0.00242298373'),
(1379, NULL, 'Negatif', 'edc', '0.00034614053'),
(1379, 6431, 'Negatif', 'ya', '0.0041536864'),
(1379, 6435, 'Negatif', 'td', '0.00069228107'),
(1379, 6506, 'Negatif', 'via', '0.00242298373'),
(1379, 6688, 'Negatif', 'handphone', '0.00069228107'),
(1379, 6468, 'Negatif', 'sambung', '0.00138456213'),
(1379, 6428, 'Netral', 'siang', '0.00439624853'),
(1379, 6420, 'Netral', 'min', '0.0172919109'),
(1379, 6434, 'Netral', 'nomor', '0.00234466589'),
(1379, 6434, 'Netral', 'nomor', '0.00234466589'),
(1379, 6460, 'Netral', 'telpon', '0.00087924971'),
(1379, 6460, 'Netral', 'telpon', '0.00087924971'),
(1379, 6420, 'Netral', 'hubung', '0.00087924971'),
(1379, 6460, 'Netral', 'adu', '0.00058616647'),
(1379, 6446, 'Netral', 'ganggu', '0.00351699883'),
(1379, 6460, 'Netral', 'mesin', '0.00205158265'),
(1379, 6460, 'Netral', 'edc', '0.00087924971'),
(1379, 6420, 'Netral', 'ya', '0.0123094959'),
(1379, 6460, 'Netral', 'td', '0.00117233294'),
(1379, 6421, 'Netral', 'via', '0.00498241501'),
(1379, 6460, 'Netral', 'handphone', '0.00058616647'),
(1379, 6460, 'Netral', 'sambung', '0.00058616647'),
(1380, 6438, 'Positif', 'min', '0.00477897252'),
(1380, NULL, 'Positif', 'barusab', '0.00059737157'),
(1380, NULL, 'Positif', 'sy', '0.00059737157'),
(1380, NULL, 'Positif', 'transfer', '0.00059737157'),
(1380, NULL, 'Positif', 'ovo', '0.00059737157'),
(1380, NULL, 'Positif', 'ovo', '0.00059737157'),
(1380, 6736, 'Positif', 'terang', '0.00119474313'),
(1380, NULL, 'Positif', 'gagal', '0.00059737157'),
(1380, 6538, 'Positif', 'tp', '0.0017921147'),
(1380, 6430, 'Positif', 'saldo', '0.00238948626'),
(1380, 6430, 'Positif', 'saldo', '0.00238948626'),
(1380, 6419, 'Positif', 'tabung', '0.0017921147'),
(1380, NULL, 'Positif', 'kurang', '0.00059737157'),
(1380, 6681, 'Positif', 'tdk', '0.00119474313'),
(1380, 6485, 'Positif', 'tambah', '0.00119474313'),
(1380, 6451, 'Positif', 'ya', '0.00418160096'),
(1380, 6426, 'Negatif', 'min', '0.0020768432'),
(1380, NULL, 'Negatif', 'barusab', '0.00034614053'),
(1380, 6435, 'Negatif', 'sy', '0.00484596746'),
(1380, 6513, 'Negatif', 'transfer', '0.00138456213'),
(1380, 6506, 'Negatif', 'ovo', '0.0010384216'),
(1380, 6506, 'Negatif', 'ovo', '0.0010384216'),
(1380, NULL, 'Negatif', 'terang', '0.00034614053'),
(1380, 6427, 'Negatif', 'gagal', '0.0031152648'),
(1380, 6510, 'Negatif', 'tp', '0.0020768432'),
(1380, 6506, 'Negatif', 'saldo', '0.00484596746'),
(1380, 6506, 'Negatif', 'saldo', '0.00484596746'),
(1380, 6519, 'Negatif', 'tabung', '0.00138456213'),
(1380, 6563, 'Negatif', 'kurang', '0.00138456213'),
(1380, 6540, 'Negatif', 'tdk', '0.00138456213'),
(1380, 6506, 'Negatif', 'tambah', '0.00069228107'),
(1380, 6431, 'Negatif', 'ya', '0.0041536864'),
(1380, 6420, 'Netral', 'min', '0.0172919109'),
(1380, NULL, 'Netral', 'barusab', '0.00029308324'),
(1380, 6521, 'Netral', 'sy', '0.00381008206'),
(1380, 6421, 'Netral', 'transfer', '0.01113716295'),
(1380, 6545, 'Netral', 'ovo', '0.00146541618'),
(1380, 6545, 'Netral', 'ovo', '0.00146541618'),
(1380, 6428, 'Netral', 'terang', '0.00117233294'),
(1380, 6420, 'Netral', 'gagal', '0.00439624853'),
(1380, 6470, 'Netral', 'tp', '0.00498241501'),
(1380, 6424, 'Netral', 'saldo', '0.01348182884'),
(1380, 6424, 'Netral', 'saldo', '0.01348182884'),
(1380, 6443, 'Netral', 'tabung', '0.00234466589'),
(1380, 6543, 'Netral', 'kurang', '0.00205158265'),
(1380, 6503, 'Netral', 'tdk', '0.00146541618'),
(1380, 6442, 'Netral', 'tambah', '0.00234466589'),
(1380, 6420, 'Netral', 'ya', '0.0123094959'),
(1381, 6657, 'Positif', 'gimana', '0.00119474313'),
(1381, NULL, 'Positif', 'sih', '0.00059737157'),
(1381, NULL, 'Positif', 'payment', '0.00059737157'),
(1381, NULL, 'Positif', 'tiket', '0.00059737157'),
(1381, NULL, 'Positif', 'ka', '0.00059737157'),
(1381, 6422, 'Positif', 'pake', '0.00418160096'),
(1381, 6501, 'Positif', 'mbanking', '0.00119474313'),
(1381, 6422, 'Positif', 'bca', '0.00418160096'),
(1381, 6587, 'Positif', 'gak', '0.00238948626'),
(1381, 6656, 'Positif', 'menu', '0.00119474313'),
(1381, NULL, 'Positif', 'keburu', '0.00059737157'),
(1381, NULL, 'Positif', 'abiiiiis', '0.00059737157'),
(1381, 6468, 'Negatif', 'gimana', '0.00242298373'),
(1381, 6547, 'Negatif', 'sih', '0.00138456213'),
(1381, 6710, 'Negatif', 'payment', '0.00069228107'),
(1381, NULL, 'Negatif', 'tiket', '0.00034614053'),
(1381, NULL, 'Negatif', 'ka', '0.00034614053'),
(1381, 6509, 'Negatif', 'pake', '0.0020768432'),
(1381, 6431, 'Negatif', 'mbanking', '0.00069228107'),
(1381, 6469, 'Negatif', 'bca', '0.00138456213'),
(1381, 6431, 'Negatif', 'gak', '0.01003807546'),
(1381, 6710, 'Negatif', 'menu', '0.0010384216'),
(1381, 6598, 'Negatif', 'keburu', '0.00069228107'),
(1381, NULL, 'Negatif', 'abiiiiis', '0.00034614053'),
(1381, 6436, 'Netral', 'gimana', '0.00468933177'),
(1381, 6425, 'Netral', 'sih', '0.00087924971'),
(1381, 6461, 'Netral', 'payment', '0.00058616647'),
(1381, 6620, 'Netral', 'tiket', '0.00058616647'),
(1381, NULL, 'Netral', 'ka', '0.00029308324'),
(1381, 6621, 'Netral', 'pake', '0.00087924971'),
(1381, 6428, 'Netral', 'mbanking', '0.00468933177'),
(1381, 6421, 'Netral', 'bca', '0.01025791325'),
(1381, 6434, 'Netral', 'gak', '0.00263774912'),
(1381, 6562, 'Netral', 'menu', '0.00087924971'),
(1381, NULL, 'Netral', 'keburu', '0.00029308324'),
(1381, NULL, 'Netral', 'abiiiiis', '0.00029308324'),
(1382, 6438, 'Positif', 'ok', '0.0017921147'),
(1382, 6438, 'Positif', 'min', '0.00477897252'),
(1382, 6438, 'Positif', 'makasih', '0.00238948626'),
(1382, 6438, 'Positif', 'info', '0.0017921147'),
(1382, 6723, 'Negatif', 'ok', '0.00069228107'),
(1382, 6426, 'Negatif', 'min', '0.0020768432'),
(1382, 6611, 'Negatif', 'makasih', '0.00069228107'),
(1382, 6469, 'Negatif', 'info', '0.00173070267'),
(1382, NULL, 'Netral', 'ok', '0.00029308324'),
(1382, 6420, 'Netral', 'min', '0.0172919109'),
(1382, 6697, 'Netral', 'makasih', '0.00058616647'),
(1382, 6444, 'Netral', 'info', '0.00322391559'),
(1383, 6538, 'Positif', 'kalo', '0.00119474313'),
(1383, 6422, 'Positif', 'atm', '0.0017921147'),
(1383, NULL, 'Positif', 'ilang', '0.00059737157'),
(1383, 6485, 'Positif', 'bikin', '0.0017921147'),
(1383, 6485, 'Positif', 'bikin', '0.0017921147'),
(1383, 6623, 'Positif', 'lapor', '0.00119474313'),
(1383, NULL, 'Positif', 'polisi', '0.00059737157'),
(1383, 6422, 'Positif', 'ribet', '0.00119474313'),
(1383, 6417, 'Positif', 'aja', '0.00477897252'),
(1383, NULL, 'Positif', 'ngga', '0.00059737157'),
(1383, 6485, 'Positif', 'pakai', '0.00119474313'),
(1383, 6548, 'Negatif', 'kalo', '0.00173070267'),
(1383, 6505, 'Negatif', 'atm', '0.00761509173'),
(1383, 6525, 'Negatif', 'ilang', '0.00069228107'),
(1383, 6513, 'Negatif', 'bikin', '0.00276912426'),
(1383, 6513, 'Negatif', 'bikin', '0.00276912426'),
(1383, 6532, 'Negatif', 'lapor', '0.00346140533'),
(1383, 6635, 'Negatif', 'polisi', '0.00069228107'),
(1383, 6585, 'Negatif', 'ribet', '0.00138456213'),
(1383, 6509, 'Negatif', 'aja', '0.0062305296'),
(1383, 6506, 'Negatif', 'ngga', '0.00173070267'),
(1383, 6439, 'Negatif', 'pakai', '0.00138456213'),
(1383, 6420, 'Netral', 'kalo', '0.00234466589'),
(1383, 6424, 'Netral', 'atm', '0.01113716295'),
(1383, 6686, 'Netral', 'ilang', '0.00058616647'),
(1383, 6436, 'Netral', 'bikin', '0.00087924971'),
(1383, 6436, 'Netral', 'bikin', '0.00087924971'),
(1383, 6424, 'Netral', 'lapor', '0.00205158265'),
(1383, NULL, 'Netral', 'polisi', '0.00029308324'),
(1383, NULL, 'Netral', 'ribet', '0.00029308324'),
(1383, 6441, 'Netral', 'aja', '0.00234466589'),
(1383, 6429, 'Netral', 'ngga', '0.00087924971'),
(1383, 6448, 'Netral', 'pakai', '0.00293083236'),
(1384, 6480, 'Positif', 'mohon', '0.00119474313'),
(1384, 6672, 'Positif', 'maaf', '0.00119474313'),
(1384, NULL, 'Positif', 'batal', '0.00059737157'),
(1384, 6422, 'Positif', 'bca', '0.00418160096'),
(1384, NULL, 'Positif', 'life', '0.00059737157'),
(1384, 6463, 'Negatif', 'mohon', '0.00242298373'),
(1384, 6551, 'Negatif', 'maaf', '0.00138456213'),
(1384, NULL, 'Negatif', 'batal', '0.00034614053'),
(1384, 6469, 'Negatif', 'bca', '0.00138456213'),
(1384, 6469, 'Negatif', 'life', '0.0010384216'),
(1384, 6420, 'Netral', 'mohon', '0.00703399766'),
(1384, 6420, 'Netral', 'maaf', '0.00205158265'),
(1384, NULL, 'Netral', 'batal', '0.00029308324'),
(1384, 6421, 'Netral', 'bca', '0.01025791325'),
(1384, NULL, 'Netral', 'life', '0.00029308324'),
(1385, 6480, 'Positif', 'hai', '0.00119474313'),
(1385, 6438, 'Positif', 'min', '0.00477897252'),
(1385, 6672, 'Positif', 'maaf', '0.00119474313'),
(1385, NULL, 'Positif', 'guna', '0.00059737157'),
(1385, 6422, 'Positif', 'bca', '0.00418160096'),
(1385, NULL, 'Positif', 'silver', '0.00059737157'),
(1385, NULL, 'Positif', 'ganti', '0.00059737157'),
(1385, 6419, 'Positif', 'tahap', '0.0017921147'),
(1385, NULL, 'Positif', 'xpress', '0.00059737157'),
(1385, NULL, 'Negatif', 'hai', '0.00034614053'),
(1385, 6426, 'Negatif', 'min', '0.0020768432'),
(1385, 6551, 'Negatif', 'maaf', '0.00138456213'),
(1385, 6563, 'Negatif', 'guna', '0.0010384216'),
(1385, 6469, 'Negatif', 'bca', '0.00138456213'),
(1385, NULL, 'Negatif', 'silver', '0.00034614053'),
(1385, 6524, 'Negatif', 'ganti', '0.0010384216'),
(1385, NULL, 'Negatif', 'tahap', '0.00034614053'),
(1385, NULL, 'Negatif', 'xpress', '0.00034614053'),
(1385, 6456, 'Netral', 'hai', '0.00117233294'),
(1385, 6420, 'Netral', 'min', '0.0172919109'),
(1385, 6420, 'Netral', 'maaf', '0.00205158265'),
(1385, NULL, 'Netral', 'guna', '0.00029308324'),
(1385, 6421, 'Netral', 'bca', '0.01025791325'),
(1385, NULL, 'Netral', 'silver', '0.00029308324'),
(1385, 6486, 'Netral', 'ganti', '0.00175849941'),
(1385, 6461, 'Netral', 'tahap', '0.00058616647'),
(1385, NULL, 'Netral', 'xpress', '0.00029308324'),
(1386, NULL, 'Positif', 'selamat', '0.00059737157'),
(1386, NULL, 'Positif', 'pagi', '0.00059737157'),
(1386, 6733, 'Positif', 'jaring', '0.00119474313'),
(1386, 6733, 'Positif', 'jaring', '0.00119474313'),
(1386, 6501, 'Positif', 'normal', '0.00119474313'),
(1386, NULL, 'Positif', 'aktif', '0.00059737157'),
(1386, NULL, 'Positif', 'hubung', '0.00059737157'),
(1386, NULL, 'Positif', 'jumat', '0.00059737157'),
(1386, NULL, 'Positif', 'kemarin', '0.00059737157'),
(1386, 6422, 'Positif', 'bca', '0.00418160096'),
(1386, NULL, 'Positif', 'offline', '0.00059737157'),
(1386, NULL, 'Positif', 'indonesia', '0.00059737157'),
(1386, 6624, 'Positif', 'terimakasih', '0.00298685783'),
(1386, 6563, 'Negatif', 'selamat', '0.0010384216'),
(1386, 6466, 'Negatif', 'pagi', '0.00173070267'),
(1386, NULL, 'Negatif', 'jaring', '0.00034614053'),
(1386, NULL, 'Negatif', 'jaring', '0.00034614053'),
(1386, NULL, 'Negatif', 'normal', '0.00034614053'),
(1386, 6688, 'Negatif', 'aktif', '0.00069228107'),
(1386, 6469, 'Negatif', 'hubung', '0.00138456213'),
(1386, 6722, 'Negatif', 'jumat', '0.00069228107'),
(1386, 6532, 'Negatif', 'kemarin', '0.00242298373'),
(1386, 6469, 'Negatif', 'bca', '0.00138456213'),
(1386, 6466, 'Negatif', 'offline', '0.0010384216'),
(1386, NULL, 'Negatif', 'indonesia', '0.00034614053'),
(1386, NULL, 'Negatif', 'terimakasih', '0.00034614053'),
(1386, 6428, 'Netral', 'selamat', '0.00556858148'),
(1386, 6421, 'Netral', 'pagi', '0.00527549824'),
(1386, 6608, 'Netral', 'jaring', '0.00087924971'),
(1386, 6608, 'Netral', 'jaring', '0.00087924971'),
(1386, NULL, 'Netral', 'normal', '0.00029308324'),
(1386, 6464, 'Netral', 'aktif', '0.00234466589'),
(1386, 6420, 'Netral', 'hubung', '0.00087924971'),
(1386, NULL, 'Netral', 'jumat', '0.00029308324'),
(1386, 6420, 'Netral', 'kemarin', '0.00087924971'),
(1386, 6421, 'Netral', 'bca', '0.01025791325'),
(1386, NULL, 'Netral', 'offline', '0.00029308324'),
(1386, 6441, 'Netral', 'indonesia', '0.00058616647'),
(1386, 6454, 'Netral', 'terimakasih', '0.00146541618'),
(1387, NULL, 'Positif', 'utk', '0.00059737157'),
(1387, NULL, 'Positif', 'utk', '0.00059737157'),
(1387, 6417, 'Positif', 'buka', '0.00119474313'),
(1387, 6417, 'Positif', 'rek', '0.00119474313'),
(1387, 6417, 'Positif', 'rek', '0.00119474313'),
(1387, 6422, 'Positif', 'bca', '0.00418160096'),
(1387, 6450, 'Positif', 'yg', '0.00298685783'),
(1387, 6450, 'Positif', 'yg', '0.00298685783'),
(1387, NULL, 'Positif', 'awal', '0.00059737157'),
(1387, 6730, 'Positif', 'dr', '0.00119474313'),
(1387, 6681, 'Positif', 'cabang', '0.00119474313'),
(1387, 6681, 'Positif', 'cabang', '0.00119474313'),
(1387, 6451, 'Positif', 'ya', '0.00418160096'),
(1387, NULL, 'Positif', 'link', '0.00059737157'),
(1387, 6732, 'Positif', 'cek', '0.00119474313'),
(1387, NULL, 'Positif', 'angka', '0.00059737157'),
(1387, NULL, 'Positif', 'dep', '0.00059737157'),
(1387, NULL, 'Positif', 'gtu', '0.00059737157'),
(1387, 6511, 'Negatif', 'utk', '0.00173070267'),
(1387, 6511, 'Negatif', 'utk', '0.00173070267'),
(1387, 6530, 'Negatif', 'buka', '0.0010384216'),
(1387, 6435, 'Negatif', 'rek', '0.00173070267'),
(1387, 6435, 'Negatif', 'rek', '0.00173070267'),
(1387, 6469, 'Negatif', 'bca', '0.00138456213'),
(1387, 6432, 'Negatif', 'yg', '0.00830737279'),
(1387, 6432, 'Negatif', 'yg', '0.00830737279'),
(1387, NULL, 'Negatif', 'awal', '0.00034614053'),
(1387, 6435, 'Negatif', 'dr', '0.0020768432'),
(1387, 6524, 'Negatif', 'cabang', '0.00242298373'),
(1387, 6524, 'Negatif', 'cabang', '0.00242298373'),
(1387, 6431, 'Negatif', 'ya', '0.0041536864'),
(1387, 6551, 'Negatif', 'link', '0.0010384216'),
(1387, 6659, 'Negatif', 'cek', '0.00242298373'),
(1387, NULL, 'Negatif', 'angka', '0.00034614053'),
(1387, NULL, 'Negatif', 'dep', '0.00034614053'),
(1387, NULL, 'Negatif', 'gtu', '0.00034614053'),
(1387, 6503, 'Netral', 'utk', '0.00205158265'),
(1387, 6503, 'Netral', 'utk', '0.00205158265'),
(1387, 6462, 'Netral', 'buka', '0.00381008206'),
(1387, 6440, 'Netral', 'rek', '0.00205158265'),
(1387, 6440, 'Netral', 'rek', '0.00205158265'),
(1387, 6421, 'Netral', 'bca', '0.01025791325'),
(1387, 6423, 'Netral', 'yg', '0.00879249707'),
(1387, 6423, 'Netral', 'yg', '0.00879249707'),
(1387, NULL, 'Netral', 'awal', '0.00029308324'),
(1387, 6464, 'Netral', 'dr', '0.00351699883'),
(1387, 6443, 'Netral', 'cabang', '0.00381008206'),
(1387, 6443, 'Netral', 'cabang', '0.00381008206'),
(1387, 6420, 'Netral', 'ya', '0.0123094959'),
(1387, 6596, 'Netral', 'link', '0.00058616647'),
(1387, 6442, 'Netral', 'cek', '0.00322391559'),
(1387, NULL, 'Netral', 'angka', '0.00029308324'),
(1387, NULL, 'Netral', 'dep', '0.00029308324'),
(1387, NULL, 'Netral', 'gtu', '0.00029308324'),
(1388, 6422, 'Positif', 'bca', '0.00418160096'),
(1388, NULL, 'Positif', 'produk', '0.00059737157'),
(1388, 6721, 'Positif', 'simpan', '0.00119474313'),
(1388, 6721, 'Positif', 'simpan', '0.00119474313'),
(1388, 6450, 'Positif', 'yg', '0.00298685783'),
(1388, 6450, 'Positif', 'yg', '0.00298685783'),
(1388, 6450, 'Positif', 'yg', '0.00298685783'),
(1388, NULL, 'Positif', 'biaya', '0.00059737157'),
(1388, NULL, 'Positif', 'murah', '0.00059737157'),
(1388, NULL, 'Positif', 'fungsi', '0.00059737157'),
(1388, 6419, 'Positif', 'tahap', '0.0017921147'),
(1388, 6469, 'Negatif', 'bca', '0.00138456213'),
(1388, NULL, 'Negatif', 'produk', '0.00034614053'),
(1388, NULL, 'Negatif', 'simpan', '0.00034614053'),
(1388, NULL, 'Negatif', 'simpan', '0.00034614053'),
(1388, 6432, 'Negatif', 'yg', '0.00830737279'),
(1388, 6432, 'Negatif', 'yg', '0.00830737279'),
(1388, 6432, 'Negatif', 'yg', '0.00830737279'),
(1388, 6556, 'Negatif', 'biaya', '0.00069228107'),
(1388, NULL, 'Negatif', 'murah', '0.00034614053'),
(1388, 6659, 'Negatif', 'fungsi', '0.00138456213'),
(1388, NULL, 'Negatif', 'tahap', '0.00034614053'),
(1388, 6421, 'Netral', 'bca', '0.01025791325'),
(1388, NULL, 'Netral', 'produk', '0.00029308324'),
(1388, NULL, 'Netral', 'simpan', '0.00029308324'),
(1388, NULL, 'Netral', 'simpan', '0.00029308324'),
(1388, 6423, 'Netral', 'yg', '0.00879249707'),
(1388, 6423, 'Netral', 'yg', '0.00879249707'),
(1388, 6423, 'Netral', 'yg', '0.00879249707'),
(1388, 6425, 'Netral', 'biaya', '0.00234466589'),
(1388, NULL, 'Netral', 'murah', '0.00029308324'),
(1388, NULL, 'Netral', 'fungsi', '0.00029308324'),
(1388, 6461, 'Netral', 'tahap', '0.00058616647'),
(1389, 6430, 'Positif', 'terima', '0.00597371565'),
(1389, 6430, 'Positif', 'kasih', '0.00716845878'),
(1389, NULL, 'Positif', 'informasinyaa', '0.00059737157'),
(1389, 6426, 'Negatif', 'terima', '0.0010384216'),
(1389, 6662, 'Negatif', 'kasih', '0.00138456213'),
(1389, NULL, 'Negatif', 'informasinyaa', '0.00034614053'),
(1389, 6425, 'Netral', 'terima', '0.00322391559'),
(1389, 6425, 'Netral', 'kasih', '0.00351699883'),
(1389, NULL, 'Netral', 'informasinyaa', '0.00029308324'),
(1390, 6681, 'Positif', 'dear', '0.0017921147'),
(1390, NULL, 'Positif', 'bcasaya', '0.00059737157'),
(1390, NULL, 'Positif', 'email', '0.00059737157'),
(1390, NULL, 'Positif', 'apply', '0.00059737157'),
(1390, 6418, 'Positif', 'kartu', '0.00418160096'),
(1390, NULL, 'Positif', 'kredit', '0.00059737157'),
(1390, NULL, 'Positif', 'disetujui', '0.00059737157'),
(1390, NULL, 'Positif', 'kirim', '0.00059737157'),
(1390, NULL, 'Positif', 'alamat', '0.00059737157'),
(1390, NULL, 'Positif', 'nomor', '0.00059737157'),
(1390, 6430, 'Positif', 'rekening', '0.0017921147'),
(1390, 6422, 'Positif', 'bca', '0.00418160096'),
(1390, NULL, 'Positif', 'endik', '0.00059737157'),
(1390, NULL, 'Positif', 'agus', '0.00059737157'),
(1390, NULL, 'Positif', 'prasetyocc', '0.00059737157'),
(1390, 6574, 'Negatif', 'dear', '0.00138456213'),
(1390, NULL, 'Negatif', 'bcasaya', '0.00034614053'),
(1390, 6560, 'Negatif', 'email', '0.00242298373'),
(1390, NULL, 'Negatif', 'apply', '0.00034614053'),
(1390, 6505, 'Negatif', 'kartu', '0.0041536864'),
(1390, 6537, 'Negatif', 'kredit', '0.00138456213'),
(1390, NULL, 'Negatif', 'disetujui', '0.00034614053'),
(1390, 6560, 'Negatif', 'kirim', '0.00276912426'),
(1390, 6616, 'Negatif', 'alamat', '0.00069228107'),
(1390, 6519, 'Negatif', 'nomor', '0.00138456213'),
(1390, 6613, 'Negatif', 'rekening', '0.0010384216'),
(1390, 6469, 'Negatif', 'bca', '0.00138456213'),
(1390, NULL, 'Negatif', 'endik', '0.00034614053'),
(1390, NULL, 'Negatif', 'agus', '0.00034614053'),
(1390, NULL, 'Negatif', 'prasetyocc', '0.00034614053'),
(1390, 6531, 'Netral', 'dear', '0.00087924971'),
(1390, NULL, 'Netral', 'bcasaya', '0.00029308324'),
(1390, 6517, 'Netral', 'email', '0.00322391559'),
(1390, NULL, 'Netral', 'apply', '0.00029308324'),
(1390, 6436, 'Netral', 'kartu', '0.00791324736'),
(1390, 6474, 'Netral', 'kredit', '0.00146541618'),
(1390, NULL, 'Netral', 'disetujui', '0.00029308324'),
(1390, 6440, 'Netral', 'kirim', '0.00205158265'),
(1390, 6517, 'Netral', 'alamat', '0.00087924971'),
(1390, 6434, 'Netral', 'nomor', '0.00234466589'),
(1390, 6436, 'Netral', 'rekening', '0.00791324736'),
(1390, 6421, 'Netral', 'bca', '0.01025791325'),
(1390, NULL, 'Netral', 'endik', '0.00029308324'),
(1390, NULL, 'Netral', 'agus', '0.00029308324'),
(1390, NULL, 'Netral', 'prasetyocc', '0.00029308324'),
(1391, 6430, 'Positif', 'rekening', '0.0017921147'),
(1391, 6419, 'Positif', 'tabung', '0.0017921147'),
(1391, NULL, 'Positif', 'mbamas', '0.00059737157'),
(1391, 6418, 'Positif', 'kartu', '0.00418160096'),
(1391, 6734, 'Positif', 'debit', '0.0017921147'),
(1391, NULL, 'Positif', 'jasa', '0.00059737157'),
(1391, 6485, 'Positif', 'layan', '0.00298685783'),
(1391, NULL, 'Positif', 'gpn', '0.00059737157'),
(1391, NULL, 'Positif', 'ubah', '0.00059737157'),
(1391, NULL, 'Positif', 'ganti', '0.00059737157'),
(1391, NULL, 'Positif', 'mastercardvisa', '0.00059737157'),
(1391, 6613, 'Negatif', 'rekening', '0.0010384216'),
(1391, 6519, 'Negatif', 'tabung', '0.00138456213'),
(1391, NULL, 'Negatif', 'mbamas', '0.00034614053'),
(1391, 6505, 'Negatif', 'kartu', '0.0041536864'),
(1391, NULL, 'Negatif', 'debit', '0.00034614053'),
(1391, NULL, 'Negatif', 'jasa', '0.00034614053'),
(1391, 6463, 'Negatif', 'layan', '0.005192108'),
(1391, NULL, 'Negatif', 'gpn', '0.00034614053'),
(1391, NULL, 'Negatif', 'ubah', '0.00034614053'),
(1391, 6524, 'Negatif', 'ganti', '0.0010384216'),
(1391, NULL, 'Negatif', 'mastercardvisa', '0.00034614053'),
(1391, 6436, 'Netral', 'rekening', '0.00791324736'),
(1391, 6443, 'Netral', 'tabung', '0.00234466589'),
(1391, 6494, 'Netral', 'mbamas', '0.00058616647'),
(1391, 6436, 'Netral', 'kartu', '0.00791324736'),
(1391, 6461, 'Netral', 'debit', '0.00263774912'),
(1391, 6596, 'Netral', 'jasa', '0.00058616647'),
(1391, 6486, 'Netral', 'layan', '0.00087924971'),
(1391, NULL, 'Netral', 'gpn', '0.00029308324'),
(1391, 6458, 'Netral', 'ubah', '0.00146541618'),
(1391, 6486, 'Netral', 'ganti', '0.00175849941'),
(1391, NULL, 'Netral', 'mastercardvisa', '0.00029308324'),
(1392, 6417, 'Positif', 'buka', '0.00119474313'),
(1392, 6430, 'Positif', 'rekening', '0.0017921147'),
(1392, NULL, 'Positif', 'ganti', '0.00059737157'),
(1392, 6485, 'Positif', 'layan', '0.00298685783'),
(1392, 6418, 'Positif', 'kartu', '0.00418160096'),
(1392, NULL, 'Positif', 'paspor', '0.00059737157'),
(1392, 6422, 'Positif', 'bca', '0.00418160096'),
(1392, NULL, 'Positif', 'gpn', '0.00059737157'),
(1392, NULL, 'Positif', 'visa', '0.00059737157'),
(1392, 6430, 'Positif', 'terima', '0.00597371565'),
(1392, 6430, 'Positif', 'kasih', '0.00716845878'),
(1392, 6530, 'Negatif', 'buka', '0.0010384216'),
(1392, 6613, 'Negatif', 'rekening', '0.0010384216'),
(1392, 6524, 'Negatif', 'ganti', '0.0010384216'),
(1392, 6463, 'Negatif', 'layan', '0.005192108'),
(1392, 6505, 'Negatif', 'kartu', '0.0041536864'),
(1392, NULL, 'Negatif', 'paspor', '0.00034614053'),
(1392, 6469, 'Negatif', 'bca', '0.00138456213'),
(1392, NULL, 'Negatif', 'gpn', '0.00034614053'),
(1392, NULL, 'Negatif', 'visa', '0.00034614053'),
(1392, 6426, 'Negatif', 'terima', '0.0010384216'),
(1392, 6662, 'Negatif', 'kasih', '0.00138456213'),
(1392, 6462, 'Netral', 'buka', '0.00381008206'),
(1392, 6436, 'Netral', 'rekening', '0.00791324736'),
(1392, 6486, 'Netral', 'ganti', '0.00175849941'),
(1392, 6486, 'Netral', 'layan', '0.00087924971'),
(1392, 6436, 'Netral', 'kartu', '0.00791324736'),
(1392, NULL, 'Netral', 'paspor', '0.00029308324'),
(1392, 6421, 'Netral', 'bca', '0.01025791325'),
(1392, NULL, 'Netral', 'gpn', '0.00029308324'),
(1392, NULL, 'Netral', 'visa', '0.00029308324'),
(1392, 6425, 'Netral', 'terima', '0.00322391559'),
(1392, 6425, 'Netral', 'kasih', '0.00351699883'),
(1393, NULL, 'Positif', 'parah', '0.00059737157'),
(1393, 6656, 'Positif', 'aplikasi', '0.00119474313'),
(1393, 6587, 'Positif', 'gak', '0.00238948626'),
(1393, 6587, 'Positif', 'gak', '0.00238948626'),
(1393, NULL, 'Positif', 'genah', '0.00059737157'),
(1393, NULL, 'Positif', 'ngebug', '0.00059737157'),
(1393, NULL, 'Positif', 'ganti', '0.00059737157'),
(1393, NULL, 'Positif', 'hp', '0.00059737157'),
(1393, 6657, 'Positif', 'gimana', '0.00119474313'),
(1393, 6681, 'Positif', 'cabang', '0.00119474313'),
(1393, NULL, 'Positif', 'tutup', '0.00059737157'),
(1393, NULL, 'Positif', 'haduh', '0.00059737157'),
(1393, 6524, 'Negatif', 'parah', '0.00069228107'),
(1393, 6513, 'Negatif', 'aplikasi', '0.00138456213'),
(1393, 6431, 'Negatif', 'gak', '0.01003807546'),
(1393, 6431, 'Negatif', 'gak', '0.01003807546'),
(1393, 6524, 'Negatif', 'genah', '0.00069228107'),
(1393, 6524, 'Negatif', 'ngebug', '0.00069228107'),
(1393, 6524, 'Negatif', 'ganti', '0.0010384216'),
(1393, 6524, 'Negatif', 'hp', '0.00069228107'),
(1393, 6468, 'Negatif', 'gimana', '0.00242298373'),
(1393, 6524, 'Negatif', 'cabang', '0.00242298373'),
(1393, 6524, 'Negatif', 'tutup', '0.00138456213'),
(1393, 6524, 'Negatif', 'haduh', '0.00069228107'),
(1393, NULL, 'Netral', 'parah', '0.00029308324'),
(1393, 6461, 'Netral', 'aplikasi', '0.00322391559'),
(1393, 6434, 'Netral', 'gak', '0.00263774912'),
(1393, 6434, 'Netral', 'gak', '0.00263774912'),
(1393, NULL, 'Netral', 'genah', '0.00029308324'),
(1393, NULL, 'Netral', 'ngebug', '0.00029308324'),
(1393, 6486, 'Netral', 'ganti', '0.00175849941'),
(1393, 6521, 'Netral', 'hp', '0.00263774912'),
(1393, 6436, 'Netral', 'gimana', '0.00468933177'),
(1393, 6443, 'Netral', 'cabang', '0.00381008206'),
(1393, NULL, 'Netral', 'tutup', '0.00029308324'),
(1393, NULL, 'Netral', 'haduh', '0.00029308324'),
(1394, 6422, 'Positif', 'siang', '0.00119474313'),
(1394, 6438, 'Positif', 'min', '0.00477897252'),
(1394, NULL, 'Positif', 'adu', '0.00059737157'),
(1394, 6418, 'Positif', 'tarik', '0.00119474313'),
(1394, 6418, 'Positif', 'tunai', '0.00119474313'),
(1394, NULL, 'Positif', 'tanggal', '0.00059737157'),
(1394, NULL, 'Positif', 'april', '0.00059737157'),
(1394, 6538, 'Positif', 'jam', '0.0017921147'),
(1394, NULL, 'Positif', 'rb', '0.00059737157'),
(1394, 6422, 'Positif', 'atm', '0.0017921147'),
(1394, NULL, 'Positif', 'merespon', '0.00059737157'),
(1394, NULL, 'Positif', 'tulis', '0.00059737157'),
(1394, NULL, 'Positif', 'layar', '0.00059737157'),
(1394, NULL, 'Positif', 'habis', '0.00059737157'),
(1394, 6430, 'Positif', 'saldo', '0.00238948626'),
(1394, NULL, 'Positif', 'potong', '0.00059737157'),
(1394, 6623, 'Positif', 'udah', '0.0017921147'),
(1394, 6597, 'Positif', 'masuk', '0.00238948626'),
(1394, NULL, 'Positif', 'mutasi', '0.00059737157'),
(1394, 6657, 'Positif', 'gimana', '0.00119474313'),
(1394, 6451, 'Positif', 'ya', '0.00418160096'),
(1394, 6587, 'Positif', 'tolong', '0.0017921147'),
(1394, 6437, 'Positif', 'tindak', '0.00119474313'),
(1394, NULL, 'Positif', 'lanjut', '0.00059737157'),
(1394, 6430, 'Positif', 'terima', '0.00597371565'),
(1394, 6430, 'Positif', 'kasih', '0.00716845878'),
(1394, 6570, 'Negatif', 'siang', '0.00138456213'),
(1394, 6426, 'Negatif', 'min', '0.0020768432'),
(1394, 6574, 'Negatif', 'adu', '0.00069228107'),
(1394, 6431, 'Negatif', 'tarik', '0.00276912426'),
(1394, 6431, 'Negatif', 'tunai', '0.00380754586'),
(1394, 6619, 'Negatif', 'tanggal', '0.0010384216'),
(1394, 6532, 'Negatif', 'april', '0.00173070267'),
(1394, 6433, 'Negatif', 'jam', '0.0041536864'),
(1394, 6548, 'Negatif', 'rb', '0.00069228107'),
(1394, 6505, 'Negatif', 'atm', '0.00761509173'),
(1394, NULL, 'Negatif', 'merespon', '0.00034614053'),
(1394, 6551, 'Negatif', 'tulis', '0.00069228107'),
(1394, NULL, 'Negatif', 'layar', '0.00034614053'),
(1394, 6520, 'Negatif', 'habis', '0.00069228107'),
(1394, 6506, 'Negatif', 'saldo', '0.00484596746'),
(1394, 6508, 'Negatif', 'potong', '0.00242298373'),
(1394, 6518, 'Negatif', 'udah', '0.00553824853'),
(1394, 6510, 'Negatif', 'masuk', '0.0031152648'),
(1394, 6511, 'Negatif', 'mutasi', '0.00276912426'),
(1394, 6468, 'Negatif', 'gimana', '0.00242298373'),
(1394, 6431, 'Negatif', 'ya', '0.0041536864'),
(1394, 6469, 'Negatif', 'tolong', '0.00484596746'),
(1394, 6616, 'Negatif', 'tindak', '0.00069228107'),
(1394, 6616, 'Negatif', 'lanjut', '0.00069228107'),
(1394, 6426, 'Negatif', 'terima', '0.0010384216'),
(1394, 6662, 'Negatif', 'kasih', '0.00138456213'),
(1394, 6428, 'Netral', 'siang', '0.00439624853'),
(1394, 6420, 'Netral', 'min', '0.0172919109'),
(1394, 6460, 'Netral', 'adu', '0.00058616647'),
(1394, 6498, 'Netral', 'tarik', '0.00146541618'),
(1394, 6498, 'Netral', 'tunai', '0.00175849941'),
(1394, 6546, 'Netral', 'tanggal', '0.00117233294'),
(1394, 6653, 'Netral', 'april', '0.00058616647'),
(1394, 6449, 'Netral', 'jam', '0.00205158265'),
(1394, 6473, 'Netral', 'rb', '0.00058616647'),
(1394, 6424, 'Netral', 'atm', '0.01113716295'),
(1394, NULL, 'Netral', 'merespon', '0.00029308324'),
(1394, 6543, 'Netral', 'tulis', '0.00087924971'),
(1394, 6573, 'Netral', 'layar', '0.00058616647'),
(1394, 6473, 'Netral', 'habis', '0.00117233294'),
(1394, 6424, 'Netral', 'saldo', '0.01348182884'),
(1394, 6424, 'Netral', 'potong', '0.00439624853'),
(1394, 6424, 'Netral', 'udah', '0.00263774912'),
(1394, 6488, 'Netral', 'masuk', '0.00586166471'),
(1394, 6440, 'Netral', 'mutasi', '0.00175849941'),
(1394, 6436, 'Netral', 'gimana', '0.00468933177'),
(1394, 6420, 'Netral', 'ya', '0.0123094959'),
(1394, 6424, 'Netral', 'tolong', '0.00146541618'),
(1394, 6541, 'Netral', 'tindak', '0.00087924971'),
(1394, 6603, 'Netral', 'lanjut', '0.00058616647'),
(1394, 6425, 'Netral', 'terima', '0.00322391559'),
(1394, 6425, 'Netral', 'kasih', '0.00351699883'),
(1395, NULL, 'Positif', 'mobile', '0.00059737157'),
(1395, 6657, 'Positif', 'banking', '0.00119474313'),
(1395, 6538, 'Positif', 'bni', '0.00238948626'),
(1395, NULL, 'Positif', 'masa', '0.00059737157'),
(1395, 6687, 'Positif', 'kah', '0.00119474313'),
(1395, NULL, 'Positif', 'liat', '0.00059737157'),
(1395, NULL, 'Positif', 'mutasi', '0.00059737157'),
(1395, 6430, 'Positif', 'rekening', '0.0017921147'),
(1395, NULL, 'Positif', 'ajah', '0.00059737157'),
(1395, NULL, 'Positif', 'ngak', '0.00059737157'),
(1395, 6427, 'Negatif', 'mobile', '0.0041536864'),
(1395, 6427, 'Negatif', 'banking', '0.00346140533'),
(1395, 6506, 'Negatif', 'bni', '0.005192108'),
(1395, NULL, 'Negatif', 'masa', '0.00034614053'),
(1395, 6676, 'Negatif', 'kah', '0.00069228107'),
(1395, NULL, 'Negatif', 'liat', '0.00034614053'),
(1395, 6511, 'Negatif', 'mutasi', '0.00276912426'),
(1395, 6613, 'Negatif', 'rekening', '0.0010384216'),
(1395, NULL, 'Negatif', 'ajah', '0.00034614053'),
(1395, NULL, 'Negatif', 'ngak', '0.00034614053'),
(1395, 6421, 'Netral', 'mobile', '0.00586166471'),
(1395, 6440, 'Netral', 'banking', '0.00498241501'),
(1395, 6424, 'Netral', 'bni', '0.00703399766'),
(1395, 6423, 'Netral', 'masa', '0.00146541618'),
(1395, 6421, 'Netral', 'kah', '0.00146541618'),
(1395, 6440, 'Netral', 'liat', '0.00087924971'),
(1395, 6440, 'Netral', 'mutasi', '0.00175849941'),
(1395, 6436, 'Netral', 'rekening', '0.00791324736'),
(1395, NULL, 'Netral', 'ajah', '0.00029308324'),
(1395, NULL, 'Netral', 'ngak', '0.00029308324'),
(1396, NULL, 'Positif', 'selamat', '0.00059737157'),
(1396, NULL, 'Positif', 'pagi', '0.00059737157'),
(1396, NULL, 'Positif', 'tapcash', '0.00059737157'),
(1396, 6538, 'Positif', 'bni', '0.00238948626'),
(1396, 6485, 'Positif', 'pakai', '0.00119474313'),
(1396, NULL, 'Positif', 'belanja', '0.00059737157'),
(1396, NULL, 'Positif', 'alfamart', '0.00059737157'),
(1396, NULL, 'Positif', 'alfamart', '0.00059737157'),
(1396, NULL, 'Positif', 'toko', '0.00059737157'),
(1396, NULL, 'Positif', 'daerah', '0.00059737157'),
(1396, NULL, 'Positif', 'bekas', '0.00059737157'),
(1396, NULL, 'Positif', 'barat', '0.00059737157'),
(1396, NULL, 'Positif', 'alas', '0.00059737157'),
(1396, NULL, 'Positif', 'mes', '0.00059737157'),
(1396, 6563, 'Negatif', 'selamat', '0.0010384216'),
(1396, 6466, 'Negatif', 'pagi', '0.00173070267'),
(1396, NULL, 'Negatif', 'tapcash', '0.00034614053'),
(1396, 6506, 'Negatif', 'bni', '0.005192108'),
(1396, 6439, 'Negatif', 'pakai', '0.00138456213'),
(1396, NULL, 'Negatif', 'belanja', '0.00034614053'),
(1396, NULL, 'Negatif', 'alfamart', '0.00034614053'),
(1396, NULL, 'Negatif', 'alfamart', '0.00034614053'),
(1396, NULL, 'Negatif', 'toko', '0.00034614053'),
(1396, 6574, 'Negatif', 'daerah', '0.0010384216'),
(1396, 6634, 'Negatif', 'bekas', '0.0010384216'),
(1396, NULL, 'Negatif', 'barat', '0.00034614053'),
(1396, 6678, 'Negatif', 'alas', '0.00069228107'),
(1396, NULL, 'Negatif', 'mes', '0.00034614053'),
(1396, 6428, 'Netral', 'selamat', '0.00556858148'),
(1396, 6421, 'Netral', 'pagi', '0.00527549824'),
(1396, 6497, 'Netral', 'tapcash', '0.00058616647'),
(1396, 6424, 'Netral', 'bni', '0.00703399766'),
(1396, 6448, 'Netral', 'pakai', '0.00293083236'),
(1396, NULL, 'Netral', 'belanja', '0.00029308324'),
(1396, NULL, 'Netral', 'alfamart', '0.00029308324'),
(1396, NULL, 'Netral', 'alfamart', '0.00029308324'),
(1396, 6720, 'Netral', 'toko', '0.00058616647'),
(1396, 6462, 'Netral', 'daerah', '0.00146541618'),
(1396, 6572, 'Netral', 'bekas', '0.00087924971'),
(1396, 6544, 'Netral', 'barat', '0.00058616647'),
(1396, NULL, 'Netral', 'alas', '0.00029308324'),
(1396, NULL, 'Netral', 'mes', '0.00029308324'),
(1397, NULL, 'Positif', 'mobile', '0.00059737157'),
(1397, 6657, 'Positif', 'banking', '0.00119474313'),
(1397, NULL, 'Positif', 'error', '0.00059737157'),
(1397, 6451, 'Positif', 'ya', '0.00418160096'),
(1397, NULL, 'Positif', 'transfer', '0.00059737157'),
(1397, NULL, 'Positif', 'malam', '0.00059737157'),
(1397, NULL, 'Positif', 'gagal', '0.00059737157'),
(1397, NULL, 'Positif', 'koneksi', '0.00059737157'),
(1397, NULL, 'Positif', 'internet', '0.00059737157'),
(1397, 6587, 'Positif', 'gak', '0.00238948626'),
(1397, 6725, 'Positif', 'ganggu', '0.0017921147'),
(1397, 6427, 'Negatif', 'mobile', '0.0041536864'),
(1397, 6427, 'Negatif', 'banking', '0.00346140533'),
(1397, 6427, 'Negatif', 'error', '0.00138456213'),
(1397, 6431, 'Negatif', 'ya', '0.0041536864'),
(1397, 6513, 'Negatif', 'transfer', '0.00138456213'),
(1397, 6563, 'Negatif', 'malam', '0.00138456213'),
(1397, 6427, 'Negatif', 'gagal', '0.0031152648'),
(1397, 6724, 'Negatif', 'koneksi', '0.0010384216'),
(1397, 6579, 'Negatif', 'internet', '0.00138456213'),
(1397, 6431, 'Negatif', 'gak', '0.01003807546'),
(1397, 6469, 'Negatif', 'ganggu', '0.00173070267'),
(1397, 6421, 'Netral', 'mobile', '0.00586166471'),
(1397, 6440, 'Netral', 'banking', '0.00498241501'),
(1397, 6467, 'Netral', 'error', '0.00146541618'),
(1397, 6420, 'Netral', 'ya', '0.0123094959'),
(1397, 6421, 'Netral', 'transfer', '0.01113716295'),
(1397, 6478, 'Netral', 'malam', '0.00205158265'),
(1397, 6420, 'Netral', 'gagal', '0.00439624853'),
(1397, 6420, 'Netral', 'koneksi', '0.00117233294'),
(1397, 6420, 'Netral', 'internet', '0.00439624853'),
(1397, 6434, 'Netral', 'gak', '0.00263774912'),
(1397, 6446, 'Netral', 'ganggu', '0.00351699883'),
(1398, 6480, 'Positif', 'kak', '0.0017921147'),
(1398, 6480, 'Positif', 'kak', '0.0017921147'),
(1398, 6480, 'Positif', 'kak', '0.0017921147'),
(1398, NULL, 'Positif', 'kemarin', '0.00059737157'),
(1398, NULL, 'Positif', 'transfer', '0.00059737157'),
(1398, NULL, 'Positif', 'transfer', '0.00059737157'),
(1398, NULL, 'Positif', 'bukti', '0.00059737157'),
(1398, NULL, 'Positif', 'bukti', '0.00059737157'),
(1398, 6587, 'Positif', 'gak', '0.00238948626'),
(1398, NULL, 'Positif', 'klo', '0.00059737157'),
(1398, NULL, 'Positif', 'detail', '0.00059737157'),
(1398, 6657, 'Positif', 'gimana', '0.00119474313'),
(1398, 6451, 'Positif', 'ya', '0.00418160096'),
(1398, 6430, 'Positif', 'terima', '0.00597371565'),
(1398, 6430, 'Positif', 'kasih', '0.00716845878'),
(1398, NULL, 'Negatif', 'kak', '0.00034614053'),
(1398, NULL, 'Negatif', 'kak', '0.00034614053'),
(1398, NULL, 'Negatif', 'kak', '0.00034614053'),
(1398, 6532, 'Negatif', 'kemarin', '0.00242298373'),
(1398, 6513, 'Negatif', 'transfer', '0.00138456213'),
(1398, 6513, 'Negatif', 'transfer', '0.00138456213'),
(1398, 6662, 'Negatif', 'bukti', '0.00069228107'),
(1398, 6662, 'Negatif', 'bukti', '0.00069228107'),
(1398, 6431, 'Negatif', 'gak', '0.01003807546'),
(1398, 6707, 'Negatif', 'klo', '0.0010384216'),
(1398, NULL, 'Negatif', 'detail', '0.00034614053'),
(1398, 6468, 'Negatif', 'gimana', '0.00242298373'),
(1398, 6431, 'Negatif', 'ya', '0.0041536864'),
(1398, 6426, 'Negatif', 'terima', '0.0010384216'),
(1398, 6662, 'Negatif', 'kasih', '0.00138456213'),
(1398, 6515, 'Netral', 'kak', '0.00087924971'),
(1398, 6515, 'Netral', 'kak', '0.00087924971'),
(1398, 6515, 'Netral', 'kak', '0.00087924971'),
(1398, 6420, 'Netral', 'kemarin', '0.00087924971'),
(1398, 6421, 'Netral', 'transfer', '0.01113716295'),
(1398, 6421, 'Netral', 'transfer', '0.01113716295'),
(1398, 6586, 'Netral', 'bukti', '0.00058616647'),
(1398, 6586, 'Netral', 'bukti', '0.00058616647'),
(1398, 6434, 'Netral', 'gak', '0.00263774912'),
(1398, 6504, 'Netral', 'klo', '0.00117233294'),
(1398, NULL, 'Netral', 'detail', '0.00029308324'),
(1398, 6436, 'Netral', 'gimana', '0.00468933177'),
(1398, 6420, 'Netral', 'ya', '0.0123094959'),
(1398, 6425, 'Netral', 'terima', '0.00322391559'),
(1398, 6425, 'Netral', 'kasih', '0.00351699883'),
(1399, 6736, 'Positif', 'proses', '0.00119474313'),
(1399, 6736, 'Positif', 'proses', '0.00119474313'),
(1399, NULL, 'Positif', 'mba', '0.00059737157'),
(1399, NULL, 'Positif', 'hahaha', '0.00059737157'),
(1399, NULL, 'Positif', 'jelek', '0.00059737157'),
(1399, 6437, 'Positif', 'bank', '0.00657108722'),
(1399, 6437, 'Positif', 'bank', '0.00657108722'),
(1399, 6485, 'Positif', 'layan', '0.00298685783'),
(1399, NULL, 'Positif', 'bagus', '0.00059737157'),
(1399, NULL, 'Positif', 'be', '0.00059737157'),
(1399, 6518, 'Negatif', 'proses', '0.00346140533'),
(1399, 6518, 'Negatif', 'proses', '0.00346140533'),
(1399, NULL, 'Negatif', 'mba', '0.00034614053'),
(1399, NULL, 'Negatif', 'hahaha', '0.00034614053'),
(1399, 6693, 'Negatif', 'jelek', '0.00069228107'),
(1399, 6505, 'Negatif', 'bank', '0.0041536864'),
(1399, 6505, 'Negatif', 'bank', '0.0041536864'),
(1399, 6463, 'Negatif', 'layan', '0.005192108'),
(1399, 6724, 'Negatif', 'bagus', '0.00069228107'),
(1399, NULL, 'Negatif', 'be', '0.00034614053'),
(1399, 6462, 'Netral', 'proses', '0.00117233294'),
(1399, 6462, 'Netral', 'proses', '0.00117233294'),
(1399, NULL, 'Netral', 'mba', '0.00029308324'),
(1399, NULL, 'Netral', 'hahaha', '0.00029308324'),
(1399, 6608, 'Netral', 'jelek', '0.00058616647'),
(1399, 6420, 'Netral', 'bank', '0.00849941383'),
(1399, 6420, 'Netral', 'bank', '0.00849941383'),
(1399, 6486, 'Netral', 'layan', '0.00087924971'),
(1399, NULL, 'Netral', 'bagus', '0.00029308324'),
(1399, 6494, 'Netral', 'be', '0.00058616647'),
(1400, 6538, 'Positif', 'bni', '0.00238948626'),
(1400, NULL, 'Positif', 'lelet', '0.00059737157'),
(1400, NULL, 'Positif', 'tanggung', '0.00059737157'),
(1400, 6624, 'Positif', 'tunggu', '0.00119474313'),
(1400, 6624, 'Positif', 'tunggu', '0.00119474313'),
(1400, 6624, 'Positif', 'tunggu', '0.00119474313'),
(1400, 6587, 'Positif', 'gak', '0.00238948626'),
(1400, 6472, 'Positif', 'tau', '0.00119474313'),
(1400, 6721, 'Positif', 'uang', '0.0017921147'),
(1400, NULL, 'Positif', 'urgent', '0.00059737157'),
(1400, NULL, 'Positif', 'kembali', '0.00059737157'),
(1400, 6506, 'Negatif', 'bni', '0.005192108'),
(1400, NULL, 'Negatif', 'lelet', '0.00034614053'),
(1400, 6666, 'Negatif', 'tanggung', '0.00069228107'),
(1400, 6536, 'Negatif', 'tunggu', '0.00173070267'),
(1400, 6536, 'Negatif', 'tunggu', '0.00173070267'),
(1400, 6536, 'Negatif', 'tunggu', '0.00173070267'),
(1400, 6431, 'Negatif', 'gak', '0.01003807546'),
(1400, NULL, 'Negatif', 'tau', '0.00034614053'),
(1400, 6508, 'Negatif', 'uang', '0.00692281066'),
(1400, 6439, 'Negatif', 'urgent', '0.0010384216'),
(1400, 6662, 'Negatif', 'kembali', '0.00069228107'),
(1400, 6424, 'Netral', 'bni', '0.00703399766'),
(1400, NULL, 'Netral', 'lelet', '0.00029308324'),
(1400, NULL, 'Netral', 'tanggung', '0.00029308324'),
(1400, 6539, 'Netral', 'tunggu', '0.00087924971'),
(1400, 6539, 'Netral', 'tunggu', '0.00087924971'),
(1400, 6539, 'Netral', 'tunggu', '0.00087924971'),
(1400, 6434, 'Netral', 'gak', '0.00263774912'),
(1400, 6535, 'Netral', 'tau', '0.00058616647'),
(1400, 6424, 'Netral', 'uang', '0.00732708089'),
(1400, NULL, 'Netral', 'urgent', '0.00029308324'),
(1400, 6424, 'Netral', 'kembali', '0.00087924971'),
(1401, 6438, 'Positif', 'min', '0.00477897252'),
(1401, NULL, 'Positif', 'na', '0.00059737157'),
(1401, NULL, 'Positif', 'status', '0.00059737157'),
(1401, 6430, 'Positif', 'rekening', '0.0017921147'),
(1401, NULL, 'Positif', 'dorm', '0.00059737157'),
(1401, NULL, 'Positif', 'maksud', '0.00059737157'),
(1401, NULL, 'Positif', 'gmn', '0.00059737157'),
(1401, 6426, 'Negatif', 'min', '0.0020768432'),
(1401, NULL, 'Negatif', 'na', '0.00034614053'),
(1401, NULL, 'Negatif', 'status', '0.00034614053'),
(1401, 6613, 'Negatif', 'rekening', '0.0010384216'),
(1401, NULL, 'Negatif', 'dorm', '0.00034614053'),
(1401, 6722, 'Negatif', 'maksud', '0.00069228107'),
(1401, NULL, 'Negatif', 'gmn', '0.00034614053'),
(1401, 6420, 'Netral', 'min', '0.0172919109'),
(1401, 6461, 'Netral', 'na', '0.00058616647'),
(1401, 6599, 'Netral', 'status', '0.00146541618'),
(1401, 6436, 'Netral', 'rekening', '0.00791324736'),
(1401, NULL, 'Netral', 'dorm', '0.00029308324'),
(1401, 6494, 'Netral', 'maksud', '0.00117233294'),
(1401, 6487, 'Netral', 'gmn', '0.00087924971'),
(1402, 6438, 'Positif', 'min', '0.00477897252'),
(1402, 6438, 'Positif', 'min', '0.00477897252'),
(1402, NULL, 'Positif', 'gabisa', '0.00059737157'),
(1402, 6418, 'Positif', 'tarik', '0.00119474313'),
(1402, 6418, 'Positif', 'tunai', '0.00119474313'),
(1402, 6730, 'Positif', 'dr', '0.00119474313'),
(1402, 6422, 'Positif', 'atm', '0.0017921147'),
(1402, NULL, 'Positif', 'mana', '0.00059737157'),
(1402, NULL, 'Positif', 'utk', '0.00059737157'),
(1402, NULL, 'Positif', 'transfer', '0.00059737157'),
(1402, 6501, 'Positif', 'mbanking', '0.00119474313'),
(1402, 6450, 'Positif', 'jd', '0.00119474313'),
(1402, 6480, 'Positif', 'mohon', '0.00119474313'),
(1402, NULL, 'Positif', 'konfirmasi', '0.00059737157'),
(1402, 6426, 'Negatif', 'min', '0.0020768432'),
(1402, 6426, 'Negatif', 'min', '0.0020768432'),
(1402, 6607, 'Negatif', 'gabisa', '0.00069228107'),
(1402, 6431, 'Negatif', 'tarik', '0.00276912426'),
(1402, 6431, 'Negatif', 'tunai', '0.00380754586'),
(1402, 6435, 'Negatif', 'dr', '0.0020768432'),
(1402, 6505, 'Negatif', 'atm', '0.00761509173'),
(1402, 6619, 'Negatif', 'mana', '0.00069228107'),
(1402, 6511, 'Negatif', 'utk', '0.00173070267'),
(1402, 6513, 'Negatif', 'transfer', '0.00138456213'),
(1402, 6431, 'Negatif', 'mbanking', '0.00069228107'),
(1402, 6537, 'Negatif', 'jd', '0.00069228107'),
(1402, 6463, 'Negatif', 'mohon', '0.00242298373'),
(1402, 6667, 'Negatif', 'konfirmasi', '0.00069228107'),
(1402, 6420, 'Netral', 'min', '0.0172919109'),
(1402, 6420, 'Netral', 'min', '0.0172919109'),
(1402, 6528, 'Netral', 'gabisa', '0.00146541618'),
(1402, 6498, 'Netral', 'tarik', '0.00146541618'),
(1402, 6498, 'Netral', 'tunai', '0.00175849941'),
(1402, 6464, 'Netral', 'dr', '0.00351699883'),
(1402, 6424, 'Netral', 'atm', '0.01113716295'),
(1402, 6669, 'Netral', 'mana', '0.00058616647'),
(1402, 6503, 'Netral', 'utk', '0.00205158265'),
(1402, 6421, 'Netral', 'transfer', '0.01113716295'),
(1402, 6428, 'Netral', 'mbanking', '0.00468933177'),
(1402, 6503, 'Netral', 'jd', '0.00117233294'),
(1402, 6420, 'Netral', 'mohon', '0.00703399766'),
(1402, 6515, 'Netral', 'konfirmasi', '0.00117233294'),
(1403, NULL, 'Positif', 'kecewa', '0.00059737157'),
(1403, 6451, 'Positif', 'ya', '0.00418160096'),
(1403, NULL, 'Positif', 'dgn', '0.00059737157'),
(1403, 6730, 'Positif', 'dr', '0.00119474313'),
(1403, NULL, 'Positif', 'malam', '0.00059737157'),
(1403, NULL, 'Positif', 'blokir', '0.00059737157'),
(1403, 6422, 'Positif', 'atm', '0.0017921147'),
(1403, NULL, 'Positif', 'krn', '0.00059737157'),
(1403, 6418, 'Positif', 'kartu', '0.00418160096'),
(1403, NULL, 'Positif', 'hilang', '0.00059737157'),
(1403, NULL, 'Positif', 'smpe', '0.00059737157'),
(1403, NULL, 'Positif', 'skrg', '0.00059737157'),
(1403, 6736, 'Positif', 'proses', '0.00119474313'),
(1403, NULL, 'Positif', 'ditlp', '0.00059737157'),
(1403, 6735, 'Positif', 'via', '0.00119474313');
INSERT INTO `proses` (`id_testing`, `id_training`, `kelas_peluang`, `kemunculan_kata`, `nilai`) VALUES
(1403, 6735, 'Positif', 'via', '0.00119474313'),
(1403, NULL, 'Positif', 'sellu', '0.00059737157'),
(1403, NULL, 'Positif', 'putus', '0.00059737157'),
(1403, NULL, 'Positif', 'twitter', '0.00059737157'),
(1403, NULL, 'Positif', 'ad', '0.00059737157'),
(1403, 6502, 'Positif', 'respon', '0.00119474313'),
(1403, 6465, 'Negatif', 'kecewa', '0.0020768432'),
(1403, 6431, 'Negatif', 'ya', '0.0041536864'),
(1403, 6605, 'Negatif', 'dgn', '0.00069228107'),
(1403, 6435, 'Negatif', 'dr', '0.0020768432'),
(1403, 6563, 'Negatif', 'malam', '0.00138456213'),
(1403, 6525, 'Negatif', 'blokir', '0.00069228107'),
(1403, 6505, 'Negatif', 'atm', '0.00761509173'),
(1403, NULL, 'Negatif', 'krn', '0.00034614053'),
(1403, 6505, 'Negatif', 'kartu', '0.0041536864'),
(1403, 6557, 'Negatif', 'hilang', '0.00069228107'),
(1403, NULL, 'Negatif', 'smpe', '0.00034614053'),
(1403, 6532, 'Negatif', 'skrg', '0.00242298373'),
(1403, 6518, 'Negatif', 'proses', '0.00346140533'),
(1403, NULL, 'Negatif', 'ditlp', '0.00034614053'),
(1403, 6506, 'Negatif', 'via', '0.00242298373'),
(1403, 6506, 'Negatif', 'via', '0.00242298373'),
(1403, NULL, 'Negatif', 'sellu', '0.00034614053'),
(1403, NULL, 'Negatif', 'putus', '0.00034614053'),
(1403, 6433, 'Negatif', 'twitter', '0.00069228107'),
(1403, NULL, 'Negatif', 'ad', '0.00034614053'),
(1403, 6520, 'Negatif', 'respon', '0.00242298373'),
(1403, NULL, 'Netral', 'kecewa', '0.00029308324'),
(1403, 6420, 'Netral', 'ya', '0.0123094959'),
(1403, 6470, 'Netral', 'dgn', '0.00146541618'),
(1403, 6464, 'Netral', 'dr', '0.00351699883'),
(1403, 6478, 'Netral', 'malam', '0.00205158265'),
(1403, 6474, 'Netral', 'blokir', '0.00263774912'),
(1403, 6424, 'Netral', 'atm', '0.01113716295'),
(1403, 6474, 'Netral', 'krn', '0.00117233294'),
(1403, 6436, 'Netral', 'kartu', '0.00791324736'),
(1403, 6484, 'Netral', 'hilang', '0.00087924971'),
(1403, NULL, 'Netral', 'smpe', '0.00029308324'),
(1403, 6515, 'Netral', 'skrg', '0.00087924971'),
(1403, 6462, 'Netral', 'proses', '0.00117233294'),
(1403, NULL, 'Netral', 'ditlp', '0.00029308324'),
(1403, 6421, 'Netral', 'via', '0.00498241501'),
(1403, 6421, 'Netral', 'via', '0.00498241501'),
(1403, NULL, 'Netral', 'sellu', '0.00029308324'),
(1403, NULL, 'Netral', 'putus', '0.00029308324'),
(1403, NULL, 'Netral', 'twitter', '0.00029308324'),
(1403, NULL, 'Netral', 'ad', '0.00029308324'),
(1403, 6424, 'Netral', 'respon', '0.00087924971'),
(1404, 6538, 'Positif', 'bni', '0.00238948626'),
(1404, 6538, 'Positif', 'bni', '0.00238948626'),
(1404, NULL, 'Positif', 'mobile', '0.00059737157'),
(1404, NULL, 'Positif', 'mobile', '0.00059737157'),
(1404, 6657, 'Positif', 'banking', '0.00119474313'),
(1404, NULL, 'Positif', 'integrasi', '0.00059737157'),
(1404, 6418, 'Positif', 'kartu', '0.00418160096'),
(1404, NULL, 'Positif', 'kredit', '0.00059737157'),
(1404, 6485, 'Positif', 'layan', '0.00298685783'),
(1404, 6485, 'Positif', 'layan', '0.00298685783'),
(1404, 6417, 'Positif', 'mudah', '0.00238948626'),
(1404, NULL, 'Positif', 'simple', '0.00059737157'),
(1404, NULL, 'Positif', 'sms', '0.00059737157'),
(1404, NULL, 'Positif', 'smart', '0.00059737157'),
(1404, 6732, 'Positif', 'cek', '0.00119474313'),
(1404, 6430, 'Positif', 'saldo', '0.00238948626'),
(1404, 6656, 'Positif', 'tagih', '0.00119474313'),
(1404, NULL, 'Positif', 'dll', '0.00059737157'),
(1404, 6480, 'Positif', 'mohon', '0.00119474313'),
(1404, NULL, 'Positif', 'timbang', '0.00059737157'),
(1404, NULL, 'Positif', 'tingkat', '0.00059737157'),
(1404, NULL, 'Positif', 'kualitas', '0.00059737157'),
(1404, 6506, 'Negatif', 'bni', '0.005192108'),
(1404, 6506, 'Negatif', 'bni', '0.005192108'),
(1404, 6427, 'Negatif', 'mobile', '0.0041536864'),
(1404, 6427, 'Negatif', 'mobile', '0.0041536864'),
(1404, 6427, 'Negatif', 'banking', '0.00346140533'),
(1404, NULL, 'Negatif', 'integrasi', '0.00034614053'),
(1404, 6505, 'Negatif', 'kartu', '0.0041536864'),
(1404, 6537, 'Negatif', 'kredit', '0.00138456213'),
(1404, 6463, 'Negatif', 'layan', '0.005192108'),
(1404, 6463, 'Negatif', 'layan', '0.005192108'),
(1404, 6518, 'Negatif', 'mudah', '0.0010384216'),
(1404, 6520, 'Negatif', 'simple', '0.00069228107'),
(1404, 6463, 'Negatif', 'sms', '0.00069228107'),
(1404, NULL, 'Negatif', 'smart', '0.00034614053'),
(1404, 6659, 'Negatif', 'cek', '0.00242298373'),
(1404, 6506, 'Negatif', 'saldo', '0.00484596746'),
(1404, 6570, 'Negatif', 'tagih', '0.00069228107'),
(1404, 6519, 'Negatif', 'dll', '0.00069228107'),
(1404, 6463, 'Negatif', 'mohon', '0.00242298373'),
(1404, NULL, 'Negatif', 'timbang', '0.00034614053'),
(1404, 6511, 'Negatif', 'tingkat', '0.0010384216'),
(1404, 6463, 'Negatif', 'kualitas', '0.00173070267'),
(1404, 6424, 'Netral', 'bni', '0.00703399766'),
(1404, 6424, 'Netral', 'bni', '0.00703399766'),
(1404, 6421, 'Netral', 'mobile', '0.00586166471'),
(1404, 6421, 'Netral', 'mobile', '0.00586166471'),
(1404, 6440, 'Netral', 'banking', '0.00498241501'),
(1404, NULL, 'Netral', 'integrasi', '0.00029308324'),
(1404, 6436, 'Netral', 'kartu', '0.00791324736'),
(1404, 6474, 'Netral', 'kredit', '0.00146541618'),
(1404, 6486, 'Netral', 'layan', '0.00087924971'),
(1404, 6486, 'Netral', 'layan', '0.00087924971'),
(1404, NULL, 'Netral', 'mudah', '0.00029308324'),
(1404, NULL, 'Netral', 'simple', '0.00029308324'),
(1404, 6475, 'Netral', 'sms', '0.00117233294'),
(1404, NULL, 'Netral', 'smart', '0.00029308324'),
(1404, 6442, 'Netral', 'cek', '0.00322391559'),
(1404, 6424, 'Netral', 'saldo', '0.01348182884'),
(1404, 6512, 'Netral', 'tagih', '0.00058616647'),
(1404, NULL, 'Netral', 'dll', '0.00029308324'),
(1404, 6420, 'Netral', 'mohon', '0.00703399766'),
(1404, NULL, 'Netral', 'timbang', '0.00029308324'),
(1404, NULL, 'Netral', 'tingkat', '0.00029308324'),
(1404, NULL, 'Netral', 'kualitas', '0.00029308324'),
(1405, 6584, 'Positif', 'bayar', '0.00238948626'),
(1405, 6417, 'Positif', 'aja', '0.00477897252'),
(1405, 6656, 'Positif', 'tagih', '0.00119474313'),
(1405, 6509, 'Negatif', 'bayar', '0.00138456213'),
(1405, 6509, 'Negatif', 'aja', '0.0062305296'),
(1405, 6570, 'Negatif', 'tagih', '0.00069228107'),
(1405, 6461, 'Netral', 'bayar', '0.00381008206'),
(1405, 6441, 'Netral', 'aja', '0.00234466589'),
(1405, 6512, 'Netral', 'tagih', '0.00058616647'),
(1406, NULL, 'Positif', 'selamat', '0.00059737157'),
(1406, NULL, 'Positif', 'malam', '0.00059737157'),
(1406, NULL, 'Positif', 'daftar', '0.00059737157'),
(1406, 6538, 'Positif', 'bni', '0.00238948626'),
(1406, NULL, 'Positif', 'internet', '0.00059737157'),
(1406, 6657, 'Positif', 'banking', '0.00119474313'),
(1406, NULL, 'Positif', 'kode', '0.00059737157'),
(1406, NULL, 'Positif', 'otp', '0.00059737157'),
(1406, NULL, 'Positif', 'kirim', '0.00059737157'),
(1406, 6681, 'Positif', 'no', '0.00119474313'),
(1406, NULL, 'Positif', 'hp', '0.00059737157'),
(1406, 6451, 'Positif', 'ya', '0.00418160096'),
(1406, 6563, 'Negatif', 'selamat', '0.0010384216'),
(1406, 6563, 'Negatif', 'malam', '0.00138456213'),
(1406, 6435, 'Negatif', 'daftar', '0.00069228107'),
(1406, 6506, 'Negatif', 'bni', '0.005192108'),
(1406, 6579, 'Negatif', 'internet', '0.00138456213'),
(1406, 6427, 'Negatif', 'banking', '0.00346140533'),
(1406, NULL, 'Negatif', 'kode', '0.00034614053'),
(1406, NULL, 'Negatif', 'otp', '0.00034614053'),
(1406, 6560, 'Negatif', 'kirim', '0.00276912426'),
(1406, 6435, 'Negatif', 'no', '0.0010384216'),
(1406, 6524, 'Negatif', 'hp', '0.00069228107'),
(1406, 6431, 'Negatif', 'ya', '0.0041536864'),
(1406, 6428, 'Netral', 'selamat', '0.00556858148'),
(1406, 6478, 'Netral', 'malam', '0.00205158265'),
(1406, 6434, 'Netral', 'daftar', '0.00205158265'),
(1406, 6424, 'Netral', 'bni', '0.00703399766'),
(1406, 6420, 'Netral', 'internet', '0.00439624853'),
(1406, 6440, 'Netral', 'banking', '0.00498241501'),
(1406, 6454, 'Netral', 'kode', '0.00058616647'),
(1406, NULL, 'Netral', 'otp', '0.00029308324'),
(1406, 6440, 'Netral', 'kirim', '0.00205158265'),
(1406, 6461, 'Netral', 'no', '0.00146541618'),
(1406, 6521, 'Netral', 'hp', '0.00263774912'),
(1406, 6420, 'Netral', 'ya', '0.0123094959'),
(1407, 6624, 'Positif', 'kerja', '0.00119474313'),
(1407, NULL, 'Positif', 'lelet', '0.00059737157'),
(1407, NULL, 'Positif', 'habis', '0.00059737157'),
(1407, NULL, 'Positif', 'pikir', '0.00059737157'),
(1407, 6532, 'Negatif', 'kerja', '0.0041536864'),
(1407, NULL, 'Negatif', 'lelet', '0.00034614053'),
(1407, 6520, 'Negatif', 'habis', '0.00069228107'),
(1407, 6468, 'Negatif', 'pikir', '0.00173070267'),
(1407, 6424, 'Netral', 'kerja', '0.00146541618'),
(1407, NULL, 'Netral', 'lelet', '0.00029308324'),
(1407, 6473, 'Netral', 'habis', '0.00117233294'),
(1407, NULL, 'Netral', 'pikir', '0.00029308324'),
(1408, NULL, 'Positif', 'astaga', '0.00059737157'),
(1408, NULL, 'Positif', 'gue', '0.00059737157'),
(1408, NULL, 'Positif', 'gue', '0.00059737157'),
(1408, NULL, 'Positif', 'ambil', '0.00059737157'),
(1408, 6721, 'Positif', 'uang', '0.0017921147'),
(1408, NULL, 'Positif', 'rrkening', '0.00059737157'),
(1408, NULL, 'Positif', 'sungguh', '0.00059737157'),
(1408, NULL, 'Positif', 'keribetan', '0.00059737157'),
(1408, NULL, 'Positif', 'ngebuat', '0.00059737157'),
(1408, NULL, 'Positif', 'bulan', '0.00059737157'),
(1408, NULL, 'Positif', 'siasia', '0.00059737157'),
(1408, 6485, 'Positif', 'bikin', '0.0017921147'),
(1408, 6418, 'Positif', 'kartu', '0.00418160096'),
(1408, 6422, 'Positif', 'atm', '0.0017921147'),
(1408, NULL, 'Positif', 'banget', '0.00059737157'),
(1408, NULL, 'Negatif', 'astaga', '0.00034614053'),
(1408, 6588, 'Negatif', 'gue', '0.0010384216'),
(1408, 6588, 'Negatif', 'gue', '0.0010384216'),
(1408, 6551, 'Negatif', 'ambil', '0.00069228107'),
(1408, 6508, 'Negatif', 'uang', '0.00692281066'),
(1408, NULL, 'Negatif', 'rrkening', '0.00034614053'),
(1408, 6547, 'Negatif', 'sungguh', '0.0010384216'),
(1408, NULL, 'Negatif', 'keribetan', '0.00034614053'),
(1408, NULL, 'Negatif', 'ngebuat', '0.00034614053'),
(1408, NULL, 'Negatif', 'bulan', '0.00034614053'),
(1408, 6556, 'Negatif', 'siasia', '0.00069228107'),
(1408, 6513, 'Negatif', 'bikin', '0.00276912426'),
(1408, 6505, 'Negatif', 'kartu', '0.0041536864'),
(1408, 6505, 'Negatif', 'atm', '0.00761509173'),
(1408, 6466, 'Negatif', 'banget', '0.0041536864'),
(1408, NULL, 'Netral', 'astaga', '0.00029308324'),
(1408, NULL, 'Netral', 'gue', '0.00029308324'),
(1408, NULL, 'Netral', 'gue', '0.00029308324'),
(1408, 6452, 'Netral', 'ambil', '0.00146541618'),
(1408, 6424, 'Netral', 'uang', '0.00732708089'),
(1408, NULL, 'Netral', 'rrkening', '0.00029308324'),
(1408, NULL, 'Netral', 'sungguh', '0.00029308324'),
(1408, NULL, 'Netral', 'keribetan', '0.00029308324'),
(1408, NULL, 'Netral', 'ngebuat', '0.00029308324'),
(1408, NULL, 'Netral', 'bulan', '0.00029308324'),
(1408, NULL, 'Netral', 'siasia', '0.00029308324'),
(1408, 6436, 'Netral', 'bikin', '0.00087924971'),
(1408, 6436, 'Netral', 'kartu', '0.00791324736'),
(1408, 6424, 'Netral', 'atm', '0.01113716295'),
(1408, 6420, 'Netral', 'banget', '0.00146541618'),
(1409, NULL, 'Positif', 'selamat', '0.00059737157'),
(1409, NULL, 'Positif', 'pagi', '0.00059737157'),
(1409, 6438, 'Positif', 'min', '0.00477897252'),
(1409, 6480, 'Positif', 'mohon', '0.00119474313'),
(1409, 6430, 'Positif', 'bantu', '0.0017921147'),
(1409, NULL, 'Positif', 'nggak', '0.00059737157'),
(1409, NULL, 'Positif', 'login', '0.00059737157'),
(1409, NULL, 'Positif', 'klik', '0.00059737157'),
(1409, 6422, 'Positif', 'bca', '0.00418160096'),
(1409, NULL, 'Positif', 'kena', '0.00059737157'),
(1409, NULL, 'Positif', 'block', '0.00059737157'),
(1409, 6657, 'Positif', 'kali', '0.00119474313'),
(1409, 6453, 'Positif', 'salah', '0.00119474313'),
(1409, NULL, 'Positif', 'masukin', '0.00059737157'),
(1409, NULL, 'Positif', 'kode', '0.00059737157'),
(1409, NULL, 'Positif', 'token', '0.00059737157'),
(1409, 6624, 'Positif', 'terimakasih', '0.00298685783'),
(1409, 6563, 'Negatif', 'selamat', '0.0010384216'),
(1409, 6466, 'Negatif', 'pagi', '0.00173070267'),
(1409, 6426, 'Negatif', 'min', '0.0020768432'),
(1409, 6463, 'Negatif', 'mohon', '0.00242298373'),
(1409, 6525, 'Negatif', 'bantu', '0.00138456213'),
(1409, 6559, 'Negatif', 'nggak', '0.0010384216'),
(1409, NULL, 'Negatif', 'login', '0.00034614053'),
(1409, NULL, 'Negatif', 'klik', '0.00034614053'),
(1409, 6469, 'Negatif', 'bca', '0.00138456213'),
(1409, 6625, 'Negatif', 'kena', '0.00069228107'),
(1409, NULL, 'Negatif', 'block', '0.00034614053'),
(1409, 6513, 'Negatif', 'kali', '0.0031152648'),
(1409, 6537, 'Negatif', 'salah', '0.00173070267'),
(1409, NULL, 'Negatif', 'masukin', '0.00034614053'),
(1409, NULL, 'Negatif', 'kode', '0.00034614053'),
(1409, NULL, 'Negatif', 'token', '0.00034614053'),
(1409, NULL, 'Negatif', 'terimakasih', '0.00034614053'),
(1409, 6428, 'Netral', 'selamat', '0.00556858148'),
(1409, 6421, 'Netral', 'pagi', '0.00527549824'),
(1409, 6420, 'Netral', 'min', '0.0172919109'),
(1409, 6420, 'Netral', 'mohon', '0.00703399766'),
(1409, 6429, 'Netral', 'bantu', '0.00556858148'),
(1409, 6420, 'Netral', 'nggak', '0.00175849941'),
(1409, 6420, 'Netral', 'login', '0.00263774912'),
(1409, 6454, 'Netral', 'klik', '0.00058616647'),
(1409, 6421, 'Netral', 'bca', '0.01025791325'),
(1409, 6454, 'Netral', 'kena', '0.00175849941'),
(1409, 6454, 'Netral', 'block', '0.00087924971'),
(1409, 6428, 'Netral', 'kali', '0.00175849941'),
(1409, 6454, 'Netral', 'salah', '0.00117233294'),
(1409, 6454, 'Netral', 'masukin', '0.00087924971'),
(1409, 6454, 'Netral', 'kode', '0.00058616647'),
(1409, 6454, 'Netral', 'token', '0.00146541618'),
(1409, 6454, 'Netral', 'terimakasih', '0.00146541618'),
(1410, NULL, 'Positif', 'selamat', '0.00059737157'),
(1410, NULL, 'Positif', 'pagi', '0.00059737157'),
(1410, 6451, 'Positif', 'admin', '0.00119474313'),
(1410, NULL, 'Positif', 'daftar', '0.00059737157'),
(1410, NULL, 'Positif', 'ebangking', '0.00059737157'),
(1410, NULL, 'Positif', 'sll', '0.00059737157'),
(1410, NULL, 'Positif', 'gagal', '0.00059737157'),
(1410, NULL, 'Positif', 'gk', '0.00059737157'),
(1410, NULL, 'Positif', 'kode', '0.00059737157'),
(1410, NULL, 'Positif', 'otp', '0.00059737157'),
(1410, 6681, 'Positif', 'no', '0.00119474313'),
(1410, NULL, 'Positif', 'aktip', '0.00059737157'),
(1410, 6438, 'Positif', 'makasih', '0.00238948626'),
(1410, 6563, 'Negatif', 'selamat', '0.0010384216'),
(1410, 6466, 'Negatif', 'pagi', '0.00173070267'),
(1410, 6641, 'Negatif', 'admin', '0.0020768432'),
(1410, 6435, 'Negatif', 'daftar', '0.00069228107'),
(1410, NULL, 'Negatif', 'ebangking', '0.00034614053'),
(1410, NULL, 'Negatif', 'sll', '0.00034614053'),
(1410, 6427, 'Negatif', 'gagal', '0.0031152648'),
(1410, 6622, 'Negatif', 'gk', '0.00069228107'),
(1410, NULL, 'Negatif', 'kode', '0.00034614053'),
(1410, NULL, 'Negatif', 'otp', '0.00034614053'),
(1410, 6435, 'Negatif', 'no', '0.0010384216'),
(1410, NULL, 'Negatif', 'aktip', '0.00034614053'),
(1410, 6611, 'Negatif', 'makasih', '0.00069228107'),
(1410, 6428, 'Netral', 'selamat', '0.00556858148'),
(1410, 6421, 'Netral', 'pagi', '0.00527549824'),
(1410, 6475, 'Netral', 'admin', '0.00146541618'),
(1410, 6434, 'Netral', 'daftar', '0.00205158265'),
(1410, NULL, 'Netral', 'ebangking', '0.00029308324'),
(1410, NULL, 'Netral', 'sll', '0.00029308324'),
(1410, 6420, 'Netral', 'gagal', '0.00439624853'),
(1410, 6571, 'Netral', 'gk', '0.00146541618'),
(1410, 6454, 'Netral', 'kode', '0.00058616647'),
(1410, NULL, 'Netral', 'otp', '0.00029308324'),
(1410, 6461, 'Netral', 'no', '0.00146541618'),
(1410, NULL, 'Netral', 'aktip', '0.00029308324'),
(1410, 6697, 'Netral', 'makasih', '0.00058616647'),
(1411, 6438, 'Positif', 'min', '0.00477897252'),
(1411, NULL, 'Positif', 'kln', '0.00059737157'),
(1411, NULL, 'Positif', 'wilayah', '0.00059737157'),
(1411, NULL, 'Positif', 'bekas', '0.00059737157'),
(1411, NULL, 'Positif', 'cair', '0.00059737157'),
(1411, NULL, 'Positif', 'jht', '0.00059737157'),
(1411, 6426, 'Negatif', 'min', '0.0020768432'),
(1411, NULL, 'Negatif', 'kln', '0.00034614053'),
(1411, NULL, 'Negatif', 'wilayah', '0.00034614053'),
(1411, 6634, 'Negatif', 'bekas', '0.0010384216'),
(1411, NULL, 'Negatif', 'cair', '0.00034614053'),
(1411, NULL, 'Negatif', 'jht', '0.00034614053'),
(1411, 6420, 'Netral', 'min', '0.0172919109'),
(1411, 6572, 'Netral', 'kln', '0.00058616647'),
(1411, 6544, 'Netral', 'wilayah', '0.00087924971'),
(1411, 6572, 'Netral', 'bekas', '0.00087924971'),
(1411, 6572, 'Netral', 'cair', '0.00146541618'),
(1411, 6572, 'Netral', 'jht', '0.00058616647'),
(1412, 6430, 'Positif', 'sdh', '0.00119474313'),
(1412, 6480, 'Positif', 'dm', '0.00238948626'),
(1412, 6538, 'Positif', 'tp', '0.0017921147'),
(1412, 6502, 'Positif', 'respon', '0.00119474313'),
(1412, 6417, 'Positif', 'aja', '0.00477897252'),
(1412, 6730, 'Positif', 'dr', '0.00119474313'),
(1412, NULL, 'Positif', 'dsrh', '0.00059737157'),
(1412, NULL, 'Positif', 'nunggu', '0.00059737157'),
(1412, 6681, 'Positif', 'amp', '0.00119474313'),
(1412, NULL, 'Positif', 'follow', '0.00059737157'),
(1412, 6450, 'Positif', 'up', '0.00119474313'),
(1412, 6567, 'Negatif', 'sdh', '0.00242298373'),
(1412, NULL, 'Negatif', 'dm', '0.00034614053'),
(1412, 6510, 'Negatif', 'tp', '0.0020768432'),
(1412, 6520, 'Negatif', 'respon', '0.00242298373'),
(1412, 6509, 'Negatif', 'aja', '0.0062305296'),
(1412, 6435, 'Negatif', 'dr', '0.0020768432'),
(1412, NULL, 'Negatif', 'dsrh', '0.00034614053'),
(1412, 6511, 'Negatif', 'nunggu', '0.00380754586'),
(1412, 6537, 'Negatif', 'amp', '0.00173070267'),
(1412, 6722, 'Negatif', 'follow', '0.0010384216'),
(1412, 6506, 'Negatif', 'up', '0.00138456213'),
(1412, 6442, 'Netral', 'sdh', '0.00205158265'),
(1412, 6550, 'Netral', 'dm', '0.00117233294'),
(1412, 6470, 'Netral', 'tp', '0.00498241501'),
(1412, 6424, 'Netral', 'respon', '0.00087924971'),
(1412, 6441, 'Netral', 'aja', '0.00234466589'),
(1412, 6464, 'Netral', 'dr', '0.00351699883'),
(1412, NULL, 'Netral', 'dsrh', '0.00029308324'),
(1412, NULL, 'Netral', 'nunggu', '0.00029308324'),
(1412, 6512, 'Netral', 'amp', '0.00234466589'),
(1412, NULL, 'Netral', 'follow', '0.00029308324'),
(1412, 6442, 'Netral', 'up', '0.00146541618'),
(1413, NULL, 'Positif', 'epay', '0.00059737157'),
(1413, 6587, 'Positif', 'bri', '0.00238948626'),
(1413, NULL, 'Positif', 'ikut', '0.00059737157'),
(1413, NULL, 'Positif', 'giveaway', '0.00059737157'),
(1413, NULL, 'Positif', 'yuk', '0.00059737157'),
(1413, NULL, 'Positif', 'teman', '0.00059737157'),
(1413, 6472, 'Positif', 'tau', '0.00119474313'),
(1413, 6418, 'Positif', 'untung', '0.00119474313'),
(1413, NULL, 'Positif', 'amiinn', '0.00059737157'),
(1413, NULL, 'Negatif', 'epay', '0.00034614053'),
(1413, 6576, 'Negatif', 'bri', '0.00553824853'),
(1413, NULL, 'Negatif', 'ikut', '0.00034614053'),
(1413, NULL, 'Negatif', 'giveaway', '0.00034614053'),
(1413, NULL, 'Negatif', 'yuk', '0.00034614053'),
(1413, NULL, 'Negatif', 'teman', '0.00034614053'),
(1413, NULL, 'Negatif', 'tau', '0.00034614053'),
(1413, 6692, 'Negatif', 'untung', '0.0010384216'),
(1413, NULL, 'Negatif', 'amiinn', '0.00034614053'),
(1413, NULL, 'Netral', 'epay', '0.00029308324'),
(1413, 6503, 'Netral', 'bri', '0.00674091442'),
(1413, 6521, 'Netral', 'ikut', '0.00058616647'),
(1413, NULL, 'Netral', 'giveaway', '0.00029308324'),
(1413, NULL, 'Netral', 'yuk', '0.00029308324'),
(1413, 6580, 'Netral', 'teman', '0.00058616647'),
(1413, 6535, 'Netral', 'tau', '0.00058616647'),
(1413, NULL, 'Netral', 'untung', '0.00029308324'),
(1413, NULL, 'Netral', 'amiinn', '0.00029308324'),
(1414, 6624, 'Positif', 'terimakasih', '0.00298685783'),
(1414, 6430, 'Positif', 'bantu', '0.0017921147'),
(1414, NULL, 'Positif', 'sukses', '0.00059737157'),
(1414, NULL, 'Positif', 'acara', '0.00059737157'),
(1414, NULL, 'Positif', 'connext', '0.00059737157'),
(1414, NULL, 'Positif', 'conference', '0.00059737157'),
(1414, NULL, 'Positif', 'purwokerto', '0.00059737157'),
(1414, NULL, 'Negatif', 'terimakasih', '0.00034614053'),
(1414, 6525, 'Negatif', 'bantu', '0.00138456213'),
(1414, NULL, 'Negatif', 'sukses', '0.00034614053'),
(1414, NULL, 'Negatif', 'acara', '0.00034614053'),
(1414, NULL, 'Negatif', 'connext', '0.00034614053'),
(1414, NULL, 'Negatif', 'conference', '0.00034614053'),
(1414, NULL, 'Negatif', 'purwokerto', '0.00034614053'),
(1414, 6454, 'Netral', 'terimakasih', '0.00146541618'),
(1414, 6429, 'Netral', 'bantu', '0.00556858148'),
(1414, 6701, 'Netral', 'sukses', '0.00058616647'),
(1414, NULL, 'Netral', 'acara', '0.00029308324'),
(1414, NULL, 'Netral', 'connext', '0.00029308324'),
(1414, NULL, 'Netral', 'conference', '0.00029308324'),
(1414, NULL, 'Netral', 'purwokerto', '0.00029308324'),
(1415, 6417, 'Positif', 'aja', '0.00477897252'),
(1415, NULL, 'Positif', 'setor', '0.00059737157'),
(1415, 6418, 'Positif', 'tunai', '0.00119474313'),
(1415, 6422, 'Positif', 'atm', '0.0017921147'),
(1415, 6422, 'Positif', 'atm', '0.0017921147'),
(1415, 6538, 'Positif', 'bni', '0.00238948626'),
(1415, 6538, 'Positif', 'bni', '0.00238948626'),
(1415, 6721, 'Positif', 'uang', '0.0017921147'),
(1415, 6597, 'Positif', 'masuk', '0.00238948626'),
(1415, 6597, 'Positif', 'masuk', '0.00238948626'),
(1415, 6453, 'Positif', 'mesin', '0.00119474313'),
(1415, 6430, 'Positif', 'saldo', '0.00238948626'),
(1415, 6587, 'Positif', 'gak', '0.00238948626'),
(1415, 6587, 'Positif', 'gak', '0.00238948626'),
(1415, 6430, 'Positif', 'rekening', '0.0017921147'),
(1415, 6623, 'Positif', 'udah', '0.0017921147'),
(1415, NULL, 'Positif', 'bulan', '0.00059737157'),
(1415, NULL, 'Positif', 'laporin', '0.00059737157'),
(1415, NULL, 'Positif', 'sampe', '0.00059737157'),
(1415, NULL, 'Positif', 'hasil', '0.00059737157'),
(1415, 6437, 'Positif', 'bank', '0.00657108722'),
(1415, NULL, 'Positif', 'plat', '0.00059737157'),
(1415, NULL, 'Positif', 'merah', '0.00059737157'),
(1415, 6453, 'Positif', 'lho', '0.0017921147'),
(1415, NULL, 'Positif', 'muak', '0.00059737157'),
(1415, 6485, 'Positif', 'layan', '0.00298685783'),
(1415, 6509, 'Negatif', 'aja', '0.0062305296'),
(1415, 6511, 'Negatif', 'setor', '0.00242298373'),
(1415, 6431, 'Negatif', 'tunai', '0.00380754586'),
(1415, 6505, 'Negatif', 'atm', '0.00761509173'),
(1415, 6505, 'Negatif', 'atm', '0.00761509173'),
(1415, 6506, 'Negatif', 'bni', '0.005192108'),
(1415, 6506, 'Negatif', 'bni', '0.005192108'),
(1415, 6508, 'Negatif', 'uang', '0.00692281066'),
(1415, 6510, 'Negatif', 'masuk', '0.0031152648'),
(1415, 6510, 'Negatif', 'masuk', '0.0031152648'),
(1415, 6574, 'Negatif', 'mesin', '0.00242298373'),
(1415, 6506, 'Negatif', 'saldo', '0.00484596746'),
(1415, 6431, 'Negatif', 'gak', '0.01003807546'),
(1415, 6431, 'Negatif', 'gak', '0.01003807546'),
(1415, 6613, 'Negatif', 'rekening', '0.0010384216'),
(1415, 6518, 'Negatif', 'udah', '0.00553824853'),
(1415, NULL, 'Negatif', 'bulan', '0.00034614053'),
(1415, NULL, 'Negatif', 'laporin', '0.00034614053'),
(1415, 6426, 'Negatif', 'sampe', '0.0031152648'),
(1415, 6557, 'Negatif', 'hasil', '0.0010384216'),
(1415, 6505, 'Negatif', 'bank', '0.0041536864'),
(1415, NULL, 'Negatif', 'plat', '0.00034614053'),
(1415, NULL, 'Negatif', 'merah', '0.00034614053'),
(1415, 6692, 'Negatif', 'lho', '0.00069228107'),
(1415, NULL, 'Negatif', 'muak', '0.00034614053'),
(1415, 6463, 'Negatif', 'layan', '0.005192108'),
(1415, 6441, 'Netral', 'aja', '0.00234466589'),
(1415, 6481, 'Netral', 'setor', '0.00205158265'),
(1415, 6498, 'Netral', 'tunai', '0.00175849941'),
(1415, 6424, 'Netral', 'atm', '0.01113716295'),
(1415, 6424, 'Netral', 'atm', '0.01113716295'),
(1415, 6424, 'Netral', 'bni', '0.00703399766'),
(1415, 6424, 'Netral', 'bni', '0.00703399766'),
(1415, 6424, 'Netral', 'uang', '0.00732708089'),
(1415, 6488, 'Netral', 'masuk', '0.00586166471'),
(1415, 6488, 'Netral', 'masuk', '0.00586166471'),
(1415, 6460, 'Netral', 'mesin', '0.00205158265'),
(1415, 6424, 'Netral', 'saldo', '0.01348182884'),
(1415, 6434, 'Netral', 'gak', '0.00263774912'),
(1415, 6434, 'Netral', 'gak', '0.00263774912'),
(1415, 6436, 'Netral', 'rekening', '0.00791324736'),
(1415, 6424, 'Netral', 'udah', '0.00263774912'),
(1415, NULL, 'Netral', 'bulan', '0.00029308324'),
(1415, NULL, 'Netral', 'laporin', '0.00029308324'),
(1415, 6467, 'Netral', 'sampe', '0.00175849941'),
(1415, 6515, 'Netral', 'hasil', '0.00117233294'),
(1415, 6420, 'Netral', 'bank', '0.00849941383'),
(1415, NULL, 'Netral', 'plat', '0.00029308324'),
(1415, NULL, 'Netral', 'merah', '0.00029308324'),
(1415, NULL, 'Netral', 'lho', '0.00029308324'),
(1415, NULL, 'Netral', 'muak', '0.00029308324'),
(1415, 6486, 'Netral', 'layan', '0.00087924971'),
(1416, NULL, 'Positif', 'tnyaa', '0.00059737157'),
(1416, 6422, 'Positif', 'pake', '0.00418160096'),
(1416, NULL, 'Positif', 'iphone', '0.00059737157'),
(1416, 6538, 'Positif', 'kalo', '0.00119474313'),
(1416, 6538, 'Positif', 'kalo', '0.00119474313'),
(1416, NULL, 'Positif', 'lwat', '0.00059737157'),
(1416, NULL, 'Positif', 'mbangking', '0.00059737157'),
(1416, NULL, 'Positif', 'mtoken', '0.00059737157'),
(1416, 6730, 'Positif', 'dr', '0.00119474313'),
(1416, 6730, 'Positif', 'dr', '0.00119474313'),
(1416, 6730, 'Positif', 'dr', '0.00119474313'),
(1416, 6725, 'Positif', 'semalem', '0.00119474313'),
(1416, NULL, 'Positif', 'yaa', '0.00059737157'),
(1416, NULL, 'Positif', 'gk', '0.00059737157'),
(1416, NULL, 'Positif', 'dpet', '0.00059737157'),
(1416, NULL, 'Positif', 'sms', '0.00059737157'),
(1416, NULL, 'Positif', 'sms', '0.00059737157'),
(1416, 6587, 'Positif', 'bri', '0.00238948626'),
(1416, NULL, 'Positif', 'nomor', '0.00059737157'),
(1416, NULL, 'Positif', 'laen', '0.00059737157'),
(1416, NULL, 'Positif', 'bsa', '0.00059737157'),
(1416, NULL, 'Negatif', 'tnyaa', '0.00034614053'),
(1416, 6509, 'Negatif', 'pake', '0.0020768432'),
(1416, NULL, 'Negatif', 'iphone', '0.00034614053'),
(1416, 6548, 'Negatif', 'kalo', '0.00173070267'),
(1416, 6548, 'Negatif', 'kalo', '0.00173070267'),
(1416, NULL, 'Negatif', 'lwat', '0.00034614053'),
(1416, NULL, 'Negatif', 'mbangking', '0.00034614053'),
(1416, 6463, 'Negatif', 'mtoken', '0.00069228107'),
(1416, 6435, 'Negatif', 'dr', '0.0020768432'),
(1416, 6435, 'Negatif', 'dr', '0.0020768432'),
(1416, 6435, 'Negatif', 'dr', '0.0020768432'),
(1416, NULL, 'Negatif', 'semalem', '0.00034614053'),
(1416, 6513, 'Negatif', 'yaa', '0.0010384216'),
(1416, 6622, 'Negatif', 'gk', '0.00069228107'),
(1416, NULL, 'Negatif', 'dpet', '0.00034614053'),
(1416, 6463, 'Negatif', 'sms', '0.00069228107'),
(1416, 6463, 'Negatif', 'sms', '0.00069228107'),
(1416, 6576, 'Negatif', 'bri', '0.00553824853'),
(1416, 6519, 'Negatif', 'nomor', '0.00138456213'),
(1416, NULL, 'Negatif', 'laen', '0.00034614053'),
(1416, NULL, 'Negatif', 'bsa', '0.00034614053'),
(1416, NULL, 'Netral', 'tnyaa', '0.00029308324'),
(1416, 6621, 'Netral', 'pake', '0.00087924971'),
(1416, NULL, 'Netral', 'iphone', '0.00029308324'),
(1416, 6420, 'Netral', 'kalo', '0.00234466589'),
(1416, 6420, 'Netral', 'kalo', '0.00234466589'),
(1416, NULL, 'Netral', 'lwat', '0.00029308324'),
(1416, NULL, 'Netral', 'mbangking', '0.00029308324'),
(1416, NULL, 'Netral', 'mtoken', '0.00029308324'),
(1416, 6464, 'Netral', 'dr', '0.00351699883'),
(1416, 6464, 'Netral', 'dr', '0.00351699883'),
(1416, 6464, 'Netral', 'dr', '0.00351699883'),
(1416, NULL, 'Netral', 'semalem', '0.00029308324'),
(1416, 6686, 'Netral', 'yaa', '0.00058616647'),
(1416, 6571, 'Netral', 'gk', '0.00146541618'),
(1416, NULL, 'Netral', 'dpet', '0.00029308324'),
(1416, 6475, 'Netral', 'sms', '0.00117233294'),
(1416, 6475, 'Netral', 'sms', '0.00117233294'),
(1416, 6503, 'Netral', 'bri', '0.00674091442'),
(1416, 6434, 'Netral', 'nomor', '0.00234466589'),
(1416, NULL, 'Netral', 'laen', '0.00029308324'),
(1416, NULL, 'Netral', 'bsa', '0.00029308324'),
(1417, NULL, 'Positif', 'selamat', '0.00059737157'),
(1417, NULL, 'Positif', 'pagi', '0.00059737157'),
(1417, NULL, 'Positif', 'kemarin', '0.00059737157'),
(1417, NULL, 'Positif', 'jumat', '0.00059737157'),
(1417, NULL, 'Positif', 'transfer', '0.00059737157'),
(1417, NULL, 'Positif', 'transfer', '0.00059737157'),
(1417, NULL, 'Positif', 'dana', '0.00059737157'),
(1417, NULL, 'Positif', 'dana', '0.00059737157'),
(1417, NULL, 'Positif', 'akun', '0.00059737157'),
(1417, NULL, 'Positif', 'akun', '0.00059737157'),
(1417, NULL, 'Positif', 'gojek', '0.00059737157'),
(1417, NULL, 'Positif', 'gojek', '0.00059737157'),
(1417, 6430, 'Positif', 'rekening', '0.0017921147'),
(1417, 6587, 'Positif', 'bri', '0.00238948626'),
(1417, 6597, 'Positif', 'masuk', '0.00238948626'),
(1417, 6451, 'Positif', 'ya', '0.00418160096'),
(1417, NULL, 'Positif', 'hasil', '0.00059737157'),
(1417, 6430, 'Positif', 'terima', '0.00597371565'),
(1417, 6430, 'Positif', 'kasih', '0.00716845878'),
(1417, 6563, 'Negatif', 'selamat', '0.0010384216'),
(1417, 6466, 'Negatif', 'pagi', '0.00173070267'),
(1417, 6532, 'Negatif', 'kemarin', '0.00242298373'),
(1417, 6722, 'Negatif', 'jumat', '0.00069228107'),
(1417, 6513, 'Negatif', 'transfer', '0.00138456213'),
(1417, 6513, 'Negatif', 'transfer', '0.00138456213'),
(1417, 6536, 'Negatif', 'dana', '0.00138456213'),
(1417, 6536, 'Negatif', 'dana', '0.00138456213'),
(1417, NULL, 'Negatif', 'akun', '0.00034614053'),
(1417, NULL, 'Negatif', 'akun', '0.00034614053'),
(1417, NULL, 'Negatif', 'gojek', '0.00034614053'),
(1417, NULL, 'Negatif', 'gojek', '0.00034614053'),
(1417, 6613, 'Negatif', 'rekening', '0.0010384216'),
(1417, 6576, 'Negatif', 'bri', '0.00553824853'),
(1417, 6510, 'Negatif', 'masuk', '0.0031152648'),
(1417, 6431, 'Negatif', 'ya', '0.0041536864'),
(1417, 6557, 'Negatif', 'hasil', '0.0010384216'),
(1417, 6426, 'Negatif', 'terima', '0.0010384216'),
(1417, 6662, 'Negatif', 'kasih', '0.00138456213'),
(1417, 6428, 'Netral', 'selamat', '0.00556858148'),
(1417, 6421, 'Netral', 'pagi', '0.00527549824'),
(1417, 6420, 'Netral', 'kemarin', '0.00087924971'),
(1417, NULL, 'Netral', 'jumat', '0.00029308324'),
(1417, 6421, 'Netral', 'transfer', '0.01113716295'),
(1417, 6421, 'Netral', 'transfer', '0.01113716295'),
(1417, 6549, 'Netral', 'dana', '0.00087924971'),
(1417, 6549, 'Netral', 'dana', '0.00087924971'),
(1417, NULL, 'Netral', 'akun', '0.00029308324'),
(1417, NULL, 'Netral', 'akun', '0.00029308324'),
(1417, NULL, 'Netral', 'gojek', '0.00029308324'),
(1417, NULL, 'Netral', 'gojek', '0.00029308324'),
(1417, 6436, 'Netral', 'rekening', '0.00791324736'),
(1417, 6503, 'Netral', 'bri', '0.00674091442'),
(1417, 6488, 'Netral', 'masuk', '0.00586166471'),
(1417, 6420, 'Netral', 'ya', '0.0123094959'),
(1417, 6515, 'Netral', 'hasil', '0.00117233294'),
(1417, 6425, 'Netral', 'terima', '0.00322391559'),
(1417, 6425, 'Netral', 'kasih', '0.00351699883'),
(1418, 6451, 'Positif', 'ya', '0.00418160096'),
(1418, 6451, 'Positif', 'ya', '0.00418160096'),
(1418, NULL, 'Positif', 'coba', '0.00059737157'),
(1418, 6418, 'Positif', 'tarik', '0.00119474313'),
(1418, 6721, 'Positif', 'uang', '0.0017921147'),
(1418, 6721, 'Positif', 'uang', '0.0017921147'),
(1418, 6422, 'Positif', 'atm', '0.0017921147'),
(1418, 6422, 'Positif', 'atm', '0.0017921147'),
(1418, NULL, 'Positif', 'tulis', '0.00059737157'),
(1418, NULL, 'Positif', 'habis', '0.00059737157'),
(1418, 6430, 'Positif', 'saldo', '0.00238948626'),
(1418, NULL, 'Positif', 'kurang', '0.00059737157'),
(1418, 6431, 'Negatif', 'ya', '0.0041536864'),
(1418, 6431, 'Negatif', 'ya', '0.0041536864'),
(1418, 6548, 'Negatif', 'coba', '0.0020768432'),
(1418, 6431, 'Negatif', 'tarik', '0.00276912426'),
(1418, 6508, 'Negatif', 'uang', '0.00692281066'),
(1418, 6508, 'Negatif', 'uang', '0.00692281066'),
(1418, 6505, 'Negatif', 'atm', '0.00761509173'),
(1418, 6505, 'Negatif', 'atm', '0.00761509173'),
(1418, 6551, 'Negatif', 'tulis', '0.00069228107'),
(1418, 6520, 'Negatif', 'habis', '0.00069228107'),
(1418, 6506, 'Negatif', 'saldo', '0.00484596746'),
(1418, 6563, 'Negatif', 'kurang', '0.00138456213'),
(1418, 6420, 'Netral', 'ya', '0.0123094959'),
(1418, 6420, 'Netral', 'ya', '0.0123094959'),
(1418, 6441, 'Netral', 'coba', '0.00117233294'),
(1418, 6498, 'Netral', 'tarik', '0.00146541618'),
(1418, 6424, 'Netral', 'uang', '0.00732708089'),
(1418, 6424, 'Netral', 'uang', '0.00732708089'),
(1418, 6424, 'Netral', 'atm', '0.01113716295'),
(1418, 6424, 'Netral', 'atm', '0.01113716295'),
(1418, 6543, 'Netral', 'tulis', '0.00087924971'),
(1418, 6473, 'Netral', 'habis', '0.00117233294'),
(1418, 6424, 'Netral', 'saldo', '0.01348182884'),
(1418, 6543, 'Netral', 'kurang', '0.00205158265'),
(1419, 6437, 'Positif', 'bank', '0.00657108722'),
(1419, 6587, 'Positif', 'bri', '0.00238948626'),
(1419, NULL, 'Positif', 'brilife', '0.00059737157'),
(1419, 6587, 'Positif', 'tolong', '0.0017921147'),
(1419, NULL, 'Positif', 'baik', '0.00059737157'),
(1419, NULL, 'Positif', 'klaim', '0.00059737157'),
(1419, NULL, 'Positif', 'asuransi', '0.00059737157'),
(1419, NULL, 'Positif', 'sehat', '0.00059737157'),
(1419, NULL, 'Positif', 'air', '0.00059737157'),
(1419, 6721, 'Positif', 'uang', '0.0017921147'),
(1419, NULL, 'Positif', 'berminggumingu', '0.00059737157'),
(1419, 6505, 'Negatif', 'bank', '0.0041536864'),
(1419, 6576, 'Negatif', 'bri', '0.00553824853'),
(1419, NULL, 'Negatif', 'brilife', '0.00034614053'),
(1419, 6469, 'Negatif', 'tolong', '0.00484596746'),
(1419, 6463, 'Negatif', 'baik', '0.00276912426'),
(1419, NULL, 'Negatif', 'klaim', '0.00034614053'),
(1419, NULL, 'Negatif', 'asuransi', '0.00034614053'),
(1419, NULL, 'Negatif', 'sehat', '0.00034614053'),
(1419, NULL, 'Negatif', 'air', '0.00034614053'),
(1419, 6508, 'Negatif', 'uang', '0.00692281066'),
(1419, NULL, 'Negatif', 'berminggumingu', '0.00034614053'),
(1419, 6420, 'Netral', 'bank', '0.00849941383'),
(1419, 6503, 'Netral', 'bri', '0.00674091442'),
(1419, NULL, 'Netral', 'brilife', '0.00029308324'),
(1419, 6424, 'Netral', 'tolong', '0.00146541618'),
(1419, 6444, 'Netral', 'baik', '0.00058616647'),
(1419, NULL, 'Netral', 'klaim', '0.00029308324'),
(1419, NULL, 'Netral', 'asuransi', '0.00029308324'),
(1419, 6558, 'Netral', 'sehat', '0.00058616647'),
(1419, NULL, 'Netral', 'air', '0.00029308324'),
(1419, 6424, 'Netral', 'uang', '0.00732708089'),
(1419, NULL, 'Netral', 'berminggumingu', '0.00029308324'),
(1420, NULL, 'Positif', 'selamat', '0.00059737157'),
(1420, NULL, 'Positif', 'malam', '0.00059737157'),
(1420, NULL, 'Positif', 'program', '0.00059737157'),
(1420, NULL, 'Positif', 'ngebuzz', '0.00059737157'),
(1420, NULL, 'Positif', 'bareng', '0.00059737157'),
(1420, 6587, 'Positif', 'bri', '0.00238948626'),
(1420, 6563, 'Negatif', 'selamat', '0.0010384216'),
(1420, 6563, 'Negatif', 'malam', '0.00138456213'),
(1420, NULL, 'Negatif', 'program', '0.00034614053'),
(1420, NULL, 'Negatif', 'ngebuzz', '0.00034614053'),
(1420, NULL, 'Negatif', 'bareng', '0.00034614053'),
(1420, 6576, 'Negatif', 'bri', '0.00553824853'),
(1420, 6428, 'Netral', 'selamat', '0.00556858148'),
(1420, 6478, 'Netral', 'malam', '0.00205158265'),
(1420, NULL, 'Netral', 'program', '0.00029308324'),
(1420, NULL, 'Netral', 'ngebuzz', '0.00029308324'),
(1420, NULL, 'Netral', 'bareng', '0.00029308324'),
(1420, 6503, 'Netral', 'bri', '0.00674091442'),
(1421, 6417, 'Positif', 'aja', '0.00477897252'),
(1421, 6417, 'Positif', 'aja', '0.00477897252'),
(1421, NULL, 'Positif', 'nunggu', '0.00059737157'),
(1421, NULL, 'Positif', 'bulan', '0.00059737157'),
(1421, NULL, 'Positif', 'sampe', '0.00059737157'),
(1421, NULL, 'Positif', 'duit', '0.00059737157'),
(1421, 6587, 'Positif', 'gak', '0.00238948626'),
(1421, 6587, 'Positif', 'gak', '0.00238948626'),
(1421, 6430, 'Positif', 'rekening', '0.0017921147'),
(1421, NULL, 'Positif', 'janji', '0.00059737157'),
(1421, 6624, 'Positif', 'kerja', '0.00119474313'),
(1421, 6623, 'Positif', 'udah', '0.0017921147'),
(1421, 6623, 'Positif', 'kelar', '0.00119474313'),
(1421, 6606, 'Positif', 'percaya', '0.00119474313'),
(1421, NULL, 'Positif', 'nih', '0.00059737157'),
(1421, 6509, 'Negatif', 'aja', '0.0062305296'),
(1421, 6509, 'Negatif', 'aja', '0.0062305296'),
(1421, 6511, 'Negatif', 'nunggu', '0.00380754586'),
(1421, NULL, 'Negatif', 'bulan', '0.00034614053'),
(1421, 6426, 'Negatif', 'sampe', '0.0031152648'),
(1421, 6513, 'Negatif', 'duit', '0.00242298373'),
(1421, 6431, 'Negatif', 'gak', '0.01003807546'),
(1421, 6431, 'Negatif', 'gak', '0.01003807546'),
(1421, 6613, 'Negatif', 'rekening', '0.0010384216'),
(1421, 6532, 'Negatif', 'janji', '0.00069228107'),
(1421, 6532, 'Negatif', 'kerja', '0.0041536864'),
(1421, 6518, 'Negatif', 'udah', '0.00553824853'),
(1421, 6660, 'Negatif', 'kelar', '0.00069228107'),
(1421, 6469, 'Negatif', 'percaya', '0.0010384216'),
(1421, 6513, 'Negatif', 'nih', '0.00173070267'),
(1421, 6441, 'Netral', 'aja', '0.00234466589'),
(1421, 6441, 'Netral', 'aja', '0.00234466589'),
(1421, NULL, 'Netral', 'nunggu', '0.00029308324'),
(1421, NULL, 'Netral', 'bulan', '0.00029308324'),
(1421, 6467, 'Netral', 'sampe', '0.00175849941'),
(1421, 6423, 'Netral', 'duit', '0.00058616647'),
(1421, 6434, 'Netral', 'gak', '0.00263774912'),
(1421, 6434, 'Netral', 'gak', '0.00263774912'),
(1421, 6436, 'Netral', 'rekening', '0.00791324736'),
(1421, NULL, 'Netral', 'janji', '0.00029308324'),
(1421, 6424, 'Netral', 'kerja', '0.00146541618'),
(1421, 6424, 'Netral', 'udah', '0.00263774912'),
(1421, NULL, 'Netral', 'kelar', '0.00029308324'),
(1421, NULL, 'Netral', 'percaya', '0.00029308324'),
(1421, 6496, 'Netral', 'nih', '0.00117233294'),
(1422, NULL, 'Positif', 'km', '0.00059737157'),
(1422, NULL, 'Positif', 'km', '0.00059737157'),
(1422, NULL, 'Positif', 'klo', '0.00059737157'),
(1422, NULL, 'Positif', 'malem', '0.00059737157'),
(1422, NULL, 'Positif', 'susah', '0.00059737157'),
(1422, NULL, 'Positif', 'bgt', '0.00059737157'),
(1422, NULL, 'Positif', 'tlp', '0.00059737157'),
(1422, NULL, 'Positif', 'butuh', '0.00059737157'),
(1422, 6430, 'Positif', 'bantu', '0.0017921147'),
(1422, NULL, 'Positif', 'banget', '0.00059737157'),
(1422, 6510, 'Negatif', 'km', '0.00069228107'),
(1422, 6510, 'Negatif', 'km', '0.00069228107'),
(1422, 6707, 'Negatif', 'klo', '0.0010384216'),
(1422, NULL, 'Negatif', 'malem', '0.00034614053'),
(1422, 6556, 'Negatif', 'susah', '0.00173070267'),
(1422, 6432, 'Negatif', 'bgt', '0.00173070267'),
(1422, 6567, 'Negatif', 'tlp', '0.0010384216'),
(1422, 6588, 'Negatif', 'butuh', '0.0010384216'),
(1422, 6525, 'Negatif', 'bantu', '0.00138456213'),
(1422, 6466, 'Negatif', 'banget', '0.0041536864'),
(1422, 6539, 'Netral', 'km', '0.00058616647'),
(1422, 6539, 'Netral', 'km', '0.00058616647'),
(1422, 6504, 'Netral', 'klo', '0.00117233294'),
(1422, NULL, 'Netral', 'malem', '0.00029308324'),
(1422, 6421, 'Netral', 'susah', '0.00058616647'),
(1422, NULL, 'Netral', 'bgt', '0.00029308324'),
(1422, NULL, 'Netral', 'tlp', '0.00029308324'),
(1422, 6470, 'Netral', 'butuh', '0.00175849941'),
(1422, 6429, 'Netral', 'bantu', '0.00556858148'),
(1422, 6420, 'Netral', 'banget', '0.00146541618'),
(1423, NULL, 'Positif', 'epay', '0.00059737157'),
(1423, 6587, 'Positif', 'bri', '0.00238948626'),
(1423, NULL, 'Positif', 'ikut', '0.00059737157'),
(1423, NULL, 'Positif', 'giveaway', '0.00059737157'),
(1423, NULL, 'Positif', 'yuk', '0.00059737157'),
(1423, NULL, 'Positif', 'teman', '0.00059737157'),
(1423, 6472, 'Positif', 'tau', '0.00119474313'),
(1423, 6418, 'Positif', 'untung', '0.00119474313'),
(1423, NULL, 'Positif', 'amiinn', '0.00059737157'),
(1423, NULL, 'Negatif', 'epay', '0.00034614053'),
(1423, 6576, 'Negatif', 'bri', '0.00553824853'),
(1423, NULL, 'Negatif', 'ikut', '0.00034614053'),
(1423, NULL, 'Negatif', 'giveaway', '0.00034614053'),
(1423, NULL, 'Negatif', 'yuk', '0.00034614053'),
(1423, NULL, 'Negatif', 'teman', '0.00034614053'),
(1423, NULL, 'Negatif', 'tau', '0.00034614053'),
(1423, 6692, 'Negatif', 'untung', '0.0010384216'),
(1423, NULL, 'Negatif', 'amiinn', '0.00034614053'),
(1423, NULL, 'Netral', 'epay', '0.00029308324'),
(1423, 6503, 'Netral', 'bri', '0.00674091442'),
(1423, 6521, 'Netral', 'ikut', '0.00058616647'),
(1423, NULL, 'Netral', 'giveaway', '0.00029308324'),
(1423, NULL, 'Netral', 'yuk', '0.00029308324'),
(1423, 6580, 'Netral', 'teman', '0.00058616647'),
(1423, 6535, 'Netral', 'tau', '0.00058616647'),
(1423, NULL, 'Netral', 'untung', '0.00029308324'),
(1423, NULL, 'Netral', 'amiinn', '0.00029308324'),
(1424, 6480, 'Positif', 'mohon', '0.00119474313'),
(1424, 6430, 'Positif', 'bantu', '0.0017921147'),
(1424, NULL, 'Positif', 'segerasaya', '0.00059737157'),
(1424, NULL, 'Positif', 'trf', '0.00059737157'),
(1424, 6721, 'Positif', 'uang', '0.0017921147'),
(1424, 6721, 'Positif', 'uang', '0.0017921147'),
(1424, 6721, 'Positif', 'uang', '0.0017921147'),
(1424, NULL, 'Positif', 'olh', '0.00059737157'),
(1424, NULL, 'Positif', 'kirim', '0.00059737157'),
(1424, NULL, 'Positif', 'kirim', '0.00059737157'),
(1424, 6430, 'Positif', 'sdh', '0.00119474313'),
(1424, 6417, 'Positif', 'rek', '0.00119474313'),
(1424, NULL, 'Positif', 'sy', '0.00059737157'),
(1424, NULL, 'Positif', 'ttp', '0.00059737157'),
(1424, 6681, 'Positif', 'tdk', '0.00119474313'),
(1424, 6450, 'Positif', 'yg', '0.00298685783'),
(1424, NULL, 'Positif', 'mask', '0.00059737157'),
(1424, 6430, 'Positif', 'rekening', '0.0017921147'),
(1424, NULL, 'Positif', 'thx', '0.00059737157'),
(1424, 6463, 'Negatif', 'mohon', '0.00242298373'),
(1424, 6525, 'Negatif', 'bantu', '0.00138456213'),
(1424, NULL, 'Negatif', 'segerasaya', '0.00034614053'),
(1424, 6435, 'Negatif', 'trf', '0.00069228107'),
(1424, 6508, 'Negatif', 'uang', '0.00692281066'),
(1424, 6508, 'Negatif', 'uang', '0.00692281066'),
(1424, 6508, 'Negatif', 'uang', '0.00692281066'),
(1424, NULL, 'Negatif', 'olh', '0.00034614053'),
(1424, 6560, 'Negatif', 'kirim', '0.00276912426'),
(1424, 6560, 'Negatif', 'kirim', '0.00276912426'),
(1424, 6567, 'Negatif', 'sdh', '0.00242298373'),
(1424, 6435, 'Negatif', 'rek', '0.00173070267'),
(1424, 6435, 'Negatif', 'sy', '0.00484596746'),
(1424, 6547, 'Negatif', 'ttp', '0.00069228107'),
(1424, 6540, 'Negatif', 'tdk', '0.00138456213'),
(1424, 6432, 'Negatif', 'yg', '0.00830737279'),
(1424, NULL, 'Negatif', 'mask', '0.00034614053'),
(1424, 6613, 'Negatif', 'rekening', '0.0010384216'),
(1424, 6682, 'Negatif', 'thx', '0.00069228107'),
(1424, 6420, 'Netral', 'mohon', '0.00703399766'),
(1424, 6429, 'Netral', 'bantu', '0.00556858148'),
(1424, 6632, 'Netral', 'segerasaya', '0.00058616647'),
(1424, 6423, 'Netral', 'trf', '0.00087924971'),
(1424, 6424, 'Netral', 'uang', '0.00732708089'),
(1424, 6424, 'Netral', 'uang', '0.00732708089'),
(1424, 6424, 'Netral', 'uang', '0.00732708089'),
(1424, 6632, 'Netral', 'olh', '0.00058616647'),
(1424, 6440, 'Netral', 'kirim', '0.00205158265'),
(1424, 6440, 'Netral', 'kirim', '0.00205158265'),
(1424, 6442, 'Netral', 'sdh', '0.00205158265'),
(1424, 6440, 'Netral', 'rek', '0.00205158265'),
(1424, 6521, 'Netral', 'sy', '0.00381008206'),
(1424, 6632, 'Netral', 'ttp', '0.00087924971'),
(1424, 6503, 'Netral', 'tdk', '0.00146541618'),
(1424, 6423, 'Netral', 'yg', '0.00879249707'),
(1424, 6632, 'Netral', 'mask', '0.00058616647'),
(1424, 6436, 'Netral', 'rekening', '0.00791324736'),
(1424, 6632, 'Netral', 'thx', '0.00146541618'),
(1425, NULL, 'Positif', 'seringkali', '0.00059737157'),
(1425, NULL, 'Positif', 'sy', '0.00059737157'),
(1425, NULL, 'Positif', 'sy', '0.00059737157'),
(1425, NULL, 'Positif', 'buang', '0.00059737157'),
(1425, NULL, 'Positif', 'umur', '0.00059737157'),
(1425, NULL, 'Positif', 'sia', '0.00059737157'),
(1425, NULL, 'Positif', 'ruang', '0.00059737157'),
(1425, 6624, 'Positif', 'tunggu', '0.00119474313'),
(1425, NULL, 'Positif', 'mgk', '0.00059737157'),
(1425, 6657, 'Positif', 'solusi', '0.00119474313'),
(1425, NULL, 'Positif', 'teller', '0.00059737157'),
(1425, 6721, 'Positif', 'cm', '0.00119474313'),
(1425, NULL, 'Negatif', 'seringkali', '0.00034614053'),
(1425, 6435, 'Negatif', 'sy', '0.00484596746'),
(1425, 6435, 'Negatif', 'sy', '0.00484596746'),
(1425, 6611, 'Negatif', 'buang', '0.00069228107'),
(1425, NULL, 'Negatif', 'umur', '0.00034614053'),
(1425, NULL, 'Negatif', 'sia', '0.00034614053'),
(1425, NULL, 'Negatif', 'ruang', '0.00034614053'),
(1425, 6536, 'Negatif', 'tunggu', '0.00173070267'),
(1425, NULL, 'Negatif', 'mgk', '0.00034614053'),
(1425, 6667, 'Negatif', 'solusi', '0.00069228107'),
(1425, 6432, 'Negatif', 'teller', '0.00138456213'),
(1425, 6468, 'Negatif', 'cm', '0.00138456213'),
(1425, NULL, 'Netral', 'seringkali', '0.00029308324'),
(1425, 6521, 'Netral', 'sy', '0.00381008206'),
(1425, 6521, 'Netral', 'sy', '0.00381008206'),
(1425, NULL, 'Netral', 'buang', '0.00029308324'),
(1425, NULL, 'Netral', 'umur', '0.00029308324'),
(1425, NULL, 'Netral', 'sia', '0.00029308324'),
(1425, NULL, 'Netral', 'ruang', '0.00029308324'),
(1425, 6539, 'Netral', 'tunggu', '0.00087924971'),
(1425, NULL, 'Netral', 'mgk', '0.00029308324'),
(1425, 6500, 'Netral', 'solusi', '0.00146541618'),
(1425, 6495, 'Netral', 'teller', '0.00117233294'),
(1425, 6626, 'Netral', 'cm', '0.00058616647'),
(1426, NULL, 'Positif', 'email', '0.00059737157'),
(1426, NULL, 'Positif', 'notifikasi', '0.00059737157'),
(1426, 6736, 'Positif', 'transaksi', '0.00119474313'),
(1426, NULL, 'Positif', 'mati', '0.00059737157'),
(1426, 6480, 'Positif', 'mohon', '0.00119474313'),
(1426, NULL, 'Positif', 'aktif', '0.00059737157'),
(1426, 6560, 'Negatif', 'email', '0.00242298373'),
(1426, 6426, 'Negatif', 'notifikasi', '0.00069228107'),
(1426, 6463, 'Negatif', 'transaksi', '0.0031152648'),
(1426, 6598, 'Negatif', 'mati', '0.00069228107'),
(1426, 6463, 'Negatif', 'mohon', '0.00242298373'),
(1426, 6688, 'Negatif', 'aktif', '0.00069228107'),
(1426, 6517, 'Netral', 'email', '0.00322391559'),
(1426, 6603, 'Netral', 'notifikasi', '0.00058616647'),
(1426, 6425, 'Netral', 'transaksi', '0.00849941383'),
(1426, 6573, 'Netral', 'mati', '0.00117233294'),
(1426, 6420, 'Netral', 'mohon', '0.00703399766'),
(1426, 6464, 'Netral', 'aktif', '0.00234466589'),
(1427, NULL, 'Positif', 'internet', '0.00059737157'),
(1427, 6657, 'Positif', 'banking', '0.00119474313'),
(1427, NULL, 'Positif', 'jelek', '0.00059737157'),
(1427, NULL, 'Positif', 'banget', '0.00059737157'),
(1427, NULL, 'Positif', 'banget', '0.00059737157'),
(1427, 6623, 'Positif', 'udah', '0.0017921147'),
(1427, NULL, 'Positif', 'isi', '0.00059737157'),
(1427, NULL, 'Positif', 'sesuai', '0.00059737157'),
(1427, NULL, 'Positif', 'token', '0.00059737157'),
(1427, 6450, 'Positif', 'yg', '0.00298685783'),
(1427, NULL, 'Positif', 'kirim', '0.00059737157'),
(1427, NULL, 'Positif', 'd', '0.00059737157'),
(1427, NULL, 'Positif', 'sms', '0.00059737157'),
(1427, 6453, 'Positif', 'salah', '0.00119474313'),
(1427, NULL, 'Positif', 'id', '0.00059737157'),
(1427, NULL, 'Positif', 'blokir', '0.00059737157'),
(1427, NULL, 'Positif', 'blokir', '0.00059737157'),
(1427, 6417, 'Positif', 'buka', '0.00119474313'),
(1427, 6437, 'Positif', 'bank', '0.00657108722'),
(1427, 6587, 'Positif', 'ngantri', '0.00119474313'),
(1427, 6422, 'Positif', 'ga', '0.00298685783'),
(1427, 6430, 'Positif', 'kasih', '0.00716845878'),
(1427, 6485, 'Positif', 'layan', '0.00298685783'),
(1427, 6579, 'Negatif', 'internet', '0.00138456213'),
(1427, 6427, 'Negatif', 'banking', '0.00346140533'),
(1427, 6693, 'Negatif', 'jelek', '0.00069228107'),
(1427, 6466, 'Negatif', 'banget', '0.0041536864'),
(1427, 6466, 'Negatif', 'banget', '0.0041536864'),
(1427, 6518, 'Negatif', 'udah', '0.00553824853'),
(1427, 6519, 'Negatif', 'isi', '0.00173070267'),
(1427, 6680, 'Negatif', 'sesuai', '0.0010384216'),
(1427, NULL, 'Negatif', 'token', '0.00034614053'),
(1427, 6432, 'Negatif', 'yg', '0.00830737279'),
(1427, 6560, 'Negatif', 'kirim', '0.00276912426'),
(1427, 6537, 'Negatif', 'd', '0.00242298373'),
(1427, 6463, 'Negatif', 'sms', '0.00069228107'),
(1427, 6537, 'Negatif', 'salah', '0.00173070267'),
(1427, NULL, 'Negatif', 'id', '0.00034614053'),
(1427, 6525, 'Negatif', 'blokir', '0.00069228107'),
(1427, 6525, 'Negatif', 'blokir', '0.00069228107'),
(1427, 6530, 'Negatif', 'buka', '0.0010384216'),
(1427, 6505, 'Negatif', 'bank', '0.0041536864'),
(1427, 6643, 'Negatif', 'ngantri', '0.00069228107'),
(1427, 6435, 'Negatif', 'ga', '0.00726895119'),
(1427, 6662, 'Negatif', 'kasih', '0.00138456213'),
(1427, 6463, 'Negatif', 'layan', '0.005192108'),
(1427, 6420, 'Netral', 'internet', '0.00439624853'),
(1427, 6440, 'Netral', 'banking', '0.00498241501'),
(1427, 6608, 'Netral', 'jelek', '0.00058616647'),
(1427, 6420, 'Netral', 'banget', '0.00146541618'),
(1427, 6420, 'Netral', 'banget', '0.00146541618'),
(1427, 6424, 'Netral', 'udah', '0.00263774912'),
(1427, 6429, 'Netral', 'isi', '0.00146541618'),
(1427, 6633, 'Netral', 'sesuai', '0.00058616647'),
(1427, 6454, 'Netral', 'token', '0.00146541618'),
(1427, 6423, 'Netral', 'yg', '0.00879249707'),
(1427, 6440, 'Netral', 'kirim', '0.00205158265'),
(1427, 6487, 'Netral', 'd', '0.00175849941'),
(1427, 6475, 'Netral', 'sms', '0.00117233294'),
(1427, 6454, 'Netral', 'salah', '0.00117233294'),
(1427, 6569, 'Netral', 'id', '0.00058616647'),
(1427, 6474, 'Netral', 'blokir', '0.00263774912'),
(1427, 6474, 'Netral', 'blokir', '0.00263774912'),
(1427, 6462, 'Netral', 'buka', '0.00381008206'),
(1427, 6420, 'Netral', 'bank', '0.00849941383'),
(1427, NULL, 'Netral', 'ngantri', '0.00029308324'),
(1427, 6423, 'Netral', 'ga', '0.00263774912'),
(1427, 6425, 'Netral', 'kasih', '0.00351699883'),
(1427, 6486, 'Netral', 'layan', '0.00087924971'),
(1428, NULL, 'Positif', 'today', '0.00059737157'),
(1428, NULL, 'Positif', 'im', '0.00059737157'),
(1428, NULL, 'Positif', 'closing', '0.00059737157'),
(1428, NULL, 'Positif', 'my', '0.00059737157'),
(1428, NULL, 'Positif', 'account', '0.00059737157'),
(1428, NULL, 'Positif', 'kecewa', '0.00059737157'),
(1428, NULL, 'Positif', 'ama', '0.00059737157'),
(1428, 6587, 'Positif', 'bri', '0.00238948626'),
(1428, NULL, 'Positif', 'slow', '0.00059737157'),
(1428, 6502, 'Positif', 'respon', '0.00119474313'),
(1428, NULL, 'Positif', 'handle', '0.00059737157'),
(1428, NULL, 'Positif', 'komplain', '0.00059737157'),
(1428, 6472, 'Positif', 'customer', '0.00298685783'),
(1428, 6721, 'Positif', 'baru', '0.00119474313'),
(1428, NULL, 'Positif', 'adl', '0.00059737157'),
(1428, 6721, 'Positif', 'uang', '0.0017921147'),
(1428, NULL, 'Positif', 'jt', '0.00059737157'),
(1428, 6450, 'Positif', 'yg', '0.00298685783'),
(1428, NULL, 'Positif', 'ilang', '0.00059737157'),
(1428, 6453, 'Positif', 'mesin', '0.00119474313'),
(1428, NULL, 'Positif', 'setor', '0.00059737157'),
(1428, NULL, 'Positif', 'tuna', '0.00059737157'),
(1428, NULL, 'Negatif', 'today', '0.00034614053'),
(1428, NULL, 'Negatif', 'im', '0.00034614053'),
(1428, NULL, 'Negatif', 'closing', '0.00034614053'),
(1428, 6605, 'Negatif', 'my', '0.00069228107'),
(1428, NULL, 'Negatif', 'account', '0.00034614053'),
(1428, 6465, 'Negatif', 'kecewa', '0.0020768432'),
(1428, NULL, 'Negatif', 'ama', '0.00034614053'),
(1428, 6576, 'Negatif', 'bri', '0.00553824853'),
(1428, NULL, 'Negatif', 'slow', '0.00034614053'),
(1428, 6520, 'Negatif', 'respon', '0.00242298373'),
(1428, NULL, 'Negatif', 'handle', '0.00034614053'),
(1428, 6518, 'Negatif', 'komplain', '0.00138456213'),
(1428, 6466, 'Negatif', 'customer', '0.00138456213'),
(1428, NULL, 'Negatif', 'baru', '0.00034614053'),
(1428, NULL, 'Negatif', 'adl', '0.00034614053'),
(1428, 6508, 'Negatif', 'uang', '0.00692281066'),
(1428, 6666, 'Negatif', 'jt', '0.00069228107'),
(1428, 6432, 'Negatif', 'yg', '0.00830737279'),
(1428, 6525, 'Negatif', 'ilang', '0.00069228107'),
(1428, 6574, 'Negatif', 'mesin', '0.00242298373'),
(1428, 6511, 'Negatif', 'setor', '0.00242298373'),
(1428, NULL, 'Negatif', 'tuna', '0.00034614053'),
(1428, NULL, 'Netral', 'today', '0.00029308324'),
(1428, NULL, 'Netral', 'im', '0.00029308324'),
(1428, NULL, 'Netral', 'closing', '0.00029308324'),
(1428, NULL, 'Netral', 'my', '0.00029308324'),
(1428, 6444, 'Netral', 'account', '0.00117233294'),
(1428, NULL, 'Netral', 'kecewa', '0.00029308324'),
(1428, NULL, 'Netral', 'ama', '0.00029308324'),
(1428, 6503, 'Netral', 'bri', '0.00674091442'),
(1428, NULL, 'Netral', 'slow', '0.00029308324'),
(1428, 6424, 'Netral', 'respon', '0.00087924971'),
(1428, NULL, 'Netral', 'handle', '0.00029308324'),
(1428, 6599, 'Netral', 'komplain', '0.00058616647'),
(1428, NULL, 'Netral', 'customer', '0.00029308324'),
(1428, 6686, 'Netral', 'baru', '0.00058616647'),
(1428, NULL, 'Netral', 'adl', '0.00029308324'),
(1428, 6424, 'Netral', 'uang', '0.00732708089'),
(1428, 6582, 'Netral', 'jt', '0.00058616647');
INSERT INTO `proses` (`id_testing`, `id_training`, `kelas_peluang`, `kemunculan_kata`, `nilai`) VALUES
(1428, 6423, 'Netral', 'yg', '0.00879249707'),
(1428, 6686, 'Netral', 'ilang', '0.00058616647'),
(1428, 6460, 'Netral', 'mesin', '0.00205158265'),
(1428, 6481, 'Netral', 'setor', '0.00205158265'),
(1428, NULL, 'Netral', 'tuna', '0.00029308324'),
(1429, NULL, 'Positif', 'alhasil', '0.00059737157'),
(1429, NULL, 'Positif', 'gagal', '0.00059737157'),
(1429, NULL, 'Positif', 'tiket', '0.00059737157'),
(1429, NULL, 'Positif', 'kereta', '0.00059737157'),
(1429, 6584, 'Positif', 'bayar', '0.00238948626'),
(1429, 6584, 'Positif', 'bayar', '0.00238948626'),
(1429, 6735, 'Positif', 'via', '0.00119474313'),
(1429, NULL, 'Positif', 'internet', '0.00059737157'),
(1429, 6657, 'Positif', 'banking', '0.00119474313'),
(1429, NULL, 'Positif', 'mtoken', '0.00059737157'),
(1429, NULL, 'Positif', 'lewat', '0.00059737157'),
(1429, NULL, 'Positif', 'batas', '0.00059737157'),
(1429, 6437, 'Positif', 'bank', '0.00657108722'),
(1429, NULL, 'Positif', 'bobrok', '0.00059737157'),
(1429, NULL, 'Positif', 'indonesia', '0.00059737157'),
(1429, NULL, 'Negatif', 'alhasil', '0.00034614053'),
(1429, 6427, 'Negatif', 'gagal', '0.0031152648'),
(1429, NULL, 'Negatif', 'tiket', '0.00034614053'),
(1429, NULL, 'Negatif', 'kereta', '0.00034614053'),
(1429, 6509, 'Negatif', 'bayar', '0.00138456213'),
(1429, 6509, 'Negatif', 'bayar', '0.00138456213'),
(1429, 6506, 'Negatif', 'via', '0.00242298373'),
(1429, 6579, 'Negatif', 'internet', '0.00138456213'),
(1429, 6427, 'Negatif', 'banking', '0.00346140533'),
(1429, 6463, 'Negatif', 'mtoken', '0.00069228107'),
(1429, NULL, 'Negatif', 'lewat', '0.00034614053'),
(1429, NULL, 'Negatif', 'batas', '0.00034614053'),
(1429, 6505, 'Negatif', 'bank', '0.0041536864'),
(1429, NULL, 'Negatif', 'bobrok', '0.00034614053'),
(1429, NULL, 'Negatif', 'indonesia', '0.00034614053'),
(1429, NULL, 'Netral', 'alhasil', '0.00029308324'),
(1429, 6420, 'Netral', 'gagal', '0.00439624853'),
(1429, 6620, 'Netral', 'tiket', '0.00058616647'),
(1429, NULL, 'Netral', 'kereta', '0.00029308324'),
(1429, 6461, 'Netral', 'bayar', '0.00381008206'),
(1429, 6461, 'Netral', 'bayar', '0.00381008206'),
(1429, 6421, 'Netral', 'via', '0.00498241501'),
(1429, 6420, 'Netral', 'internet', '0.00439624853'),
(1429, 6440, 'Netral', 'banking', '0.00498241501'),
(1429, NULL, 'Netral', 'mtoken', '0.00029308324'),
(1429, NULL, 'Netral', 'lewat', '0.00029308324'),
(1429, 6553, 'Netral', 'batas', '0.00058616647'),
(1429, 6420, 'Netral', 'bank', '0.00849941383'),
(1429, NULL, 'Netral', 'bobrok', '0.00029308324'),
(1429, 6441, 'Netral', 'indonesia', '0.00058616647'),
(1430, NULL, 'Positif', 'callcenter', '0.00059737157'),
(1430, 6538, 'Positif', 'bni', '0.00238948626'),
(1430, NULL, 'Positif', 'tlp', '0.00059737157'),
(1430, NULL, 'Positif', 'tlp', '0.00059737157'),
(1430, NULL, 'Positif', 'nyambung', '0.00059737157'),
(1430, NULL, 'Positif', 'nyambung', '0.00059737157'),
(1430, NULL, 'Positif', 'pas', '0.00059737157'),
(1430, NULL, 'Positif', 'pas', '0.00059737157'),
(1430, NULL, 'Positif', 'sampe', '0.00059737157'),
(1430, NULL, 'Positif', 'masukin', '0.00059737157'),
(1430, 6418, 'Positif', 'kartu', '0.00418160096'),
(1430, 6472, 'Positif', 'tau', '0.00119474313'),
(1430, 6453, 'Positif', 'mesin', '0.00119474313'),
(1430, NULL, 'Positif', 'bisu', '0.00059737157'),
(1430, NULL, 'Positif', 'bisu', '0.00059737157'),
(1430, NULL, 'Positif', 'coba', '0.00059737157'),
(1430, 6597, 'Positif', 'lg', '0.00119474313'),
(1430, 6623, 'Positif', 'udah', '0.0017921147'),
(1430, 6623, 'Positif', 'udah', '0.0017921147'),
(1430, 6472, 'Positif', 'cs', '0.00358422939'),
(1430, 6472, 'Positif', 'cs', '0.00358422939'),
(1430, 6472, 'Positif', 'cs', '0.00358422939'),
(1430, 6623, 'Positif', 'bilang', '0.00119474313'),
(1430, 6587, 'Positif', 'tolong', '0.0017921147'),
(1430, NULL, 'Positif', 'salahin', '0.00059737157'),
(1430, NULL, 'Positif', 'hp', '0.00059737157'),
(1430, 6437, 'Positif', 'bank', '0.00657108722'),
(1430, NULL, 'Negatif', 'callcenter', '0.00034614053'),
(1430, 6506, 'Negatif', 'bni', '0.005192108'),
(1430, 6567, 'Negatif', 'tlp', '0.0010384216'),
(1430, 6567, 'Negatif', 'tlp', '0.0010384216'),
(1430, NULL, 'Negatif', 'nyambung', '0.00034614053'),
(1430, NULL, 'Negatif', 'nyambung', '0.00034614053'),
(1430, 6468, 'Negatif', 'pas', '0.00242298373'),
(1430, 6468, 'Negatif', 'pas', '0.00242298373'),
(1430, 6426, 'Negatif', 'sampe', '0.0031152648'),
(1430, NULL, 'Negatif', 'masukin', '0.00034614053'),
(1430, 6505, 'Negatif', 'kartu', '0.0041536864'),
(1430, NULL, 'Negatif', 'tau', '0.00034614053'),
(1430, 6574, 'Negatif', 'mesin', '0.00242298373'),
(1430, NULL, 'Negatif', 'bisu', '0.00034614053'),
(1430, NULL, 'Negatif', 'bisu', '0.00034614053'),
(1430, 6548, 'Negatif', 'coba', '0.0020768432'),
(1430, 6707, 'Negatif', 'lg', '0.0010384216'),
(1430, 6518, 'Negatif', 'udah', '0.00553824853'),
(1430, 6518, 'Negatif', 'udah', '0.00553824853'),
(1430, 6433, 'Negatif', 'cs', '0.00657667013'),
(1430, 6433, 'Negatif', 'cs', '0.00657667013'),
(1430, 6433, 'Negatif', 'cs', '0.00657667013'),
(1430, 6468, 'Negatif', 'bilang', '0.00276912426'),
(1430, 6469, 'Negatif', 'tolong', '0.00484596746'),
(1430, NULL, 'Negatif', 'salahin', '0.00034614053'),
(1430, 6524, 'Negatif', 'hp', '0.00069228107'),
(1430, 6505, 'Negatif', 'bank', '0.0041536864'),
(1430, NULL, 'Netral', 'callcenter', '0.00029308324'),
(1430, 6424, 'Netral', 'bni', '0.00703399766'),
(1430, NULL, 'Netral', 'tlp', '0.00029308324'),
(1430, NULL, 'Netral', 'tlp', '0.00029308324'),
(1430, NULL, 'Netral', 'nyambung', '0.00029308324'),
(1430, NULL, 'Netral', 'nyambung', '0.00029308324'),
(1430, 6459, 'Netral', 'pas', '0.00175849941'),
(1430, 6459, 'Netral', 'pas', '0.00175849941'),
(1430, 6467, 'Netral', 'sampe', '0.00175849941'),
(1430, 6454, 'Netral', 'masukin', '0.00087924971'),
(1430, 6436, 'Netral', 'kartu', '0.00791324736'),
(1430, 6535, 'Netral', 'tau', '0.00058616647'),
(1430, 6460, 'Netral', 'mesin', '0.00205158265'),
(1430, NULL, 'Netral', 'bisu', '0.00029308324'),
(1430, NULL, 'Netral', 'bisu', '0.00029308324'),
(1430, 6441, 'Netral', 'coba', '0.00117233294'),
(1430, 6503, 'Netral', 'lg', '0.00087924971'),
(1430, 6424, 'Netral', 'udah', '0.00263774912'),
(1430, 6424, 'Netral', 'udah', '0.00263774912'),
(1430, 6420, 'Netral', 'cs', '0.00087924971'),
(1430, 6420, 'Netral', 'cs', '0.00087924971'),
(1430, 6420, 'Netral', 'cs', '0.00087924971'),
(1430, 6528, 'Netral', 'bilang', '0.00058616647'),
(1430, 6424, 'Netral', 'tolong', '0.00146541618'),
(1430, NULL, 'Netral', 'salahin', '0.00029308324'),
(1430, 6521, 'Netral', 'hp', '0.00263774912'),
(1430, 6420, 'Netral', 'bank', '0.00849941383'),
(1431, 6587, 'Positif', 'tolong', '0.0017921147'),
(1431, 6422, 'Positif', 'atm', '0.0017921147'),
(1431, NULL, 'Positif', 'daerah', '0.00059737157'),
(1431, NULL, 'Positif', 'limo', '0.00059737157'),
(1431, 6422, 'Positif', 'ga', '0.00298685783'),
(1431, 6418, 'Positif', 'tarik', '0.00119474313'),
(1431, 6418, 'Positif', 'tunai', '0.00119474313'),
(1431, 6451, 'Positif', 'ya', '0.00418160096'),
(1431, 6451, 'Positif', 'ya', '0.00418160096'),
(1431, 6721, 'Positif', 'uang', '0.0017921147'),
(1431, NULL, 'Positif', 'kosong', '0.00059737157'),
(1431, 6657, 'Positif', 'gimana', '0.00119474313'),
(1431, 6623, 'Positif', 'udah', '0.0017921147'),
(1431, 6469, 'Negatif', 'tolong', '0.00484596746'),
(1431, 6505, 'Negatif', 'atm', '0.00761509173'),
(1431, 6574, 'Negatif', 'daerah', '0.0010384216'),
(1431, NULL, 'Negatif', 'limo', '0.00034614053'),
(1431, 6435, 'Negatif', 'ga', '0.00726895119'),
(1431, 6431, 'Negatif', 'tarik', '0.00276912426'),
(1431, 6431, 'Negatif', 'tunai', '0.00380754586'),
(1431, 6431, 'Negatif', 'ya', '0.0041536864'),
(1431, 6431, 'Negatif', 'ya', '0.0041536864'),
(1431, 6508, 'Negatif', 'uang', '0.00692281066'),
(1431, NULL, 'Negatif', 'kosong', '0.00034614053'),
(1431, 6468, 'Negatif', 'gimana', '0.00242298373'),
(1431, 6518, 'Negatif', 'udah', '0.00553824853'),
(1431, 6424, 'Netral', 'tolong', '0.00146541618'),
(1431, 6424, 'Netral', 'atm', '0.01113716295'),
(1431, 6462, 'Netral', 'daerah', '0.00146541618'),
(1431, NULL, 'Netral', 'limo', '0.00029308324'),
(1431, 6423, 'Netral', 'ga', '0.00263774912'),
(1431, 6498, 'Netral', 'tarik', '0.00146541618'),
(1431, 6498, 'Netral', 'tunai', '0.00175849941'),
(1431, 6420, 'Netral', 'ya', '0.0123094959'),
(1431, 6420, 'Netral', 'ya', '0.0123094959'),
(1431, 6424, 'Netral', 'uang', '0.00732708089'),
(1431, NULL, 'Netral', 'kosong', '0.00029308324'),
(1431, 6436, 'Netral', 'gimana', '0.00468933177'),
(1431, 6424, 'Netral', 'udah', '0.00263774912'),
(1432, NULL, 'Positif', 'butuh', '0.00059737157'),
(1432, 6721, 'Positif', 'uang', '0.0017921147'),
(1432, NULL, 'Positif', 'tsbt', '0.00059737157'),
(1432, NULL, 'Positif', 'hrs', '0.00059737157'),
(1432, NULL, 'Positif', 'mnunggu', '0.00059737157'),
(1432, 6624, 'Positif', 'kerja', '0.00119474313'),
(1432, 6453, 'Positif', 'salah', '0.00119474313'),
(1432, 6430, 'Positif', 'sdh', '0.00119474313'),
(1432, 6584, 'Positif', 'bayar', '0.00238948626'),
(1432, NULL, 'Positif', 'biaya', '0.00059737157'),
(1432, 6736, 'Positif', 'transaksi', '0.00119474313'),
(1432, NULL, 'Positif', 'trf', '0.00059737157'),
(1432, 6437, 'Positif', 'bank', '0.00657108722'),
(1432, NULL, 'Positif', 'sbagai', '0.00059737157'),
(1432, 6437, 'Positif', 'nasabah', '0.00298685783'),
(1432, NULL, 'Positif', 'rugi', '0.00059737157'),
(1432, 6729, 'Positif', 'tsb', '0.00119474313'),
(1432, NULL, 'Positif', 'mhn', '0.00059737157'),
(1432, NULL, 'Positif', 'perhatia', '0.00059737157'),
(1432, 6588, 'Negatif', 'butuh', '0.0010384216'),
(1432, 6508, 'Negatif', 'uang', '0.00692281066'),
(1432, NULL, 'Negatif', 'tsbt', '0.00034614053'),
(1432, NULL, 'Negatif', 'hrs', '0.00034614053'),
(1432, NULL, 'Negatif', 'mnunggu', '0.00034614053'),
(1432, 6532, 'Negatif', 'kerja', '0.0041536864'),
(1432, 6537, 'Negatif', 'salah', '0.00173070267'),
(1432, 6567, 'Negatif', 'sdh', '0.00242298373'),
(1432, 6509, 'Negatif', 'bayar', '0.00138456213'),
(1432, 6556, 'Negatif', 'biaya', '0.00069228107'),
(1432, 6463, 'Negatif', 'transaksi', '0.0031152648'),
(1432, 6435, 'Negatif', 'trf', '0.00069228107'),
(1432, 6505, 'Negatif', 'bank', '0.0041536864'),
(1432, NULL, 'Negatif', 'sbagai', '0.00034614053'),
(1432, 6576, 'Negatif', 'nasabah', '0.005192108'),
(1432, 6581, 'Negatif', 'rugi', '0.0010384216'),
(1432, NULL, 'Negatif', 'tsb', '0.00034614053'),
(1432, 6511, 'Negatif', 'mhn', '0.00069228107'),
(1432, NULL, 'Negatif', 'perhatia', '0.00034614053'),
(1432, 6470, 'Netral', 'butuh', '0.00175849941'),
(1432, 6424, 'Netral', 'uang', '0.00732708089'),
(1432, NULL, 'Netral', 'tsbt', '0.00029308324'),
(1432, 6521, 'Netral', 'hrs', '0.00205158265'),
(1432, NULL, 'Netral', 'mnunggu', '0.00029308324'),
(1432, 6424, 'Netral', 'kerja', '0.00146541618'),
(1432, 6454, 'Netral', 'salah', '0.00117233294'),
(1432, 6442, 'Netral', 'sdh', '0.00205158265'),
(1432, 6461, 'Netral', 'bayar', '0.00381008206'),
(1432, 6425, 'Netral', 'biaya', '0.00234466589'),
(1432, 6425, 'Netral', 'transaksi', '0.00849941383'),
(1432, 6423, 'Netral', 'trf', '0.00087924971'),
(1432, 6420, 'Netral', 'bank', '0.00849941383'),
(1432, NULL, 'Netral', 'sbagai', '0.00029308324'),
(1432, 6486, 'Netral', 'nasabah', '0.00175849941'),
(1432, NULL, 'Netral', 'rugi', '0.00029308324'),
(1432, NULL, 'Netral', 'tsb', '0.00029308324'),
(1432, 6554, 'Netral', 'mhn', '0.00087924971'),
(1432, NULL, 'Netral', 'perhatia', '0.00029308324'),
(1433, 6438, 'Positif', 'min', '0.00477897252'),
(1433, 6450, 'Positif', 'top', '0.00119474313'),
(1433, 6450, 'Positif', 'up', '0.00119474313'),
(1433, NULL, 'Positif', 'emoney', '0.00059737157'),
(1433, 6422, 'Positif', 'atm', '0.0017921147'),
(1433, NULL, 'Positif', 'link', '0.00059737157'),
(1433, 6485, 'Positif', 'pakai', '0.00119474313'),
(1433, 6430, 'Positif', 'rekening', '0.0017921147'),
(1433, NULL, 'Positif', 'non', '0.00059737157'),
(1433, 6681, 'Positif', 'mandiri', '0.00418160096'),
(1433, NULL, 'Positif', 'kena', '0.00059737157'),
(1433, NULL, 'Positif', 'biaya', '0.00059737157'),
(1433, 6451, 'Positif', 'admin', '0.00119474313'),
(1433, NULL, 'Positif', 'tdktks', '0.00059737157'),
(1433, 6426, 'Negatif', 'min', '0.0020768432'),
(1433, 6506, 'Negatif', 'top', '0.00069228107'),
(1433, 6506, 'Negatif', 'up', '0.00138456213'),
(1433, NULL, 'Negatif', 'emoney', '0.00034614053'),
(1433, 6505, 'Negatif', 'atm', '0.00761509173'),
(1433, 6551, 'Negatif', 'link', '0.0010384216'),
(1433, 6439, 'Negatif', 'pakai', '0.00138456213'),
(1433, 6613, 'Negatif', 'rekening', '0.0010384216'),
(1433, NULL, 'Negatif', 'non', '0.00034614053'),
(1433, 6659, 'Negatif', 'mandiri', '0.005192108'),
(1433, 6625, 'Negatif', 'kena', '0.00069228107'),
(1433, 6556, 'Negatif', 'biaya', '0.00069228107'),
(1433, 6641, 'Negatif', 'admin', '0.0020768432'),
(1433, NULL, 'Negatif', 'tdktks', '0.00034614053'),
(1433, 6420, 'Netral', 'min', '0.0172919109'),
(1433, 6442, 'Netral', 'top', '0.00146541618'),
(1433, 6442, 'Netral', 'up', '0.00146541618'),
(1433, 6674, 'Netral', 'emoney', '0.00205158265'),
(1433, 6424, 'Netral', 'atm', '0.01113716295'),
(1433, 6596, 'Netral', 'link', '0.00058616647'),
(1433, 6448, 'Netral', 'pakai', '0.00293083236'),
(1433, 6436, 'Netral', 'rekening', '0.00791324736'),
(1433, 6553, 'Netral', 'non', '0.00058616647'),
(1433, 6423, 'Netral', 'mandiri', '0.00615474795'),
(1433, 6454, 'Netral', 'kena', '0.00175849941'),
(1433, 6425, 'Netral', 'biaya', '0.00234466589'),
(1433, 6475, 'Netral', 'admin', '0.00146541618'),
(1433, NULL, 'Netral', 'tdktks', '0.00029308324'),
(1434, 6587, 'Positif', 'tolong', '0.0017921147'),
(1434, 6681, 'Positif', 'mandiri', '0.00418160096'),
(1434, 6657, 'Positif', 'online', '0.00238948626'),
(1434, NULL, 'Positif', 'sy', '0.00059737157'),
(1434, NULL, 'Positif', 'k', '0.00059737157'),
(1434, NULL, 'Positif', 'blokir', '0.00059737157'),
(1434, 6469, 'Negatif', 'tolong', '0.00484596746'),
(1434, 6659, 'Negatif', 'mandiri', '0.005192108'),
(1434, 6659, 'Negatif', 'online', '0.0020768432'),
(1434, 6435, 'Negatif', 'sy', '0.00484596746'),
(1434, NULL, 'Negatif', 'k', '0.00034614053'),
(1434, 6525, 'Negatif', 'blokir', '0.00069228107'),
(1434, 6424, 'Netral', 'tolong', '0.00146541618'),
(1434, 6423, 'Netral', 'mandiri', '0.00615474795'),
(1434, 6549, 'Netral', 'online', '0.00234466589'),
(1434, 6521, 'Netral', 'sy', '0.00381008206'),
(1434, 6503, 'Netral', 'k', '0.00175849941'),
(1434, 6474, 'Netral', 'blokir', '0.00263774912'),
(1435, NULL, 'Positif', 'boring', '0.00059737157'),
(1435, NULL, 'Positif', 'nih', '0.00059737157'),
(1435, 6732, 'Positif', 'mas', '0.00119474313'),
(1435, NULL, 'Positif', 'kirim', '0.00059737157'),
(1435, NULL, 'Positif', 'ginian', '0.00059737157'),
(1435, NULL, 'Positif', 'guna', '0.00059737157'),
(1435, NULL, 'Positif', 'henpon', '0.00059737157'),
(1435, 6422, 'Positif', 'ga', '0.00298685783'),
(1435, 6422, 'Positif', 'ga', '0.00298685783'),
(1435, 6681, 'Positif', 'nyaman', '0.00119474313'),
(1435, NULL, 'Positif', 'banget', '0.00059737157'),
(1435, 6538, 'Positif', 'tp', '0.0017921147'),
(1435, NULL, 'Positif', 'pilih', '0.00059737157'),
(1435, NULL, 'Negatif', 'boring', '0.00034614053'),
(1435, 6513, 'Negatif', 'nih', '0.00173070267'),
(1435, NULL, 'Negatif', 'mas', '0.00034614053'),
(1435, 6560, 'Negatif', 'kirim', '0.00276912426'),
(1435, NULL, 'Negatif', 'ginian', '0.00034614053'),
(1435, 6563, 'Negatif', 'guna', '0.0010384216'),
(1435, NULL, 'Negatif', 'henpon', '0.00034614053'),
(1435, 6435, 'Negatif', 'ga', '0.00726895119'),
(1435, 6435, 'Negatif', 'ga', '0.00726895119'),
(1435, 6600, 'Negatif', 'nyaman', '0.00069228107'),
(1435, 6466, 'Negatif', 'banget', '0.0041536864'),
(1435, 6510, 'Negatif', 'tp', '0.0020768432'),
(1435, NULL, 'Negatif', 'pilih', '0.00034614053'),
(1435, NULL, 'Netral', 'boring', '0.00029308324'),
(1435, 6496, 'Netral', 'nih', '0.00117233294'),
(1435, NULL, 'Netral', 'mas', '0.00029308324'),
(1435, 6440, 'Netral', 'kirim', '0.00205158265'),
(1435, NULL, 'Netral', 'ginian', '0.00029308324'),
(1435, NULL, 'Netral', 'guna', '0.00029308324'),
(1435, NULL, 'Netral', 'henpon', '0.00029308324'),
(1435, 6423, 'Netral', 'ga', '0.00263774912'),
(1435, 6423, 'Netral', 'ga', '0.00263774912'),
(1435, NULL, 'Netral', 'nyaman', '0.00029308324'),
(1435, 6420, 'Netral', 'banget', '0.00146541618'),
(1435, 6470, 'Netral', 'tp', '0.00498241501'),
(1435, 6497, 'Netral', 'pilih', '0.00087924971'),
(1436, 6587, 'Positif', 'gak', '0.00238948626'),
(1436, NULL, 'Positif', 'disebutin', '0.00059737157'),
(1436, 6732, 'Positif', 'loh', '0.00119474313'),
(1436, NULL, 'Positif', 'bawa', '0.00059737157'),
(1436, NULL, 'Positif', 'surat', '0.00059737157'),
(1436, 6736, 'Positif', 'terang', '0.00119474313'),
(1436, 6538, 'Positif', 'kalo', '0.00119474313'),
(1436, NULL, 'Positif', 'beda', '0.00059737157'),
(1436, NULL, 'Positif', 'domisili', '0.00059737157'),
(1436, 6431, 'Negatif', 'gak', '0.01003807546'),
(1436, NULL, 'Negatif', 'disebutin', '0.00034614053'),
(1436, 6710, 'Negatif', 'loh', '0.00069228107'),
(1436, 6431, 'Negatif', 'bawa', '0.00069228107'),
(1436, 6611, 'Negatif', 'surat', '0.00069228107'),
(1436, NULL, 'Negatif', 'terang', '0.00034614053'),
(1436, 6548, 'Negatif', 'kalo', '0.00173070267'),
(1436, 6519, 'Negatif', 'beda', '0.00069228107'),
(1436, NULL, 'Negatif', 'domisili', '0.00034614053'),
(1436, 6434, 'Netral', 'gak', '0.00263774912'),
(1436, NULL, 'Netral', 'disebutin', '0.00029308324'),
(1436, NULL, 'Netral', 'loh', '0.00029308324'),
(1436, NULL, 'Netral', 'bawa', '0.00029308324'),
(1436, NULL, 'Netral', 'surat', '0.00029308324'),
(1436, 6428, 'Netral', 'terang', '0.00117233294'),
(1436, 6420, 'Netral', 'kalo', '0.00234466589'),
(1436, 6531, 'Netral', 'beda', '0.00117233294'),
(1436, NULL, 'Netral', 'domisili', '0.00029308324'),
(1437, NULL, 'Positif', 'npwp', '0.00059737157'),
(1437, 6417, 'Positif', 'buka', '0.00119474313'),
(1437, 6430, 'Positif', 'rekening', '0.0017921147'),
(1437, NULL, 'Negatif', 'npwp', '0.00034614053'),
(1437, 6530, 'Negatif', 'buka', '0.0010384216'),
(1437, 6613, 'Negatif', 'rekening', '0.0010384216'),
(1437, NULL, 'Netral', 'npwp', '0.00029308324'),
(1437, 6462, 'Netral', 'buka', '0.00381008206'),
(1437, 6436, 'Netral', 'rekening', '0.00791324736'),
(1438, NULL, 'Positif', 'permisi', '0.00059737157'),
(1438, 6417, 'Positif', 'buka', '0.00119474313'),
(1438, 6430, 'Positif', 'rekening', '0.0017921147'),
(1438, NULL, 'Positif', 'milik', '0.00059737157'),
(1438, NULL, 'Positif', 'npwp', '0.00059737157'),
(1438, 6624, 'Positif', 'terimakasih', '0.00298685783'),
(1438, NULL, 'Negatif', 'permisi', '0.00034614053'),
(1438, 6530, 'Negatif', 'buka', '0.0010384216'),
(1438, 6613, 'Negatif', 'rekening', '0.0010384216'),
(1438, NULL, 'Negatif', 'milik', '0.00034614053'),
(1438, NULL, 'Negatif', 'npwp', '0.00034614053'),
(1438, NULL, 'Negatif', 'terimakasih', '0.00034614053'),
(1438, NULL, 'Netral', 'permisi', '0.00029308324'),
(1438, 6462, 'Netral', 'buka', '0.00381008206'),
(1438, 6436, 'Netral', 'rekening', '0.00791324736'),
(1438, 6604, 'Netral', 'milik', '0.00058616647'),
(1438, NULL, 'Netral', 'npwp', '0.00029308324'),
(1438, 6454, 'Netral', 'terimakasih', '0.00146541618'),
(1439, 6438, 'Positif', 'min', '0.00477897252'),
(1439, NULL, 'Positif', 'ngibul', '0.00059737157'),
(1439, NULL, 'Positif', 'suruh', '0.00059737157'),
(1439, NULL, 'Positif', 'bawa', '0.00059737157'),
(1439, NULL, 'Positif', 'surat', '0.00059737157'),
(1439, 6736, 'Positif', 'terang', '0.00119474313'),
(1439, NULL, 'Positif', 'kerjasurat', '0.00059737157'),
(1439, NULL, 'Positif', 'domisili', '0.00059737157'),
(1439, NULL, 'Positif', 'jg', '0.00059737157'),
(1439, NULL, 'Positif', 'buang', '0.00059737157'),
(1439, NULL, 'Positif', 'duit', '0.00059737157'),
(1439, NULL, 'Positif', 'transportasi', '0.00059737157'),
(1439, 6426, 'Negatif', 'min', '0.0020768432'),
(1439, NULL, 'Negatif', 'ngibul', '0.00034614053'),
(1439, 6426, 'Negatif', 'suruh', '0.00449982693'),
(1439, 6431, 'Negatif', 'bawa', '0.00069228107'),
(1439, 6611, 'Negatif', 'surat', '0.00069228107'),
(1439, NULL, 'Negatif', 'terang', '0.00034614053'),
(1439, NULL, 'Negatif', 'kerjasurat', '0.00034614053'),
(1439, NULL, 'Negatif', 'domisili', '0.00034614053'),
(1439, 6731, 'Negatif', 'jg', '0.00069228107'),
(1439, 6611, 'Negatif', 'buang', '0.00069228107'),
(1439, 6513, 'Negatif', 'duit', '0.00242298373'),
(1439, NULL, 'Negatif', 'transportasi', '0.00034614053'),
(1439, 6420, 'Netral', 'min', '0.0172919109'),
(1439, NULL, 'Netral', 'ngibul', '0.00029308324'),
(1439, 6420, 'Netral', 'suruh', '0.00117233294'),
(1439, NULL, 'Netral', 'bawa', '0.00029308324'),
(1439, NULL, 'Netral', 'surat', '0.00029308324'),
(1439, 6428, 'Netral', 'terang', '0.00117233294'),
(1439, NULL, 'Netral', 'kerjasurat', '0.00029308324'),
(1439, NULL, 'Netral', 'domisili', '0.00029308324'),
(1439, 6461, 'Netral', 'jg', '0.00117233294'),
(1439, NULL, 'Netral', 'buang', '0.00029308324'),
(1439, 6423, 'Netral', 'duit', '0.00058616647'),
(1439, NULL, 'Netral', 'transportasi', '0.00029308324'),
(1440, NULL, 'Positif', 'hilang', '0.00059737157'),
(1440, 6418, 'Positif', 'kartu', '0.00418160096'),
(1440, 6422, 'Positif', 'atm', '0.0017921147'),
(1440, NULL, 'Positif', 'berkas', '0.00059737157'),
(1440, 6450, 'Positif', 'yg', '0.00298685783'),
(1440, NULL, 'Positif', 'bawa', '0.00059737157'),
(1440, NULL, 'Positif', 'utk', '0.00059737157'),
(1440, NULL, 'Positif', 'urus', '0.00059737157'),
(1440, NULL, 'Positif', 'kc', '0.00059737157'),
(1440, 6557, 'Negatif', 'hilang', '0.00069228107'),
(1440, 6505, 'Negatif', 'kartu', '0.0041536864'),
(1440, 6505, 'Negatif', 'atm', '0.00761509173'),
(1440, NULL, 'Negatif', 'berkas', '0.00034614053'),
(1440, 6432, 'Negatif', 'yg', '0.00830737279'),
(1440, 6431, 'Negatif', 'bawa', '0.00069228107'),
(1440, 6511, 'Negatif', 'utk', '0.00173070267'),
(1440, 6611, 'Negatif', 'urus', '0.0010384216'),
(1440, NULL, 'Negatif', 'kc', '0.00034614053'),
(1440, 6484, 'Netral', 'hilang', '0.00087924971'),
(1440, 6436, 'Netral', 'kartu', '0.00791324736'),
(1440, 6424, 'Netral', 'atm', '0.01113716295'),
(1440, NULL, 'Netral', 'berkas', '0.00029308324'),
(1440, 6423, 'Netral', 'yg', '0.00879249707'),
(1440, NULL, 'Netral', 'bawa', '0.00029308324'),
(1440, 6503, 'Netral', 'utk', '0.00205158265'),
(1440, 6626, 'Netral', 'urus', '0.00087924971'),
(1440, 6487, 'Netral', 'kc', '0.00058616647'),
(1441, NULL, 'Positif', 'email', '0.00059737157'),
(1441, NULL, 'Positif', 'email', '0.00059737157'),
(1441, NULL, 'Positif', 'sent', '0.00059737157'),
(1441, NULL, 'Positif', 'tanggal', '0.00059737157'),
(1441, NULL, 'Positif', 'mei', '0.00059737157'),
(1441, 6538, 'Positif', 'jam', '0.0017921147'),
(1441, NULL, 'Positif', 'am', '0.00059737157'),
(1441, 6501, 'Positif', 'reply', '0.00119474313'),
(1441, 6451, 'Positif', 'ya', '0.00418160096'),
(1441, 6502, 'Positif', 'respon', '0.00119474313'),
(1441, NULL, 'Positif', 'by', '0.00059737157'),
(1441, 6560, 'Negatif', 'email', '0.00242298373'),
(1441, 6560, 'Negatif', 'email', '0.00242298373'),
(1441, NULL, 'Negatif', 'sent', '0.00034614053'),
(1441, 6619, 'Negatif', 'tanggal', '0.0010384216'),
(1441, 6532, 'Negatif', 'mei', '0.0010384216'),
(1441, 6433, 'Negatif', 'jam', '0.0041536864'),
(1441, NULL, 'Negatif', 'am', '0.00034614053'),
(1441, NULL, 'Negatif', 'reply', '0.00034614053'),
(1441, 6431, 'Negatif', 'ya', '0.0041536864'),
(1441, 6520, 'Negatif', 'respon', '0.00242298373'),
(1441, NULL, 'Negatif', 'by', '0.00034614053'),
(1441, 6517, 'Netral', 'email', '0.00322391559'),
(1441, 6517, 'Netral', 'email', '0.00322391559'),
(1441, NULL, 'Netral', 'sent', '0.00029308324'),
(1441, 6546, 'Netral', 'tanggal', '0.00117233294'),
(1441, 6533, 'Netral', 'mei', '0.00117233294'),
(1441, 6449, 'Netral', 'jam', '0.00205158265'),
(1441, NULL, 'Netral', 'am', '0.00029308324'),
(1441, NULL, 'Netral', 'reply', '0.00029308324'),
(1441, 6420, 'Netral', 'ya', '0.0123094959'),
(1441, 6424, 'Netral', 'respon', '0.00087924971'),
(1441, 6700, 'Netral', 'by', '0.00117233294'),
(1442, 6681, 'Positif', 'dear', '0.0017921147'),
(1442, NULL, 'Positif', 'sy', '0.00059737157'),
(1442, NULL, 'Positif', 'setor', '0.00059737157'),
(1442, 6418, 'Positif', 'tunai', '0.00119474313'),
(1442, 6422, 'Positif', 'atm', '0.0017921147'),
(1442, 6422, 'Positif', 'atm', '0.0017921147'),
(1442, 6736, 'Positif', 'transaksi', '0.00119474313'),
(1442, NULL, 'Positif', 'gagal', '0.00059737157'),
(1442, NULL, 'Positif', 'tpi', '0.00059737157'),
(1442, 6721, 'Positif', 'uang', '0.0017921147'),
(1442, 6597, 'Positif', 'masuk', '0.00238948626'),
(1442, 6453, 'Positif', 'mesin', '0.00119474313'),
(1442, 6657, 'Positif', 'gimana', '0.00119474313'),
(1442, 6574, 'Negatif', 'dear', '0.00138456213'),
(1442, 6435, 'Negatif', 'sy', '0.00484596746'),
(1442, 6511, 'Negatif', 'setor', '0.00242298373'),
(1442, 6431, 'Negatif', 'tunai', '0.00380754586'),
(1442, 6505, 'Negatif', 'atm', '0.00761509173'),
(1442, 6505, 'Negatif', 'atm', '0.00761509173'),
(1442, 6463, 'Negatif', 'transaksi', '0.0031152648'),
(1442, 6427, 'Negatif', 'gagal', '0.0031152648'),
(1442, 6525, 'Negatif', 'tpi', '0.0010384216'),
(1442, 6508, 'Negatif', 'uang', '0.00692281066'),
(1442, 6510, 'Negatif', 'masuk', '0.0031152648'),
(1442, 6574, 'Negatif', 'mesin', '0.00242298373'),
(1442, 6468, 'Negatif', 'gimana', '0.00242298373'),
(1442, 6531, 'Netral', 'dear', '0.00087924971'),
(1442, 6521, 'Netral', 'sy', '0.00381008206'),
(1442, 6481, 'Netral', 'setor', '0.00205158265'),
(1442, 6498, 'Netral', 'tunai', '0.00175849941'),
(1442, 6424, 'Netral', 'atm', '0.01113716295'),
(1442, 6424, 'Netral', 'atm', '0.01113716295'),
(1442, 6425, 'Netral', 'transaksi', '0.00849941383'),
(1442, 6420, 'Netral', 'gagal', '0.00439624853'),
(1442, NULL, 'Netral', 'tpi', '0.00029308324'),
(1442, 6424, 'Netral', 'uang', '0.00732708089'),
(1442, 6488, 'Netral', 'masuk', '0.00586166471'),
(1442, 6460, 'Netral', 'mesin', '0.00205158265'),
(1442, 6436, 'Netral', 'gimana', '0.00468933177'),
(1443, 6451, 'Positif', 'admin', '0.00119474313'),
(1443, 6450, 'Positif', 'beli', '0.00119474313'),
(1443, 6450, 'Positif', 'beli', '0.00119474313'),
(1443, NULL, 'Positif', 'pulsa', '0.00059737157'),
(1443, NULL, 'Positif', 'pulsa', '0.00059737157'),
(1443, NULL, 'Positif', 'mobile', '0.00059737157'),
(1443, NULL, 'Positif', 'bangking', '0.00059737157'),
(1443, 6681, 'Positif', 'mandiri', '0.00418160096'),
(1443, 6538, 'Positif', 'x', '0.0017921147'),
(1443, NULL, 'Positif', 'msul', '0.00059737157'),
(1443, 6430, 'Positif', 'saldo', '0.00238948626'),
(1443, NULL, 'Positif', 'potong', '0.00059737157'),
(1443, 6657, 'Positif', 'solusi', '0.00119474313'),
(1443, 6641, 'Negatif', 'admin', '0.0020768432'),
(1443, 6605, 'Negatif', 'beli', '0.0010384216'),
(1443, 6605, 'Negatif', 'beli', '0.0010384216'),
(1443, 6519, 'Negatif', 'pulsa', '0.00276912426'),
(1443, 6519, 'Negatif', 'pulsa', '0.00276912426'),
(1443, 6427, 'Negatif', 'mobile', '0.0041536864'),
(1443, NULL, 'Negatif', 'bangking', '0.00034614053'),
(1443, 6659, 'Negatif', 'mandiri', '0.005192108'),
(1443, 6468, 'Negatif', 'x', '0.00173070267'),
(1443, NULL, 'Negatif', 'msul', '0.00034614053'),
(1443, 6506, 'Negatif', 'saldo', '0.00484596746'),
(1443, 6508, 'Negatif', 'potong', '0.00242298373'),
(1443, 6667, 'Negatif', 'solusi', '0.00069228107'),
(1443, 6475, 'Netral', 'admin', '0.00146541618'),
(1443, 6440, 'Netral', 'beli', '0.00175849941'),
(1443, 6440, 'Netral', 'beli', '0.00175849941'),
(1443, 6425, 'Netral', 'pulsa', '0.00351699883'),
(1443, 6425, 'Netral', 'pulsa', '0.00351699883'),
(1443, 6421, 'Netral', 'mobile', '0.00586166471'),
(1443, NULL, 'Netral', 'bangking', '0.00029308324'),
(1443, 6423, 'Netral', 'mandiri', '0.00615474795'),
(1443, NULL, 'Netral', 'x', '0.00029308324'),
(1443, NULL, 'Netral', 'msul', '0.00029308324'),
(1443, 6424, 'Netral', 'saldo', '0.01348182884'),
(1443, 6424, 'Netral', 'potong', '0.00439624853'),
(1443, 6500, 'Netral', 'solusi', '0.00146541618'),
(1444, 6624, 'Positif', 'terimakasih', '0.00298685783'),
(1444, 6438, 'Positif', 'min', '0.00477897252'),
(1444, 6438, 'Positif', 'info', '0.0017921147'),
(1444, NULL, 'Positif', 'na', '0.00059737157'),
(1444, NULL, 'Positif', 'klo', '0.00059737157'),
(1444, NULL, 'Positif', 'ganti', '0.00059737157'),
(1444, NULL, 'Positif', 'hp', '0.00059737157'),
(1444, 6656, 'Positif', 'aplikasi', '0.00119474313'),
(1444, 6501, 'Positif', 'mbanking', '0.00119474313'),
(1444, NULL, 'Positif', 'teller', '0.00059737157'),
(1444, NULL, 'Positif', 'registrasi', '0.00059737157'),
(1444, NULL, 'Positif', 'ulang', '0.00059737157'),
(1444, NULL, 'Negatif', 'terimakasih', '0.00034614053'),
(1444, 6426, 'Negatif', 'min', '0.0020768432'),
(1444, 6469, 'Negatif', 'info', '0.00173070267'),
(1444, NULL, 'Negatif', 'na', '0.00034614053'),
(1444, 6707, 'Negatif', 'klo', '0.0010384216'),
(1444, 6524, 'Negatif', 'ganti', '0.0010384216'),
(1444, 6524, 'Negatif', 'hp', '0.00069228107'),
(1444, 6513, 'Negatif', 'aplikasi', '0.00138456213'),
(1444, 6431, 'Negatif', 'mbanking', '0.00069228107'),
(1444, 6432, 'Negatif', 'teller', '0.00138456213'),
(1444, NULL, 'Negatif', 'registrasi', '0.00034614053'),
(1444, 6556, 'Negatif', 'ulang', '0.0010384216'),
(1444, 6454, 'Netral', 'terimakasih', '0.00146541618'),
(1444, 6420, 'Netral', 'min', '0.0172919109'),
(1444, 6444, 'Netral', 'info', '0.00322391559'),
(1444, 6461, 'Netral', 'na', '0.00058616647'),
(1444, 6504, 'Netral', 'klo', '0.00117233294'),
(1444, 6486, 'Netral', 'ganti', '0.00175849941'),
(1444, 6521, 'Netral', 'hp', '0.00263774912'),
(1444, 6461, 'Netral', 'aplikasi', '0.00322391559'),
(1444, 6428, 'Netral', 'mbanking', '0.00468933177'),
(1444, 6495, 'Netral', 'teller', '0.00117233294'),
(1444, 6601, 'Netral', 'registrasi', '0.00087924971'),
(1444, 6714, 'Netral', 'ulang', '0.00087924971'),
(1445, NULL, 'Positif', 'selamat', '0.00059737157'),
(1445, NULL, 'Positif', 'pagi', '0.00059737157'),
(1445, 6438, 'Positif', 'min', '0.00477897252'),
(1445, 6438, 'Positif', 'min', '0.00477897252'),
(1445, NULL, 'Positif', 'tgl', '0.00059737157'),
(1445, 6736, 'Positif', 'transaksi', '0.00119474313'),
(1445, 6450, 'Positif', 'top', '0.00119474313'),
(1445, 6450, 'Positif', 'up', '0.00119474313'),
(1445, NULL, 'Positif', 'emoney', '0.00059737157'),
(1445, 6735, 'Positif', 'via', '0.00119474313'),
(1445, 6501, 'Positif', 'mbanking', '0.00119474313'),
(1445, NULL, 'Positif', 'rb', '0.00059737157'),
(1445, 6538, 'Positif', 'tp', '0.0017921147'),
(1445, 6430, 'Positif', 'saldo', '0.00238948626'),
(1445, 6422, 'Positif', 'ga', '0.00298685783'),
(1445, 6597, 'Positif', 'masuk', '0.00238948626'),
(1445, 6480, 'Positif', 'mohon', '0.00119474313'),
(1445, 6430, 'Positif', 'bantu', '0.0017921147'),
(1445, 6624, 'Positif', 'terimakasih', '0.00298685783'),
(1445, 6563, 'Negatif', 'selamat', '0.0010384216'),
(1445, 6466, 'Negatif', 'pagi', '0.00173070267'),
(1445, 6426, 'Negatif', 'min', '0.0020768432'),
(1445, 6426, 'Negatif', 'min', '0.0020768432'),
(1445, 6532, 'Negatif', 'tgl', '0.00346140533'),
(1445, 6463, 'Negatif', 'transaksi', '0.0031152648'),
(1445, 6506, 'Negatif', 'top', '0.00069228107'),
(1445, 6506, 'Negatif', 'up', '0.00138456213'),
(1445, NULL, 'Negatif', 'emoney', '0.00034614053'),
(1445, 6506, 'Negatif', 'via', '0.00242298373'),
(1445, 6431, 'Negatif', 'mbanking', '0.00069228107'),
(1445, 6548, 'Negatif', 'rb', '0.00069228107'),
(1445, 6510, 'Negatif', 'tp', '0.0020768432'),
(1445, 6506, 'Negatif', 'saldo', '0.00484596746'),
(1445, 6435, 'Negatif', 'ga', '0.00726895119'),
(1445, 6510, 'Negatif', 'masuk', '0.0031152648'),
(1445, 6463, 'Negatif', 'mohon', '0.00242298373'),
(1445, 6525, 'Negatif', 'bantu', '0.00138456213'),
(1445, NULL, 'Negatif', 'terimakasih', '0.00034614053'),
(1445, 6428, 'Netral', 'selamat', '0.00556858148'),
(1445, 6421, 'Netral', 'pagi', '0.00527549824'),
(1445, 6420, 'Netral', 'min', '0.0172919109'),
(1445, 6420, 'Netral', 'min', '0.0172919109'),
(1445, 6473, 'Netral', 'tgl', '0.00087924971'),
(1445, 6425, 'Netral', 'transaksi', '0.00849941383'),
(1445, 6442, 'Netral', 'top', '0.00146541618'),
(1445, 6442, 'Netral', 'up', '0.00146541618'),
(1445, 6674, 'Netral', 'emoney', '0.00205158265'),
(1445, 6421, 'Netral', 'via', '0.00498241501'),
(1445, 6428, 'Netral', 'mbanking', '0.00468933177'),
(1445, 6473, 'Netral', 'rb', '0.00058616647'),
(1445, 6470, 'Netral', 'tp', '0.00498241501'),
(1445, 6424, 'Netral', 'saldo', '0.01348182884'),
(1445, 6423, 'Netral', 'ga', '0.00263774912'),
(1445, 6488, 'Netral', 'masuk', '0.00586166471'),
(1445, 6420, 'Netral', 'mohon', '0.00703399766'),
(1445, 6429, 'Netral', 'bantu', '0.00556858148'),
(1445, 6454, 'Netral', 'terimakasih', '0.00146541618'),
(1446, 6438, 'Positif', 'min', '0.00477897252'),
(1446, NULL, 'Positif', 'teman', '0.00059737157'),
(1446, NULL, 'Positif', 'transfer', '0.00059737157'),
(1446, 6437, 'Positif', 'bank', '0.00657108722'),
(1446, 6681, 'Positif', 'mandiri', '0.00418160096'),
(1446, 6597, 'Positif', 'masuk', '0.00238948626'),
(1446, 6426, 'Negatif', 'min', '0.0020768432'),
(1446, NULL, 'Negatif', 'teman', '0.00034614053'),
(1446, 6513, 'Negatif', 'transfer', '0.00138456213'),
(1446, 6505, 'Negatif', 'bank', '0.0041536864'),
(1446, 6659, 'Negatif', 'mandiri', '0.005192108'),
(1446, 6510, 'Negatif', 'masuk', '0.0031152648'),
(1446, 6420, 'Netral', 'min', '0.0172919109'),
(1446, 6580, 'Netral', 'teman', '0.00058616647'),
(1446, 6421, 'Netral', 'transfer', '0.01113716295'),
(1446, 6420, 'Netral', 'bank', '0.00849941383'),
(1446, 6423, 'Netral', 'mandiri', '0.00615474795'),
(1446, 6488, 'Netral', 'masuk', '0.00586166471'),
(1447, NULL, 'Positif', 'okay', '0.00059737157'),
(1447, 6624, 'Positif', 'terimakasih', '0.00298685783'),
(1447, NULL, 'Negatif', 'okay', '0.00034614053'),
(1447, NULL, 'Negatif', 'terimakasih', '0.00034614053'),
(1447, NULL, 'Netral', 'okay', '0.00029308324'),
(1447, 6454, 'Netral', 'terimakasih', '0.00146541618'),
(1448, NULL, 'Positif', 'numpang', '0.00059737157'),
(1448, 6721, 'Positif', 'g', '0.00119474313'),
(1448, 6422, 'Positif', 'atm', '0.0017921147'),
(1448, NULL, 'Positif', 'setor', '0.00059737157'),
(1448, 6418, 'Positif', 'tunai', '0.00119474313'),
(1448, 6418, 'Positif', 'tunai', '0.00119474313'),
(1448, 6453, 'Positif', 'mesin', '0.00119474313'),
(1448, 6681, 'Positif', 'mandiri', '0.00418160096'),
(1448, NULL, 'Negatif', 'numpang', '0.00034614053'),
(1448, 6615, 'Negatif', 'g', '0.0010384216'),
(1448, 6505, 'Negatif', 'atm', '0.00761509173'),
(1448, 6511, 'Negatif', 'setor', '0.00242298373'),
(1448, 6431, 'Negatif', 'tunai', '0.00380754586'),
(1448, 6431, 'Negatif', 'tunai', '0.00380754586'),
(1448, 6574, 'Negatif', 'mesin', '0.00242298373'),
(1448, 6659, 'Negatif', 'mandiri', '0.005192108'),
(1448, NULL, 'Netral', 'numpang', '0.00029308324'),
(1448, NULL, 'Netral', 'g', '0.00029308324'),
(1448, 6424, 'Netral', 'atm', '0.01113716295'),
(1448, 6481, 'Netral', 'setor', '0.00205158265'),
(1448, 6498, 'Netral', 'tunai', '0.00175849941'),
(1448, 6498, 'Netral', 'tunai', '0.00175849941'),
(1448, 6460, 'Netral', 'mesin', '0.00205158265'),
(1448, 6423, 'Netral', 'mandiri', '0.00615474795'),
(1449, 6422, 'Positif', 'atm', '0.0017921147'),
(1449, NULL, 'Positif', 's', '0.00059737157'),
(1449, NULL, 'Positif', 'aw', '0.00059737157'),
(1449, NULL, 'Positif', 'nw', '0.00059737157'),
(1449, NULL, 'Positif', 'apt', '0.00059737157'),
(1449, NULL, 'Positif', 'rasuna', '0.00059737157'),
(1449, NULL, 'Positif', 'hank', '0.00059737157'),
(1449, 6587, 'Positif', 'tolong', '0.0017921147'),
(1449, NULL, 'Positif', 'baik', '0.00059737157'),
(1449, NULL, 'Positif', 'tks', '0.00059737157'),
(1449, 6505, 'Negatif', 'atm', '0.00761509173'),
(1449, NULL, 'Negatif', 's', '0.00034614053'),
(1449, NULL, 'Negatif', 'aw', '0.00034614053'),
(1449, NULL, 'Negatif', 'nw', '0.00034614053'),
(1449, NULL, 'Negatif', 'apt', '0.00034614053'),
(1449, NULL, 'Negatif', 'rasuna', '0.00034614053'),
(1449, NULL, 'Negatif', 'hank', '0.00034614053'),
(1449, 6469, 'Negatif', 'tolong', '0.00484596746'),
(1449, 6463, 'Negatif', 'baik', '0.00276912426'),
(1449, 6540, 'Negatif', 'tks', '0.00069228107'),
(1449, 6424, 'Netral', 'atm', '0.01113716295'),
(1449, NULL, 'Netral', 's', '0.00029308324'),
(1449, NULL, 'Netral', 'aw', '0.00029308324'),
(1449, NULL, 'Netral', 'nw', '0.00029308324'),
(1449, NULL, 'Netral', 'apt', '0.00029308324'),
(1449, NULL, 'Netral', 'rasuna', '0.00029308324'),
(1449, NULL, 'Netral', 'hank', '0.00029308324'),
(1449, 6424, 'Netral', 'tolong', '0.00146541618'),
(1449, 6444, 'Netral', 'baik', '0.00058616647'),
(1449, 6487, 'Netral', 'tks', '0.00175849941'),
(1450, 6438, 'Positif', 'min', '0.00477897252'),
(1450, 6736, 'Positif', 'transaksi', '0.00119474313'),
(1450, 6736, 'Positif', 'transaksi', '0.00119474313'),
(1450, NULL, 'Positif', 'mobile', '0.00059737157'),
(1450, 6657, 'Positif', 'banking', '0.00119474313'),
(1450, 6584, 'Positif', 'bayar', '0.00238948626'),
(1450, NULL, 'Positif', 'tiket', '0.00059737157'),
(1450, NULL, 'Positif', 'muncul', '0.00059737157'),
(1450, NULL, 'Positif', 'duplikat', '0.00059737157'),
(1450, 6430, 'Positif', 'saldo', '0.00238948626'),
(1450, NULL, 'Positif', 'potong', '0.00059737157'),
(1450, NULL, 'Positif', 'thanks', '0.00059737157'),
(1450, 6426, 'Negatif', 'min', '0.0020768432'),
(1450, 6463, 'Negatif', 'transaksi', '0.0031152648'),
(1450, 6463, 'Negatif', 'transaksi', '0.0031152648'),
(1450, 6427, 'Negatif', 'mobile', '0.0041536864'),
(1450, 6427, 'Negatif', 'banking', '0.00346140533'),
(1450, 6509, 'Negatif', 'bayar', '0.00138456213'),
(1450, NULL, 'Negatif', 'tiket', '0.00034614053'),
(1450, NULL, 'Negatif', 'muncul', '0.00034614053'),
(1450, NULL, 'Negatif', 'duplikat', '0.00034614053'),
(1450, 6506, 'Negatif', 'saldo', '0.00484596746'),
(1450, 6508, 'Negatif', 'potong', '0.00242298373'),
(1450, NULL, 'Negatif', 'thanks', '0.00034614053'),
(1450, 6420, 'Netral', 'min', '0.0172919109'),
(1450, 6425, 'Netral', 'transaksi', '0.00849941383'),
(1450, 6425, 'Netral', 'transaksi', '0.00849941383'),
(1450, 6421, 'Netral', 'mobile', '0.00586166471'),
(1450, 6440, 'Netral', 'banking', '0.00498241501'),
(1450, 6461, 'Netral', 'bayar', '0.00381008206'),
(1450, 6620, 'Netral', 'tiket', '0.00058616647'),
(1450, 6455, 'Netral', 'muncul', '0.00087924971'),
(1450, NULL, 'Netral', 'duplikat', '0.00029308324'),
(1450, 6424, 'Netral', 'saldo', '0.01348182884'),
(1450, 6424, 'Netral', 'potong', '0.00439624853'),
(1450, 6470, 'Netral', 'thanks', '0.00263774912'),
(1451, 6624, 'Positif', 'terimakasih', '0.00298685783'),
(1451, 6658, 'Positif', 'informasi', '0.00119474313'),
(1451, 6658, 'Positif', 'informasi', '0.00119474313'),
(1451, NULL, 'Positif', 'konfirmasi', '0.00059737157'),
(1451, 6438, 'Positif', 'min', '0.00477897252'),
(1451, 6681, 'Positif', 'cabang', '0.00119474313'),
(1451, 6698, 'Positif', 'moga', '0.0017921147'),
(1451, NULL, 'Positif', 'depan', '0.00059737157'),
(1451, 6450, 'Positif', 'yg', '0.00298685783'),
(1451, NULL, 'Positif', 'sesuai', '0.00059737157'),
(1451, NULL, 'Positif', 'sop', '0.00059737157'),
(1451, 6437, 'Positif', 'nasabah', '0.00298685783'),
(1451, NULL, 'Positif', 'thx', '0.00059737157'),
(1451, NULL, 'Negatif', 'terimakasih', '0.00034614053'),
(1451, NULL, 'Negatif', 'informasi', '0.00034614053'),
(1451, NULL, 'Negatif', 'informasi', '0.00034614053'),
(1451, 6667, 'Negatif', 'konfirmasi', '0.00069228107'),
(1451, 6426, 'Negatif', 'min', '0.0020768432'),
(1451, 6524, 'Negatif', 'cabang', '0.00242298373'),
(1451, 6637, 'Negatif', 'moga', '0.00173070267'),
(1451, 6439, 'Negatif', 'depan', '0.00069228107'),
(1451, 6432, 'Negatif', 'yg', '0.00830737279'),
(1451, 6680, 'Negatif', 'sesuai', '0.0010384216'),
(1451, 6668, 'Negatif', 'sop', '0.00069228107'),
(1451, 6576, 'Negatif', 'nasabah', '0.005192108'),
(1451, 6682, 'Negatif', 'thx', '0.00069228107'),
(1451, 6454, 'Netral', 'terimakasih', '0.00146541618'),
(1451, 6580, 'Netral', 'informasi', '0.00058616647'),
(1451, 6580, 'Netral', 'informasi', '0.00058616647'),
(1451, 6515, 'Netral', 'konfirmasi', '0.00117233294'),
(1451, 6420, 'Netral', 'min', '0.0172919109'),
(1451, 6443, 'Netral', 'cabang', '0.00381008206'),
(1451, 6539, 'Netral', 'moga', '0.00058616647'),
(1451, NULL, 'Netral', 'depan', '0.00029308324'),
(1451, 6423, 'Netral', 'yg', '0.00879249707'),
(1451, 6633, 'Netral', 'sesuai', '0.00058616647'),
(1451, NULL, 'Netral', 'sop', '0.00029308324'),
(1451, 6486, 'Netral', 'nasabah', '0.00175849941'),
(1451, 6632, 'Netral', 'thx', '0.00146541618'),
(1452, 6681, 'Positif', 'mandiri', '0.00418160096'),
(1452, 6657, 'Positif', 'online', '0.00238948626'),
(1452, 6736, 'Positif', 'transaksi', '0.00119474313'),
(1452, 6418, 'Positif', 'kartu', '0.00418160096'),
(1452, 6659, 'Negatif', 'mandiri', '0.005192108'),
(1452, 6659, 'Negatif', 'online', '0.0020768432'),
(1452, 6463, 'Negatif', 'transaksi', '0.0031152648'),
(1452, 6505, 'Negatif', 'kartu', '0.0041536864'),
(1452, 6423, 'Netral', 'mandiri', '0.00615474795'),
(1452, 6549, 'Netral', 'online', '0.00234466589'),
(1452, 6425, 'Netral', 'transaksi', '0.00849941383'),
(1452, 6436, 'Netral', 'kartu', '0.00791324736');

-- --------------------------------------------------------

--
-- Table structure for table `sentimen`
--

CREATE TABLE `sentimen` (
  `id_sentimen` int(10) NOT NULL,
  `kategori` varchar(20) DEFAULT NULL
) ENGINE=InnoDB DEFAULT CHARSET=latin1;

--
-- Dumping data for table `sentimen`
--

INSERT INTO `sentimen` (`id_sentimen`, `kategori`) VALUES
(1, 'Positif'),
(2, 'Negatif'),
(3, 'Netral');

-- --------------------------------------------------------

--
-- Table structure for table `term_frequency`
--

CREATE TABLE `term_frequency` (
  `id_term` int(11) NOT NULL,
  `kata` varchar(50) DEFAULT NULL,
  `id_sentimen` int(10) DEFAULT NULL,
  `jumlah` int(10) DEFAULT NULL,
  `id_training` int(10) DEFAULT NULL,
  `id_testing` int(10) DEFAULT NULL,
  `nilai_perhitungan` varchar(15) DEFAULT NULL
) ENGINE=InnoDB DEFAULT CHARSET=latin1;

--
-- Dumping data for table `term_frequency`
--

INSERT INTO `term_frequency` (`id_term`, `kata`, `id_sentimen`, `jumlah`, `id_training`, `id_testing`, `nilai_perhitungan`) VALUES
(43026, 'aja', 1, 7, 6417, NULL, '0.00477897252'),
(43027, 'buka', 1, 1, 6417, NULL, '0.00119474313'),
(43028, 'rek', 1, 1, 6417, NULL, '0.00119474313'),
(43029, 'handphone', 1, 1, 6417, NULL, '0.00119474313'),
(43030, 'mudah', 1, 3, 6417, NULL, '0.00238948626'),
(43031, 'iklan', 1, 1, 6417, NULL, '0.00119474313'),
(43032, 'untung', 1, 1, 6418, NULL, '0.00119474313'),
(43033, 'tarik', 1, 1, 6418, NULL, '0.00119474313'),
(43034, 'tunai', 1, 1, 6418, NULL, '0.00119474313'),
(43035, 'kartu', 1, 6, 6418, NULL, '0.00418160096'),
(43036, 'upgrade', 1, 1, 6419, NULL, '0.00119474313'),
(43037, 'jenis', 1, 2, 6419, NULL, '0.0017921147'),
(43038, 'tabung', 1, 2, 6419, NULL, '0.0017921147'),
(43039, 'tahap', 1, 2, 6419, NULL, '0.0017921147'),
(43040, 'xpresi', 1, 2, 6419, NULL, '0.0017921147'),
(43041, 'gold', 1, 1, 6419, NULL, '0.00119474313'),
(43042, 'usaha', 3, 2, 6420, NULL, '0.00087924971'),
(43043, 'login', 3, 8, 6420, NULL, '0.00263774912'),
(43044, 'min', 3, 58, 6420, NULL, '0.0172919109'),
(43045, 'kalo', 3, 7, 6420, NULL, '0.00234466589'),
(43046, 'nggak', 3, 5, 6420, NULL, '0.00175849941'),
(43047, 'koneksi', 3, 3, 6420, NULL, '0.00117233294'),
(43048, 'internet', 3, 14, 6420, NULL, '0.00439624853'),
(43049, 'hubung', 3, 2, 6420, NULL, '0.00087924971'),
(43050, 'ya', 3, 41, 6420, NULL, '0.0123094959'),
(43051, 'gagal', 3, 14, 6420, NULL, '0.00439624853'),
(43052, 'stabil', 3, 2, 6420, NULL, '0.00087924971'),
(43053, 'banget', 3, 4, 6420, NULL, '0.00146541618'),
(43054, 'sempet', 3, 1, 6420, NULL, '0.00058616647'),
(43055, 'pemberitauan', 3, 1, 6420, NULL, '0.00058616647'),
(43056, 'suruh', 3, 3, 6420, NULL, '0.00117233294'),
(43057, 'cs', 3, 2, 6420, NULL, '0.00087924971'),
(43058, 'bank', 3, 28, 6420, NULL, '0.00849941383'),
(43059, 'mohon', 3, 23, 6420, NULL, '0.00703399766'),
(43060, 'maaf', 3, 6, 6420, NULL, '0.00205158265'),
(43061, 'gambar', 3, 2, 6420, NULL, '0.00087924971'),
(43062, 'kemarin', 3, 2, 6420, NULL, '0.00087924971'),
(43063, 'transfer', 3, 37, 6421, NULL, '0.01113716295'),
(43064, 'via', 3, 16, 6421, NULL, '0.00498241501'),
(43065, 'bca', 3, 34, 6421, NULL, '0.01025791325'),
(43066, 'mobile', 3, 19, 6421, NULL, '0.00586166471'),
(43067, 'pagi', 3, 17, 6421, NULL, '0.00527549824'),
(43068, 'susah', 3, 1, 6421, NULL, '0.00058616647'),
(43069, 'eror', 3, 2, 6421, NULL, '0.00087924971'),
(43070, 'kah', 3, 4, 6421, NULL, '0.00146541618'),
(43071, 'langsung', 1, 4, 6422, NULL, '0.00298685783'),
(43072, 'sadar', 1, 1, 6422, NULL, '0.00119474313'),
(43073, 'copet', 1, 1, 6422, NULL, '0.00119474313'),
(43074, 'siang', 1, 1, 6422, NULL, '0.00119474313'),
(43075, 'bca', 1, 6, 6422, NULL, '0.00418160096'),
(43076, 'ga', 1, 4, 6422, NULL, '0.00298685783'),
(43077, 'pake', 1, 6, 6422, NULL, '0.00418160096'),
(43078, 'ribet', 1, 1, 6422, NULL, '0.00119474313'),
(43079, 'atm', 1, 2, 6422, NULL, '0.0017921147'),
(43080, 'terbit', 1, 3, 6422, NULL, '0.00238948626'),
(43081, 'haha', 3, 1, 6423, NULL, '0.00058616647'),
(43082, 'gua', 3, 1, 6423, NULL, '0.00058616647'),
(43083, 'trf', 3, 2, 6423, NULL, '0.00087924971'),
(43084, 'mandiri', 3, 20, 6423, NULL, '0.00615474795'),
(43085, 'kaya', 3, 2, 6423, NULL, '0.00087924971'),
(43086, 'gni', 3, 1, 6423, NULL, '0.00058616647'),
(43087, 'yg', 3, 29, 6423, NULL, '0.00879249707'),
(43088, 'disalahin', 3, 1, 6423, NULL, '0.00058616647'),
(43089, 'gw', 3, 2, 6423, NULL, '0.00087924971'),
(43090, 'kluar', 3, 1, 6423, NULL, '0.00058616647'),
(43091, 'duit', 3, 1, 6423, NULL, '0.00058616647'),
(43092, 'scr', 3, 1, 6423, NULL, '0.00058616647'),
(43093, 'ga', 3, 8, 6423, NULL, '0.00263774912'),
(43094, 'langsung', 3, 5, 6423, NULL, '0.00175849941'),
(43095, 'emg', 3, 1, 6423, NULL, '0.00058616647'),
(43096, 'konfirm', 3, 1, 6423, NULL, '0.00058616647'),
(43097, 'lo', 3, 1, 6423, NULL, '0.00058616647'),
(43098, 'masa', 3, 4, 6423, NULL, '0.00146541618'),
(43099, 'ngambil', 3, 3, 6424, NULL, '0.00117233294'),
(43100, 'uang', 3, 24, 6424, NULL, '0.00732708089'),
(43101, 'atm', 3, 37, 6424, NULL, '0.01113716295'),
(43102, 'bni', 3, 23, 6424, NULL, '0.00703399766'),
(43103, 'saldo', 3, 45, 6424, NULL, '0.01348182884'),
(43104, 'potong', 3, 14, 6424, NULL, '0.00439624853'),
(43105, 'an', 3, 1, 6424, NULL, '0.00058616647'),
(43106, 'jojor', 3, 1, 6424, NULL, '0.00058616647'),
(43107, 'erika', 3, 1, 6424, NULL, '0.00058616647'),
(43108, 'ambarita', 3, 1, 6424, NULL, '0.00058616647'),
(43109, 'udah', 3, 8, 6424, NULL, '0.00263774912'),
(43110, 'lapor', 3, 6, 6424, NULL, '0.00205158265'),
(43111, 'kembali', 3, 2, 6424, NULL, '0.00087924971'),
(43112, 'kerja', 3, 4, 6424, NULL, '0.00146541618'),
(43113, 'tolong', 3, 4, 6424, NULL, '0.00146541618'),
(43114, 'respon', 3, 2, 6424, NULL, '0.00087924971'),
(43115, 'cepat', 3, 3, 6424, NULL, '0.00117233294'),
(43116, 'transaksi', 3, 28, 6425, NULL, '0.00849941383'),
(43117, 'biaya', 3, 7, 6425, NULL, '0.00234466589'),
(43118, 'pulsa', 3, 11, 6425, NULL, '0.00351699883'),
(43119, 'sih', 3, 2, 6425, NULL, '0.00087924971'),
(43120, 'modal', 3, 1, 6425, NULL, '0.00058616647'),
(43121, 'terima', 3, 10, 6425, NULL, '0.00322391559'),
(43122, 'kasih', 3, 11, 6425, NULL, '0.00351699883'),
(43123, 'gopay', 2, 1, 6426, NULL, '0.00069228107'),
(43124, 'terima', 2, 2, 6426, NULL, '0.0010384216'),
(43125, 'notifikasi', 2, 1, 6426, NULL, '0.00069228107'),
(43126, 'sampe', 2, 8, 6426, NULL, '0.0031152648'),
(43127, 'suruh', 2, 12, 6426, NULL, '0.00449982693'),
(43128, 'lempar', 2, 1, 6426, NULL, '0.00069228107'),
(43129, 'gin', 2, 8, 6426, NULL, '0.0031152648'),
(43130, 'min', 2, 5, 6426, NULL, '0.0020768432'),
(43131, 'mobile', 2, 11, 6427, NULL, '0.0041536864'),
(43132, 'banking', 2, 9, 6427, NULL, '0.00346140533'),
(43133, 'error', 2, 3, 6427, NULL, '0.00138456213'),
(43134, 'aktivasi', 2, 3, 6427, NULL, '0.00138456213'),
(43135, 'gagal', 2, 8, 6427, NULL, '0.0031152648'),
(43136, 'mulu', 2, 1, 6427, NULL, '0.00069228107'),
(43137, 'selamat', 3, 18, 6428, NULL, '0.00556858148'),
(43138, 'siang', 3, 14, 6428, NULL, '0.00439624853'),
(43139, 'mbanking', 3, 15, 6428, NULL, '0.00468933177'),
(43140, 'gopay', 3, 5, 6428, NULL, '0.00175849941'),
(43141, 'kali', 3, 5, 6428, NULL, '0.00175849941'),
(43142, 'terang', 3, 3, 6428, NULL, '0.00117233294'),
(43143, 'pending', 3, 3, 6428, NULL, '0.00117233294'),
(43144, 'isi', 3, 4, 6429, NULL, '0.00146541618'),
(43145, 'ngga', 3, 2, 6429, NULL, '0.00087924971'),
(43146, 'nambah', 3, 3, 6429, NULL, '0.00117233294'),
(43147, 'pls', 3, 2, 6429, NULL, '0.00087924971'),
(43148, 'bantu', 3, 18, 6429, NULL, '0.00556858148'),
(43149, 'terima', 1, 9, 6430, NULL, '0.00597371565'),
(43150, 'kasih', 1, 11, 6430, NULL, '0.00716845878'),
(43151, 'bantu', 1, 2, 6430, NULL, '0.0017921147'),
(43152, 'saldo', 1, 3, 6430, NULL, '0.00238948626'),
(43153, 'sdh', 1, 1, 6430, NULL, '0.00119474313'),
(43154, 'rekening', 1, 2, 6430, NULL, '0.0017921147'),
(43155, 'kadang', 2, 1, 6431, NULL, '0.00069228107'),
(43156, 'suka', 2, 1, 6431, NULL, '0.00069228107'),
(43157, 'kesel', 2, 2, 6431, NULL, '0.0010384216'),
(43158, 'r', 2, 1, 6431, NULL, '0.00069228107'),
(43159, 'yagini', 2, 1, 6431, NULL, '0.00069228107'),
(43160, 'rumah', 2, 1, 6431, NULL, '0.00069228107'),
(43161, 'lupa', 2, 1, 6431, NULL, '0.00069228107'),
(43162, 'bawa', 2, 1, 6431, NULL, '0.00069228107'),
(43163, 'dompet', 2, 1, 6431, NULL, '0.00069228107'),
(43164, 'gak', 2, 28, 6431, NULL, '0.01003807546'),
(43165, 'pegang', 2, 1, 6431, NULL, '0.00069228107'),
(43166, 'cash', 2, 1, 6431, NULL, '0.00069228107'),
(43167, 'samsek', 2, 1, 6431, NULL, '0.00069228107'),
(43168, 'ya', 2, 11, 6431, NULL, '0.0041536864'),
(43169, 'oke', 2, 1, 6431, NULL, '0.00069228107'),
(43170, 'tarik', 2, 7, 6431, NULL, '0.00276912426'),
(43171, 'tunai', 2, 10, 6431, NULL, '0.00380754586'),
(43172, 'cardless', 2, 1, 6431, NULL, '0.00069228107'),
(43173, 'transaction', 2, 1, 6431, NULL, '0.00069228107'),
(43174, 'pait', 2, 1, 6431, NULL, '0.00069228107'),
(43175, 'mbanking', 2, 1, 6431, NULL, '0.00069228107'),
(43176, 'eror', 2, 1, 6431, NULL, '0.00069228107'),
(43177, 'oh', 2, 2, 6431, NULL, '0.0010384216'),
(43178, 'gosh', 2, 1, 6431, NULL, '0.00069228107'),
(43179, 'maintenance', 2, 1, 6431, NULL, '0.00069228107'),
(43180, 'kcu', 2, 1, 6432, NULL, '0.00069228107'),
(43181, 'tuban', 2, 1, 6432, NULL, '0.00069228107'),
(43182, 'antri', 2, 3, 6432, NULL, '0.00138456213'),
(43183, 'lemot', 2, 2, 6432, NULL, '0.0010384216'),
(43184, 'bgt', 2, 4, 6432, NULL, '0.00173070267'),
(43185, 'teller', 2, 3, 6432, NULL, '0.00138456213'),
(43186, 'yg', 2, 23, 6432, NULL, '0.00830737279'),
(43187, 'closed', 2, 1, 6432, NULL, '0.00069228107'),
(43188, 'jam', 2, 11, 6433, NULL, '0.0041536864'),
(43189, 'twitter', 2, 1, 6433, NULL, '0.00069228107'),
(43190, 'dibales', 2, 1, 6433, NULL, '0.00069228107'),
(43191, 'nelp', 2, 2, 6433, NULL, '0.0010384216'),
(43192, 'cs', 2, 18, 6433, NULL, '0.00657667013'),
(43193, 'angkat', 2, 1, 6433, NULL, '0.00069228107'),
(43194, 'daftar', 3, 6, 6434, NULL, '0.00205158265'),
(43195, 'nomor', 3, 7, 6434, NULL, '0.00234466589'),
(43196, 'tuju', 3, 4, 6434, NULL, '0.00146541618'),
(43197, 'gak', 3, 8, 6434, NULL, '0.00263774912'),
(43198, 'sebal', 2, 1, 6435, NULL, '0.00069228107'),
(43199, 'yah', 2, 3, 6435, NULL, '0.00138456213'),
(43200, 'sy', 2, 13, 6435, NULL, '0.00484596746'),
(43201, 'dr', 2, 5, 6435, NULL, '0.0020768432'),
(43202, 'td', 2, 1, 6435, NULL, '0.00069228107'),
(43203, 'trf', 2, 1, 6435, NULL, '0.00069228107'),
(43204, 'ga', 2, 20, 6435, NULL, '0.00726895119'),
(43205, 'daftar', 2, 1, 6435, NULL, '0.00069228107'),
(43206, 'no', 2, 2, 6435, NULL, '0.0010384216'),
(43207, 'rek', 2, 4, 6435, NULL, '0.00173070267'),
(43208, 'bs', 2, 2, 6435, NULL, '0.0010384216'),
(43209, 'rekening', 3, 26, 6436, NULL, '0.00791324736'),
(43210, 'bikin', 3, 2, 6436, NULL, '0.00087924971'),
(43211, 'blm', 3, 12, 6436, NULL, '0.00381008206'),
(43212, 'kartu', 3, 26, 6436, NULL, '0.00791324736'),
(43213, 'kcp', 3, 3, 6436, NULL, '0.00117233294'),
(43214, 'dekat', 3, 4, 6436, NULL, '0.00146541618'),
(43215, 'gimana', 3, 15, 6436, NULL, '0.00468933177'),
(43216, 'jawab', 1, 1, 6437, NULL, '0.00119474313'),
(43217, 'sayang', 1, 3, 6437, NULL, '0.00238948626'),
(43218, 'kesan', 1, 1, 6437, NULL, '0.00119474313'),
(43219, 'ping', 1, 1, 6437, NULL, '0.00119474313'),
(43220, 'pong', 1, 1, 6437, NULL, '0.00119474313'),
(43221, 'nasabah', 1, 4, 6437, NULL, '0.00298685783'),
(43222, 'ditag', 1, 1, 6437, NULL, '0.00119474313'),
(43223, 'tindak', 1, 1, 6437, NULL, '0.00119474313'),
(43224, 'bank', 1, 10, 6437, NULL, '0.00657108722'),
(43225, 'arah', 1, 1, 6437, NULL, '0.00119474313'),
(43226, 'ok', 1, 2, 6438, NULL, '0.0017921147'),
(43227, 'makasih', 1, 3, 6438, NULL, '0.00238948626'),
(43228, 'info', 1, 2, 6438, NULL, '0.0017921147'),
(43229, 'sar', 1, 1, 6438, NULL, '0.00119474313'),
(43230, 'min', 1, 7, 6438, NULL, '0.00477897252'),
(43231, 'cepat', 2, 2, 6439, NULL, '0.0010384216'),
(43232, 'tanggap', 2, 3, 6439, NULL, '0.00138456213'),
(43233, 'masalah', 2, 1, 6439, NULL, '0.00069228107'),
(43234, 'urgent', 2, 2, 6439, NULL, '0.0010384216'),
(43235, 'worry', 2, 1, 6439, NULL, '0.00069228107'),
(43236, 'depan', 2, 1, 6439, NULL, '0.00069228107'),
(43237, 'pakai', 2, 3, 6439, NULL, '0.00138456213'),
(43238, 'banking', 3, 16, 6440, NULL, '0.00498241501'),
(43239, 'tf', 3, 2, 6440, NULL, '0.00087924971'),
(43240, 'beli', 3, 5, 6440, NULL, '0.00175849941'),
(43241, 'mutasi', 3, 5, 6440, NULL, '0.00175849941'),
(43242, 'rek', 3, 6, 6440, NULL, '0.00205158265'),
(43243, 'liat', 3, 2, 6440, NULL, '0.00087924971'),
(43244, 'engga', 3, 2, 6440, NULL, '0.00087924971'),
(43245, 'dateng', 3, 1, 6440, NULL, '0.00058616647'),
(43246, 'kirim', 3, 6, 6440, NULL, '0.00205158265'),
(43247, 'klikpay', 3, 1, 6441, NULL, '0.00058616647'),
(43248, 'coba', 3, 3, 6441, NULL, '0.00117233294'),
(43249, 'garuda', 3, 2, 6441, NULL, '0.00087924971'),
(43250, 'indonesia', 3, 1, 6441, NULL, '0.00058616647'),
(43251, 'aja', 3, 7, 6441, NULL, '0.00234466589'),
(43252, 'barusan', 3, 2, 6442, NULL, '0.00087924971'),
(43253, 'top', 3, 4, 6442, NULL, '0.00146541618'),
(43254, 'up', 3, 4, 6442, NULL, '0.00146541618'),
(43255, 'tambah', 3, 7, 6442, NULL, '0.00234466589'),
(43256, 'cek', 3, 10, 6442, NULL, '0.00322391559'),
(43257, 'sdh', 3, 6, 6442, NULL, '0.00205158265'),
(43258, 'tabung', 3, 7, 6443, NULL, '0.00234466589'),
(43259, 'expressi', 3, 1, 6443, NULL, '0.00058616647'),
(43260, 'tinggal', 3, 2, 6443, NULL, '0.00087924971'),
(43261, 'kantor', 3, 8, 6443, NULL, '0.00263774912'),
(43262, 'cabang', 3, 12, 6443, NULL, '0.00381008206'),
(43263, 'virtual', 3, 2, 6444, NULL, '0.00087924971'),
(43264, 'account', 3, 3, 6444, NULL, '0.00117233294'),
(43265, 'klikbca', 3, 1, 6444, NULL, '0.00058616647'),
(43266, 'info', 3, 10, 6444, NULL, '0.00322391559'),
(43267, 'kira', 3, 1, 6444, NULL, '0.00058616647'),
(43268, 'baik', 3, 1, 6444, NULL, '0.00058616647'),
(43269, 'selesai', 3, 1, 6444, NULL, '0.00058616647'),
(43270, 'bankin', 3, 1, 6445, NULL, '0.00058616647'),
(43271, 'pokok', 3, 1, 6445, NULL, '0.00058616647'),
(43272, 'onlineonline', 3, 1, 6445, NULL, '0.00058616647'),
(43273, 'ganggu', 3, 11, 6446, NULL, '0.00351699883'),
(43274, 'data', 3, 3, 6447, NULL, '0.00117233294'),
(43275, 'western', 3, 1, 6448, NULL, '0.00058616647'),
(43276, 'union', 3, 1, 6448, NULL, '0.00058616647'),
(43277, 'pakai', 3, 9, 6448, NULL, '0.00293083236'),
(43278, 'lulu', 3, 1, 6448, NULL, '0.00058616647'),
(43279, 'exchange', 3, 1, 6448, NULL, '0.00058616647'),
(43280, 'jam', 3, 6, 6449, NULL, '0.00205158265'),
(43281, 'pulang', 3, 1, 6449, NULL, '0.00058616647'),
(43282, 'libur', 3, 2, 6449, NULL, '0.00087924971'),
(43283, 'sabtu', 3, 1, 6449, NULL, '0.00058616647'),
(43284, 'minggu', 3, 3, 6449, NULL, '0.00117233294'),
(43285, 'suka', 1, 2, 6450, NULL, '0.0017921147'),
(43286, 'promo', 1, 2, 6450, NULL, '0.0017921147'),
(43287, 'diskon', 1, 1, 6450, NULL, '0.00119474313'),
(43288, 'voucher', 1, 1, 6450, NULL, '0.00119474313'),
(43289, 'top', 1, 1, 6450, NULL, '0.00119474313'),
(43290, 'up', 1, 1, 6450, NULL, '0.00119474313'),
(43291, 'steam', 1, 2, 6450, NULL, '0.0017921147'),
(43292, 'wallet', 1, 1, 6450, NULL, '0.00119474313'),
(43293, 'platform', 1, 1, 6450, NULL, '0.00119474313'),
(43294, 'yg', 1, 4, 6450, NULL, '0.00298685783'),
(43295, 'nyediakan', 1, 1, 6450, NULL, '0.00119474313'),
(43296, 'game', 1, 2, 6450, NULL, '0.0017921147'),
(43297, 'jd', 1, 1, 6450, NULL, '0.00119474313'),
(43298, 'bs', 1, 2, 6450, NULL, '0.0017921147'),
(43299, 'beli', 1, 1, 6450, NULL, '0.00119474313'),
(43300, 'item', 1, 1, 6450, NULL, '0.00119474313'),
(43301, 'sana', 1, 1, 6450, NULL, '0.00119474313'),
(43302, 'ayodong', 1, 1, 6450, NULL, '0.00119474313'),
(43303, 'heheheh', 1, 1, 6450, NULL, '0.00119474313'),
(43304, 'wow', 1, 1, 6451, NULL, '0.00119474313'),
(43305, 'admin', 1, 1, 6451, NULL, '0.00119474313'),
(43306, 'setia', 1, 1, 6451, NULL, '0.00119474313'),
(43307, 'ya', 1, 6, 6451, NULL, '0.00418160096'),
(43308, 'ambil', 3, 4, 6452, NULL, '0.00146541618'),
(43309, 'cetak', 3, 1, 6452, NULL, '0.00058616647'),
(43310, 'nama', 3, 1, 6452, NULL, '0.00058616647'),
(43311, 'wakil', 3, 1, 6452, NULL, '0.00058616647'),
(43312, 'makacii', 1, 1, 6453, NULL, '0.00119474313'),
(43313, 'mesin', 1, 1, 6453, NULL, '0.00119474313'),
(43314, 'hits', 1, 1, 6453, NULL, '0.00119474313'),
(43315, 'n', 1, 1, 6453, NULL, '0.00119474313'),
(43316, 'gaul', 1, 1, 6453, NULL, '0.00119474313'),
(43317, 'bingitsszz', 1, 1, 6453, NULL, '0.00119474313'),
(43318, 'dipake', 1, 1, 6453, NULL, '0.00119474313'),
(43319, 'mirror', 1, 1, 6453, NULL, '0.00119474313'),
(43320, 'selpi', 1, 1, 6453, NULL, '0.00119474313'),
(43321, 'lho', 1, 2, 6453, NULL, '0.0017921147'),
(43322, 'salah', 1, 1, 6453, NULL, '0.00119474313'),
(43323, 'bentuk', 1, 1, 6453, NULL, '0.00119474313'),
(43324, 'q', 1, 1, 6453, NULL, '0.00119474313'),
(43325, 'hidup', 1, 1, 6453, NULL, '0.00119474313'),
(43326, 'menjady', 1, 1, 6453, NULL, '0.00119474313'),
(43327, 'klik', 3, 1, 6454, NULL, '0.00058616647'),
(43328, 'kena', 3, 5, 6454, NULL, '0.00175849941'),
(43329, 'block', 3, 2, 6454, NULL, '0.00087924971'),
(43330, 'salah', 3, 3, 6454, NULL, '0.00117233294'),
(43331, 'masukin', 3, 2, 6454, NULL, '0.00087924971'),
(43332, 'kode', 3, 1, 6454, NULL, '0.00058616647'),
(43333, 'token', 3, 4, 6454, NULL, '0.00146541618'),
(43334, 'terimakasih', 3, 4, 6454, NULL, '0.00146541618'),
(43335, 'muncul', 3, 2, 6455, NULL, '0.00087924971'),
(43336, 'hai', 3, 3, 6456, NULL, '0.00117233294'),
(43337, 'cc', 3, 7, 6456, NULL, '0.00234466589'),
(43338, 'gagalapa', 3, 1, 6457, NULL, '0.00058616647'),
(43339, 'merchan', 3, 1, 6458, NULL, '0.00058616647'),
(43340, 'logo', 3, 1, 6458, NULL, '0.00058616647'),
(43341, 'cicil', 3, 2, 6458, NULL, '0.00087924971'),
(43342, 'apakahbisa', 3, 1, 6458, NULL, '0.00058616647'),
(43343, 'ubah', 3, 4, 6458, NULL, '0.00146541618'),
(43344, 'hooh', 3, 1, 6459, NULL, '0.00058616647'),
(43345, 'pas', 3, 5, 6459, NULL, '0.00175849941'),
(43346, 'nyobain', 3, 1, 6459, NULL, '0.00058616647'),
(43347, 'naha', 3, 1, 6459, NULL, '0.00058616647'),
(43348, 'lieur', 3, 1, 6459, NULL, '0.00058616647'),
(43349, 'huhu', 3, 2, 6459, NULL, '0.00087924971'),
(43350, 'lari', 3, 2, 6459, NULL, '0.00087924971'),
(43351, 'sisa', 3, 1, 6459, NULL, '0.00058616647'),
(43352, 'dikit', 3, 1, 6459, NULL, '0.00058616647'),
(43353, 'kurs', 3, 1, 6459, NULL, '0.00058616647'),
(43354, 'telpon', 3, 2, 6460, NULL, '0.00087924971'),
(43355, 'adu', 3, 1, 6460, NULL, '0.00058616647'),
(43356, 'mesin', 3, 6, 6460, NULL, '0.00205158265'),
(43357, 'edc', 3, 2, 6460, NULL, '0.00087924971'),
(43358, 'td', 3, 3, 6460, NULL, '0.00117233294'),
(43359, 'handphone', 3, 1, 6460, NULL, '0.00058616647'),
(43360, 'sambung', 3, 1, 6460, NULL, '0.00058616647'),
(43361, 'na', 3, 1, 6461, NULL, '0.00058616647'),
(43362, 'tahap', 3, 1, 6461, NULL, '0.00058616647'),
(43363, 'expresi', 3, 2, 6461, NULL, '0.00087924971'),
(43364, 'jadi', 3, 3, 6461, NULL, '0.00117233294'),
(43365, 'debit', 3, 8, 6461, NULL, '0.00263774912'),
(43366, 'pd', 3, 1, 6461, NULL, '0.00058616647'),
(43367, 'bayar', 3, 12, 6461, NULL, '0.00381008206'),
(43368, 'itunes', 3, 2, 6461, NULL, '0.00087924971'),
(43369, 'no', 3, 4, 6461, NULL, '0.00146541618'),
(43370, 'payment', 3, 1, 6461, NULL, '0.00058616647'),
(43371, 'invalid', 3, 1, 6461, NULL, '0.00058616647'),
(43372, 'jg', 3, 3, 6461, NULL, '0.00117233294'),
(43373, 'aplikasi', 3, 10, 6461, NULL, '0.00322391559'),
(43374, 'danatixid', 3, 1, 6461, NULL, '0.00058616647'),
(43375, 'daerah', 3, 4, 6462, NULL, '0.00146541618'),
(43376, 'proses', 3, 3, 6462, NULL, '0.00117233294'),
(43377, 'buka', 3, 12, 6462, NULL, '0.00381008206'),
(43378, 'mtoken', 2, 1, 6463, NULL, '0.00069228107'),
(43379, 'ib', 2, 1, 6463, NULL, '0.00069228107'),
(43380, 'main', 2, 3, 6463, NULL, '0.00138456213'),
(43381, 'sms', 2, 1, 6463, NULL, '0.00069228107'),
(43382, 'transaksi', 2, 8, 6463, NULL, '0.0031152648'),
(43383, 'kadaluarsa', 2, 1, 6463, NULL, '0.00069228107'),
(43384, 'mohon', 2, 6, 6463, NULL, '0.00242298373'),
(43385, 'baik', 2, 7, 6463, NULL, '0.00276912426'),
(43386, 'kualitas', 2, 4, 6463, NULL, '0.00173070267'),
(43387, 'layan', 2, 14, 6463, NULL, '0.005192108'),
(43388, 'aktif', 3, 7, 6464, NULL, '0.00234466589'),
(43389, 'brp', 3, 4, 6464, NULL, '0.00146541618'),
(43390, 'dr', 3, 11, 6464, NULL, '0.00351699883'),
(43391, 'kecewa', 2, 5, 6465, NULL, '0.0020768432'),
(43392, 'solve', 2, 1, 6465, NULL, '0.00069228107'),
(43393, 'problem', 2, 1, 6465, NULL, '0.00069228107'),
(43394, 'pagi', 2, 4, 6466, NULL, '0.00173070267'),
(43395, 'belom', 2, 1, 6466, NULL, '0.00069228107'),
(43396, 'customer', 2, 3, 6466, NULL, '0.00138456213'),
(43397, 'service', 2, 3, 6466, NULL, '0.00138456213'),
(43398, 'offline', 2, 2, 6466, NULL, '0.0010384216'),
(43399, 'payah', 2, 2, 6466, NULL, '0.0010384216'),
(43400, 'banget', 2, 11, 6466, NULL, '0.0041536864'),
(43401, 'error', 3, 4, 6467, NULL, '0.00146541618'),
(43402, 'sampe', 3, 5, 6467, NULL, '0.00175849941'),
(43403, 'telepon', 2, 2, 6468, NULL, '0.0010384216'),
(43404, 'x', 2, 4, 6468, NULL, '0.00173070267'),
(43405, 'teasing', 2, 2, 6468, NULL, '0.0010384216'),
(43406, 'pas', 2, 6, 6468, NULL, '0.00242298373'),
(43407, 'sambung', 2, 3, 6468, NULL, '0.00138456213'),
(43408, 'eh', 2, 4, 6468, NULL, '0.00173070267'),
(43409, 'bilang', 2, 7, 6468, NULL, '0.00276912426'),
(43410, 'cm', 2, 3, 6468, NULL, '0.00138456213'),
(43411, 'telp', 2, 5, 6468, NULL, '0.0020768432'),
(43412, 'pikir', 2, 4, 6468, NULL, '0.00173070267'),
(43413, 'bodoh', 2, 3, 6468, NULL, '0.00138456213'),
(43414, 'gimana', 2, 6, 6468, NULL, '0.00242298373'),
(43415, 'singgung', 2, 2, 6468, NULL, '0.0010384216'),
(43416, 'kapar', 2, 2, 6468, NULL, '0.0010384216'),
(43417, 'kasur', 2, 2, 6468, NULL, '0.0010384216'),
(43418, 'sakit', 2, 3, 6468, NULL, '0.00138456213'),
(43419, 'lucu', 2, 2, 6468, NULL, '0.0010384216'),
(43420, 'ganggu', 2, 4, 6469, NULL, '0.00173070267'),
(43421, 'tolong', 2, 13, 6469, NULL, '0.00484596746'),
(43422, 'info', 2, 4, 6469, NULL, '0.00173070267'),
(43423, 'bca', 2, 3, 6469, NULL, '0.00138456213'),
(43424, 'life', 2, 2, 6469, NULL, '0.0010384216'),
(43425, 'hubung', 2, 3, 6469, NULL, '0.00138456213'),
(43426, 'etika', 2, 2, 6469, NULL, '0.0010384216'),
(43427, 'bohong', 2, 2, 6469, NULL, '0.0010384216'),
(43428, 'nawarin', 2, 2, 6469, NULL, '0.0010384216'),
(43429, 'apa', 2, 2, 6469, NULL, '0.0010384216'),
(43430, 'percaya', 2, 2, 6469, NULL, '0.0010384216'),
(43431, 'dgn', 3, 4, 6470, NULL, '0.00146541618'),
(43432, 'jepang', 3, 1, 6470, NULL, '0.00058616647'),
(43433, 'kmrn', 3, 1, 6470, NULL, '0.00058616647'),
(43434, 'tp', 3, 16, 6470, NULL, '0.00498241501'),
(43435, 'knp', 3, 1, 6470, NULL, '0.00058616647'),
(43436, 'record', 3, 1, 6470, NULL, '0.00058616647'),
(43437, 'butuh', 3, 5, 6470, NULL, '0.00175849941'),
(43438, 'terrecord', 3, 1, 6470, NULL, '0.00058616647'),
(43439, 'thanks', 3, 8, 6470, NULL, '0.00263774912'),
(43440, 'jenis', 3, 1, 6471, NULL, '0.00058616647'),
(43441, 'bebas', 3, 2, 6471, NULL, '0.00087924971'),
(43442, 'bantah', 1, 1, 6472, NULL, '0.00119474313'),
(43443, 'cs', 1, 5, 6472, NULL, '0.00358422939'),
(43444, 'tuh', 1, 1, 6472, NULL, '0.00119474313'),
(43445, 'bener', 1, 1, 6472, NULL, '0.00119474313'),
(43446, 'form', 1, 1, 6472, NULL, '0.00119474313'),
(43447, 'diisiin', 1, 1, 6472, NULL, '0.00119474313'),
(43448, 'tau', 1, 1, 6472, NULL, '0.00119474313'),
(43449, 'customer', 1, 4, 6472, NULL, '0.00298685783'),
(43450, 'kayak', 1, 1, 6472, NULL, '0.00119474313'),
(43451, 'bumn', 1, 1, 6472, NULL, '0.00119474313'),
(43452, 'andromax', 3, 1, 6473, NULL, '0.00058616647'),
(43453, 'tgl', 3, 2, 6473, NULL, '0.00087924971'),
(43454, 'rb', 3, 1, 6473, NULL, '0.00058616647'),
(43455, 'sore', 3, 7, 6473, NULL, '0.00234466589'),
(43456, 'kuota', 3, 2, 6473, NULL, '0.00087924971'),
(43457, 'utama', 3, 1, 6473, NULL, '0.00058616647'),
(43458, 'habis', 3, 3, 6473, NULL, '0.00117233294'),
(43459, 'content', 3, 1, 6473, NULL, '0.00058616647'),
(43460, 'dipkai', 3, 1, 6473, NULL, '0.00058616647'),
(43461, 'hari', 3, 1, 6473, NULL, '0.00058616647'),
(43462, 'blokir', 3, 8, 6474, NULL, '0.00263774912'),
(43463, 'kredit', 3, 4, 6474, NULL, '0.00146541618'),
(43464, 'dlu', 3, 1, 6474, NULL, '0.00058616647'),
(43465, 'krn', 3, 3, 6474, NULL, '0.00117233294'),
(43466, 'orang', 3, 3, 6474, NULL, '0.00117233294'),
(43467, 'admin', 3, 4, 6475, NULL, '0.00146541618'),
(43468, 'verifikasi', 3, 1, 6475, NULL, '0.00058616647'),
(43469, 'sms', 3, 3, 6475, NULL, '0.00117233294'),
(43470, 'pdhl', 3, 1, 6475, NULL, '0.00058616647'),
(43471, 'jadwal', 3, 1, 6476, NULL, '0.00058616647'),
(43472, 'operasional', 3, 1, 6476, NULL, '0.00058616647'),
(43473, 'slama', 3, 2, 6476, NULL, '0.00087924971'),
(43474, 'puasa', 3, 2, 6476, NULL, '0.00087924971'),
(43475, 'xpresi', 3, 1, 6477, NULL, '0.00058616647'),
(43476, 'debet', 3, 7, 6477, NULL, '0.00234466589'),
(43477, 'bpjs', 3, 4, 6477, NULL, '0.00146541618'),
(43478, 'fc', 3, 1, 6477, NULL, '0.00058616647'),
(43479, 'buku', 3, 2, 6477, NULL, '0.00087924971'),
(43480, 'btpn', 3, 1, 6478, NULL, '0.00058616647'),
(43481, 'malam', 3, 6, 6478, NULL, '0.00205158265'),
(43482, 'hai', 1, 1, 6480, NULL, '0.00119474313'),
(43483, 'kak', 1, 2, 6480, NULL, '0.0017921147'),
(43484, 'mohon', 1, 1, 6480, NULL, '0.00119474313'),
(43485, 'balas', 1, 1, 6480, NULL, '0.00119474313'),
(43486, 'dm', 1, 3, 6480, NULL, '0.00238948626'),
(43487, 'kakk', 1, 1, 6480, NULL, '0.00119474313'),
(43488, 'minimal', 3, 3, 6481, NULL, '0.00117233294'),
(43489, 'setor', 3, 6, 6481, NULL, '0.00205158265'),
(43490, 'baca', 3, 1, 6481, NULL, '0.00058616647'),
(43491, 'web', 3, 1, 6481, NULL, '0.00058616647'),
(43492, 'kenan', 3, 2, 6482, NULL, '0.00087924971'),
(43493, 'tukar', 3, 3, 6482, NULL, '0.00117233294'),
(43494, 'kedoublean', 3, 2, 6483, NULL, '0.00087924971'),
(43495, 'lainmohon', 3, 2, 6483, NULL, '0.00087924971'),
(43496, 'kl', 3, 1, 6484, NULL, '0.00058616647'),
(43497, 'hilang', 3, 2, 6484, NULL, '0.00087924971'),
(43498, 'buat', 3, 2, 6484, NULL, '0.00087924971'),
(43499, 'puas', 1, 1, 6485, NULL, '0.00119474313'),
(43500, 'layan', 1, 4, 6485, NULL, '0.00298685783'),
(43501, 'kcu', 1, 1, 6485, NULL, '0.00119474313'),
(43502, 'cianjur', 1, 1, 6485, NULL, '0.00119474313'),
(43503, 'jl', 1, 1, 6485, NULL, '0.00119474313'),
(43504, 'mangunsarkoro', 1, 1, 6485, NULL, '0.00119474313'),
(43505, 'tugas', 1, 2, 6485, NULL, '0.0017921147'),
(43506, 'ramah', 1, 2, 6485, NULL, '0.0017921147'),
(43507, 'tambah', 1, 1, 6485, NULL, '0.00119474313'),
(43508, 'bikin', 1, 2, 6485, NULL, '0.0017921147'),
(43509, 'dg', 1, 2, 6485, NULL, '0.0017921147'),
(43510, 'plus', 1, 1, 6485, NULL, '0.00119474313'),
(43511, 'pakai', 1, 1, 6485, NULL, '0.00119474313'),
(43512, 'foto', 1, 2, 6485, NULL, '0.0017921147'),
(43513, 'unik', 1, 1, 6485, NULL, '0.00119474313'),
(43514, 'ni', 1, 1, 6485, NULL, '0.00119474313'),
(43515, 'antri', 3, 1, 6486, NULL, '0.00058616647'),
(43516, 'gerak', 3, 1, 6486, NULL, '0.00058616647'),
(43517, 'lambat', 3, 1, 6486, NULL, '0.00058616647'),
(43518, 'nasabah', 3, 5, 6486, NULL, '0.00175849941'),
(43519, 'menit', 3, 2, 6486, NULL, '0.00087924971'),
(43520, 'sayang', 3, 2, 6486, NULL, '0.00087924971'),
(43521, 'ganti', 3, 5, 6486, NULL, '0.00175849941'),
(43522, 'dg', 3, 1, 6486, NULL, '0.00058616647'),
(43523, 'layan', 3, 2, 6486, NULL, '0.00087924971'),
(43524, 'digital', 3, 2, 6486, NULL, '0.00087924971'),
(43525, 'hitung', 3, 1, 6486, NULL, '0.00058616647'),
(43526, 'tny', 3, 1, 6487, NULL, '0.00058616647'),
(43527, 'penukuran', 3, 1, 6487, NULL, '0.00058616647'),
(43528, 'd', 3, 5, 6487, NULL, '0.00175849941'),
(43529, 'kc', 3, 1, 6487, NULL, '0.00058616647'),
(43530, 'sidoarjo', 3, 1, 6487, NULL, '0.00058616647'),
(43531, 'sampk', 3, 1, 6487, NULL, '0.00058616647'),
(43532, 'gmn', 3, 2, 6487, NULL, '0.00087924971'),
(43533, 'tks', 3, 5, 6487, NULL, '0.00175849941'),
(43534, 'negeri', 3, 2, 6488, NULL, '0.00087924971'),
(43535, 'usa', 3, 1, 6488, NULL, '0.00058616647'),
(43536, 'masuk', 3, 19, 6488, NULL, '0.00586166471'),
(43537, 'samakebetulan', 3, 1, 6488, NULL, '0.00058616647'),
(43538, 'suami', 3, 1, 6488, NULL, '0.00058616647'),
(43539, 'ajuin', 3, 1, 6489, NULL, '0.00058616647'),
(43540, 'maksud', 3, 3, 6494, NULL, '0.00117233294'),
(43541, 'mbamas', 3, 1, 6494, NULL, '0.00058616647'),
(43542, 'definisi', 3, 1, 6494, NULL, '0.00058616647'),
(43543, 'be', 3, 1, 6494, NULL, '0.00058616647'),
(43544, 'teller', 3, 3, 6495, NULL, '0.00117233294'),
(43545, 'of', 3, 1, 6495, NULL, '0.00058616647'),
(43546, 'china', 3, 1, 6495, NULL, '0.00058616647'),
(43547, 'hong', 3, 1, 6495, NULL, '0.00058616647'),
(43548, 'kong', 3, 1, 6495, NULL, '0.00058616647'),
(43549, 'goda', 3, 1, 6496, NULL, '0.00058616647'),
(43550, 'mindahin', 3, 1, 6496, NULL, '0.00058616647'),
(43551, 'jenius', 3, 2, 6496, NULL, '0.00087924971'),
(43552, 'asik', 3, 1, 6496, NULL, '0.00058616647'),
(43553, 'karna', 3, 1, 6496, NULL, '0.00058616647'),
(43554, 'seribet', 3, 1, 6496, NULL, '0.00058616647'),
(43555, 'etc', 3, 1, 6496, NULL, '0.00058616647'),
(43556, 'gabawa', 3, 1, 6496, NULL, '0.00058616647'),
(43557, 'yawla', 3, 1, 6496, NULL, '0.00058616647'),
(43558, 'nih', 3, 3, 6496, NULL, '0.00117233294'),
(43559, 'inovasi', 3, 1, 6496, NULL, '0.00058616647'),
(43560, 'tokenn', 3, 1, 6496, NULL, '0.00058616647'),
(43561, 'update', 3, 5, 6497, NULL, '0.00175849941'),
(43562, 'balance', 3, 2, 6497, NULL, '0.00087924971'),
(43563, 'tapcash', 3, 1, 6497, NULL, '0.00058616647'),
(43564, 'topup', 3, 8, 6497, NULL, '0.00263774912'),
(43565, 'pilih', 3, 2, 6497, NULL, '0.00087924971'),
(43566, 'tarik', 3, 4, 6498, NULL, '0.00146541618'),
(43567, 'tunai', 3, 5, 6498, NULL, '0.00175849941'),
(43568, 'malaysia', 3, 1, 6498, NULL, '0.00058616647'),
(43569, 'makas', 3, 1, 6498, NULL, '0.00058616647'),
(43570, 'telan', 3, 2, 6499, NULL, '0.00087924971'),
(43571, 'ngurus', 3, 1, 6499, NULL, '0.00058616647'),
(43572, 'chanel', 3, 1, 6500, NULL, '0.00058616647'),
(43573, 'knpa', 3, 1, 6500, NULL, '0.00058616647'),
(43574, 'solusi', 3, 4, 6500, NULL, '0.00146541618'),
(43575, 'trmksh', 1, 2, 6501, NULL, '0.0017921147'),
(43576, 'reply', 1, 1, 6501, NULL, '0.00119474313'),
(43577, 'mbanking', 1, 1, 6501, NULL, '0.00119474313'),
(43578, 'normal', 1, 1, 6501, NULL, '0.00119474313'),
(43579, 'respon', 1, 1, 6502, NULL, '0.00119474313'),
(43580, 'iur', 3, 2, 6503, NULL, '0.00087924971'),
(43581, 'dplk', 3, 3, 6503, NULL, '0.00117233294'),
(43582, 'simponi', 3, 1, 6503, NULL, '0.00058616647'),
(43583, 'bri', 3, 22, 6503, NULL, '0.00674091442'),
(43584, 'jd', 3, 3, 6503, NULL, '0.00117233294'),
(43585, 'sya', 3, 2, 6503, NULL, '0.00087924971'),
(43586, 'tdk', 3, 4, 6503, NULL, '0.00146541618'),
(43587, 'lg', 3, 2, 6503, NULL, '0.00087924971'),
(43588, 'k', 3, 5, 6503, NULL, '0.00175849941'),
(43589, 'utk', 3, 6, 6503, NULL, '0.00205158265'),
(43590, 'assalamualaikum', 3, 1, 6504, NULL, '0.00058616647'),
(43591, 'klo', 3, 3, 6504, NULL, '0.00117233294'),
(43592, 'ktp', 3, 3, 6504, NULL, '0.00117233294'),
(43593, 'syariah', 3, 2, 6504, NULL, '0.00087924971'),
(43594, 'jakarta', 3, 3, 6504, NULL, '0.00117233294'),
(43595, 'kapok', 2, 1, 6505, NULL, '0.00069228107'),
(43596, 'la', 2, 1, 6505, NULL, '0.00069228107'),
(43597, 'bank', 2, 11, 6505, NULL, '0.0041536864'),
(43598, 'selesai', 2, 4, 6505, NULL, '0.00173070267'),
(43599, 'patah', 2, 1, 6505, NULL, '0.00069228107'),
(43600, 'kartu', 2, 11, 6505, NULL, '0.0041536864'),
(43601, 'atm', 2, 21, 6505, NULL, '0.00761509173'),
(43602, 'top', 2, 1, 6506, NULL, '0.00069228107'),
(43603, 'up', 2, 3, 6506, NULL, '0.00138456213'),
(43604, 'ovo', 2, 2, 6506, NULL, '0.0010384216'),
(43605, 'via', 2, 6, 6506, NULL, '0.00242298373'),
(43606, 'bni', 2, 14, 6506, NULL, '0.005192108'),
(43607, 'ngga', 2, 4, 6506, NULL, '0.00173070267'),
(43608, 'tambah', 2, 1, 6506, NULL, '0.00069228107'),
(43609, 'saldo', 2, 13, 6506, NULL, '0.00484596746'),
(43610, 'miles', 3, 1, 6507, NULL, '0.00058616647'),
(43611, 'endap', 3, 2, 6507, NULL, '0.00087924971'),
(43612, 'juta', 3, 1, 6507, NULL, '0.00058616647'),
(43613, 'mlm', 2, 1, 6508, NULL, '0.00069228107'),
(43614, 'tdi', 2, 1, 6508, NULL, '0.00069228107'),
(43615, 'trus', 2, 3, 6508, NULL, '0.00138456213'),
(43616, 'potong', 2, 6, 6508, NULL, '0.00242298373'),
(43617, 'uang', 2, 19, 6508, NULL, '0.00692281066'),
(43618, 'aju', 2, 1, 6509, NULL, '0.00069228107'),
(43619, 'limit', 2, 2, 6509, NULL, '0.0010384216'),
(43620, 'acc', 2, 1, 6509, NULL, '0.00069228107'),
(43621, 'pake', 2, 5, 6509, NULL, '0.0020768432'),
(43622, 'cc', 2, 3, 6509, NULL, '0.00138456213'),
(43623, 'bayar', 2, 3, 6509, NULL, '0.00138456213'),
(43624, 'lancar', 2, 1, 6509, NULL, '0.00069228107'),
(43625, 'klw', 2, 5, 6509, NULL, '0.0020768432'),
(43626, 'tahun', 2, 2, 6509, NULL, '0.0010384216'),
(43627, 'aja', 2, 17, 6509, NULL, '0.0062305296'),
(43628, 'tf', 2, 1, 6510, NULL, '0.00069228107'),
(43629, 'trs', 2, 2, 6510, NULL, '0.0010384216'),
(43630, 'tp', 2, 5, 6510, NULL, '0.0020768432'),
(43631, 'blm', 2, 7, 6510, NULL, '0.00276912426'),
(43632, 'masuk', 2, 8, 6510, NULL, '0.0031152648'),
(43633, 'sayang', 2, 1, 6510, NULL, '0.00069228107'),
(43634, 'km', 2, 1, 6510, NULL, '0.00069228107'),
(43635, 'php', 2, 1, 6510, NULL, '0.00069228107'),
(43636, 'siiih', 2, 1, 6510, NULL, '0.00069228107'),
(43637, 'sedih', 2, 1, 6510, NULL, '0.00069228107'),
(43638, 'akutuh', 2, 1, 6510, NULL, '0.00069228107'),
(43639, 'setor', 2, 6, 6511, NULL, '0.00242298373'),
(43640, 'mutasi', 2, 7, 6511, NULL, '0.00276912426'),
(43641, 'nunggu', 2, 10, 6511, NULL, '0.00380754586'),
(43642, 'utk', 2, 4, 6511, NULL, '0.00173070267'),
(43643, 'beres', 2, 1, 6511, NULL, '0.00069228107'),
(43644, 'barusan', 2, 1, 6511, NULL, '0.00069228107'),
(43645, 'tari', 2, 3, 6511, NULL, '0.00138456213'),
(43646, 'ohh', 2, 1, 6511, NULL, '0.00069228107'),
(43647, 'dengan', 2, 1, 6511, NULL, '0.00069228107'),
(43648, 'mhn', 2, 1, 6511, NULL, '0.00069228107'),
(43649, 'tingkat', 2, 2, 6511, NULL, '0.0010384216'),
(43650, 'amp', 3, 7, 6512, NULL, '0.00234466589'),
(43651, 'alami', 3, 1, 6512, NULL, '0.00058616647'),
(43652, 'tagih', 3, 1, 6512, NULL, '0.00058616647'),
(43653, 'va', 3, 1, 6512, NULL, '0.00058616647'),
(43654, 'bikin', 2, 7, 6513, NULL, '0.00276912426'),
(43655, 'duit', 2, 6, 6513, NULL, '0.00242298373'),
(43656, 'gw', 2, 1, 6513, NULL, '0.00069228107'),
(43657, 'debet', 2, 1, 6513, NULL, '0.00069228107'),
(43658, 'kali', 2, 8, 6513, NULL, '0.0031152648'),
(43659, 'aplikasi', 2, 3, 6513, NULL, '0.00138456213'),
(43660, 'transfer', 2, 3, 6513, NULL, '0.00138456213'),
(43661, 'gitu', 2, 2, 6513, NULL, '0.0010384216'),
(43662, 'yaa', 2, 2, 6513, NULL, '0.0010384216'),
(43663, 'cinta', 2, 1, 6513, NULL, '0.00069228107'),
(43664, 'nih', 2, 4, 6513, NULL, '0.00173070267'),
(43665, 'huft', 2, 2, 6513, NULL, '0.0010384216'),
(43666, 'kemaren', 3, 3, 6514, NULL, '0.00117233294'),
(43667, 'karangpelem', 3, 1, 6514, NULL, '0.00058616647'),
(43668, 'kak', 3, 2, 6515, NULL, '0.00087924971'),
(43669, 'linkaja', 3, 1, 6515, NULL, '0.00058616647'),
(43670, 'skrg', 3, 2, 6515, NULL, '0.00087924971'),
(43671, 'konfirmasi', 3, 3, 6515, NULL, '0.00117233294'),
(43672, 'tsel', 3, 1, 6515, NULL, '0.00058616647'),
(43673, 'hasil', 3, 3, 6515, NULL, '0.00117233294'),
(43674, 'nihil', 3, 1, 6515, NULL, '0.00058616647'),
(43675, 'alamat', 3, 2, 6517, NULL, '0.00087924971'),
(43676, 'email', 3, 10, 6517, NULL, '0.00322391559'),
(43677, 'credit', 3, 1, 6517, NULL, '0.00058616647'),
(43678, 'card', 3, 1, 6517, NULL, '0.00058616647'),
(43679, 'proses', 2, 9, 6518, NULL, '0.00346140533'),
(43680, 'komplain', 2, 3, 6518, NULL, '0.00138456213'),
(43681, 'report', 2, 2, 6518, NULL, '0.0010384216'),
(43682, 'dsb', 2, 1, 6518, NULL, '0.00069228107'),
(43683, 'mudah', 2, 2, 6518, NULL, '0.0010384216'),
(43684, 'ntah', 2, 1, 6518, NULL, '0.00069228107'),
(43685, 'udah', 2, 15, 6518, NULL, '0.00553824853'),
(43686, 'kek', 2, 3, 6518, NULL, '0.00138456213'),
(43687, 'lamaaa', 2, 1, 6518, NULL, '0.00069228107'),
(43688, 'isi', 2, 4, 6519, NULL, '0.00173070267'),
(43689, 'pulsa', 2, 7, 6519, NULL, '0.00276912426'),
(43690, 'nelepon', 2, 1, 6519, NULL, '0.00069228107'),
(43691, 'ngangkat', 2, 1, 6519, NULL, '0.00069228107'),
(43692, 'beda', 2, 1, 6519, NULL, '0.00069228107'),
(43693, 'otomatis', 2, 1, 6519, NULL, '0.00069228107'),
(43694, 'input', 2, 1, 6519, NULL, '0.00069228107'),
(43695, 'norek', 2, 1, 6519, NULL, '0.00069228107'),
(43696, 'nomor', 2, 3, 6519, NULL, '0.00138456213'),
(43697, 'buku', 2, 5, 6519, NULL, '0.0020768432'),
(43698, 'tabung', 2, 3, 6519, NULL, '0.00138456213'),
(43699, 'dll', 2, 1, 6519, NULL, '0.00069228107'),
(43700, 'abis', 2, 1, 6519, NULL, '0.00069228107'),
(43701, 'nyusahin', 2, 1, 6519, NULL, '0.00069228107'),
(43702, 'nelpon', 2, 2, 6520, NULL, '0.0010384216'),
(43703, 'selaluuu', 2, 1, 6520, NULL, '0.00069228107'),
(43704, 'respon', 2, 6, 6520, NULL, '0.00242298373'),
(43705, 'prosesn', 2, 1, 6520, NULL, '0.00069228107'),
(43706, 'habis', 2, 1, 6520, NULL, '0.00069228107'),
(43707, 'duluan', 2, 1, 6520, NULL, '0.00069228107'),
(43708, 'sengaja', 2, 1, 6520, NULL, '0.00069228107'),
(43709, 'tetep', 2, 2, 6520, NULL, '0.0010384216'),
(43710, 'jaman', 2, 1, 6520, NULL, '0.00069228107'),
(43711, 'serba', 2, 1, 6520, NULL, '0.00069228107'),
(43712, 'kaya', 2, 3, 6520, NULL, '0.00138456213'),
(43713, 'simple', 2, 1, 6520, NULL, '0.00069228107'),
(43714, 'hp', 3, 8, 6521, NULL, '0.00263774912'),
(43715, 'ste', 3, 1, 6521, NULL, '0.00058616647'),
(43716, 'sy', 3, 12, 6521, NULL, '0.00381008206'),
(43717, 'ikut', 3, 1, 6521, NULL, '0.00058616647'),
(43718, 'step', 3, 2, 6521, NULL, '0.00087924971'),
(43719, 'aktivasi', 3, 2, 6521, NULL, '0.00087924971'),
(43720, 'mpin', 3, 2, 6521, NULL, '0.00087924971'),
(43721, 'tolak', 3, 1, 6521, NULL, '0.00058616647'),
(43722, 'hrs', 3, 6, 6521, NULL, '0.00205158265'),
(43723, 'm', 3, 1, 6522, NULL, '0.00058616647'),
(43724, 'tiba', 3, 1, 6522, NULL, '0.00058616647'),
(43725, 'riwayat', 3, 1, 6522, NULL, '0.00058616647'),
(43726, 'tahu', 3, 2, 6522, NULL, '0.00087924971'),
(43727, 'hack', 3, 1, 6522, NULL, '0.00058616647'),
(43728, 'penangganan', 3, 1, 6523, NULL, '0.00058616647'),
(43729, 'parah', 2, 1, 6524, NULL, '0.00069228107'),
(43730, 'genah', 2, 1, 6524, NULL, '0.00069228107'),
(43731, 'ngebug', 2, 1, 6524, NULL, '0.00069228107'),
(43732, 'ganti', 2, 2, 6524, NULL, '0.0010384216'),
(43733, 'hp', 2, 1, 6524, NULL, '0.00069228107'),
(43734, 'cabang', 2, 6, 6524, NULL, '0.00242298373'),
(43735, 'tutup', 2, 3, 6524, NULL, '0.00138456213'),
(43736, 'haduh', 2, 1, 6524, NULL, '0.00069228107'),
(43737, 'ketelen', 2, 2, 6525, NULL, '0.0010384216'),
(43738, 'woiii', 2, 1, 6525, NULL, '0.00069228107'),
(43739, 'tpi', 2, 2, 6525, NULL, '0.0010384216'),
(43740, 'ilang', 2, 1, 6525, NULL, '0.00069228107'),
(43741, 'bantu', 2, 3, 6525, NULL, '0.00138456213'),
(43742, 'blokir', 2, 1, 6525, NULL, '0.00069228107'),
(43743, 'bluepay', 3, 1, 6526, NULL, '0.00058616647'),
(43744, 'konversi', 3, 2, 6527, NULL, '0.00087924971'),
(43745, 'taplus', 3, 2, 6527, NULL, '0.00087924971'),
(43746, 'kuda', 3, 1, 6527, NULL, '0.00058616647'),
(43747, 'syarat', 3, 3, 6527, NULL, '0.00117233294'),
(43748, 'udh', 3, 4, 6528, NULL, '0.00146541618'),
(43749, 'telp', 3, 4, 6528, NULL, '0.00146541618'),
(43750, 'call', 3, 1, 6528, NULL, '0.00058616647'),
(43751, 'center', 3, 1, 6528, NULL, '0.00058616647'),
(43752, 'bilang', 3, 1, 6528, NULL, '0.00058616647'),
(43753, 'gabisa', 3, 4, 6528, NULL, '0.00146541618'),
(43754, 'dtg', 3, 1, 6528, NULL, '0.00058616647'),
(43755, 'struk', 3, 4, 6529, NULL, '0.00146541618'),
(43756, 'dah', 2, 3, 6530, NULL, '0.00138456213'),
(43757, 'kantor', 2, 5, 6530, NULL, '0.0020768432'),
(43758, 'pusat', 2, 2, 6530, NULL, '0.0010384216'),
(43759, 'jakarta', 2, 2, 6530, NULL, '0.0010384216'),
(43760, 'dalam', 2, 1, 6530, NULL, '0.00069228107'),
(43761, 'buka', 2, 2, 6530, NULL, '0.0010384216'),
(43762, 'dear', 3, 2, 6531, NULL, '0.00087924971'),
(43763, 'browser', 3, 1, 6531, NULL, '0.00058616647'),
(43764, 'beda', 3, 3, 6531, NULL, '0.00117233294'),
(43765, 'file', 3, 2, 6531, NULL, '0.00087924971'),
(43766, 'sedia', 3, 2, 6531, NULL, '0.00087924971'),
(43767, 'not', 3, 1, 6531, NULL, '0.00058616647'),
(43768, 'found', 3, 1, 6531, NULL, '0.00058616647'),
(43769, 'lapor', 2, 9, 6532, NULL, '0.00346140533'),
(43770, 'tgl', 2, 9, 6532, NULL, '0.00346140533'),
(43771, 'april', 2, 4, 6532, NULL, '0.00173070267'),
(43772, 'skrg', 2, 6, 6532, NULL, '0.00242298373'),
(43773, 'feedback', 2, 1, 6532, NULL, '0.00069228107'),
(43774, 'janji', 2, 1, 6532, NULL, '0.00069228107'),
(43775, 'maksimal', 2, 1, 6532, NULL, '0.00069228107'),
(43776, 'kerja', 2, 11, 6532, NULL, '0.0041536864'),
(43777, 'mei', 2, 2, 6532, NULL, '0.0010384216'),
(43778, 'kemarin', 2, 6, 6532, NULL, '0.00242298373'),
(43779, 'telfon', 2, 1, 6532, NULL, '0.00069228107'),
(43780, 'segera', 2, 1, 6532, NULL, '0.00069228107'),
(43781, 'haduuh', 2, 1, 6532, NULL, '0.00069228107'),
(43782, 'fyi', 2, 1, 6532, NULL, '0.00069228107'),
(43783, 'nmr', 2, 1, 6532, NULL, '0.00069228107'),
(43784, 'mei', 3, 3, 6533, NULL, '0.00117233294'),
(43785, 'akses', 3, 2, 6533, NULL, '0.00087924971'),
(43786, 'kinerja', 2, 2, 6534, NULL, '0.0010384216'),
(43787, 'custamer', 2, 1, 6534, NULL, '0.00069228107'),
(43788, 'andounohu', 2, 1, 6534, NULL, '0.00069228107'),
(43789, 'kendari', 2, 1, 6534, NULL, '0.00069228107'),
(43790, 'sulawesi', 2, 1, 6534, NULL, '0.00069228107'),
(43791, 'tenggara', 2, 1, 6534, NULL, '0.00069228107'),
(43792, 'kabarin', 3, 1, 6535, NULL, '0.00058616647'),
(43793, 'refund', 3, 1, 6535, NULL, '0.00058616647'),
(43794, 'tau', 3, 1, 6535, NULL, '0.00058616647'),
(43795, 'baliknyaaa', 3, 1, 6535, NULL, '0.00058616647'),
(43796, 'topup', 2, 3, 6536, NULL, '0.00138456213'),
(43797, 'dana', 2, 3, 6536, NULL, '0.00138456213'),
(43798, 'tunggu', 2, 4, 6536, NULL, '0.00173070267'),
(43799, 'bayang', 2, 1, 6537, NULL, '0.00069228107'),
(43800, 'd', 2, 6, 6537, NULL, '0.00242298373'),
(43801, 'amp', 2, 4, 6537, NULL, '0.00173070267'),
(43802, 'angsur', 2, 2, 6537, NULL, '0.0010384216'),
(43803, 'kredit', 2, 3, 6537, NULL, '0.00138456213'),
(43804, 'hr', 2, 1, 6537, NULL, '0.00069228107'),
(43805, 'minggu', 2, 4, 6537, NULL, '0.00173070267'),
(43806, 'kejar', 2, 1, 6537, NULL, '0.00069228107'),
(43807, 'debt', 2, 2, 6537, NULL, '0.0010384216'),
(43808, 'collector', 2, 2, 6537, NULL, '0.0010384216'),
(43809, 'karna', 2, 1, 6537, NULL, '0.00069228107'),
(43810, 'salah', 2, 4, 6537, NULL, '0.00173070267'),
(43811, 'nama', 2, 1, 6537, NULL, '0.00069228107'),
(43812, 'jd', 2, 1, 6537, NULL, '0.00069228107'),
(43813, 'catat', 2, 1, 6537, NULL, '0.00069228107'),
(43814, 'mantap', 2, 1, 6537, NULL, '0.00069228107'),
(43815, 'bni', 1, 3, 6538, NULL, '0.00238948626'),
(43816, 'kalo', 1, 1, 6538, NULL, '0.00119474313'),
(43817, 'dtg', 1, 1, 6538, NULL, '0.00119474313'),
(43818, 'lgsg', 1, 1, 6538, NULL, '0.00119474313'),
(43819, 'ntr', 1, 1, 6538, NULL, '0.00119474313'),
(43820, 'dibales', 1, 1, 6538, NULL, '0.00119474313'),
(43821, 'tp', 1, 2, 6538, NULL, '0.0017921147'),
(43822, 'x', 1, 2, 6538, NULL, '0.0017921147'),
(43823, 'jam', 1, 2, 6538, NULL, '0.0017921147'),
(43824, 'itung', 3, 1, 6539, NULL, '0.00058616647'),
(43825, 'km', 3, 1, 6539, NULL, '0.00058616647'),
(43826, 'tunggu', 3, 2, 6539, NULL, '0.00087924971'),
(43827, 'tuh', 3, 2, 6539, NULL, '0.00087924971'),
(43828, 'iya', 3, 3, 6539, NULL, '0.00117233294'),
(43829, 'bsk', 3, 1, 6539, NULL, '0.00058616647'),
(43830, 'biar', 3, 4, 6539, NULL, '0.00146541618'),
(43831, 'aman', 3, 1, 6539, NULL, '0.00058616647'),
(43832, 'moga', 3, 1, 6539, NULL, '0.00058616647'),
(43833, 'cepet', 3, 1, 6539, NULL, '0.00058616647'),
(43834, 'tdk', 2, 3, 6540, NULL, '0.00138456213'),
(43835, 'jamin', 2, 1, 6540, NULL, '0.00069228107'),
(43836, 'tawar', 2, 1, 6540, NULL, '0.00069228107'),
(43837, 'laksana', 2, 2, 6540, NULL, '0.0010384216'),
(43838, 'lelang', 2, 1, 6540, NULL, '0.00069228107'),
(43839, 'arah', 2, 1, 6540, NULL, '0.00069228107'),
(43840, 'tks', 2, 1, 6540, NULL, '0.00069228107'),
(43841, 'tindak', 3, 2, 6541, NULL, '0.00087924971'),
(43842, 'lacak', 3, 1, 6541, NULL, '0.00058616647'),
(43843, 'pela', 3, 1, 6541, NULL, '0.00058616647'),
(43844, 'oh', 1, 1, 6542, NULL, '0.00119474313'),
(43845, 'gitu', 1, 1, 6542, NULL, '0.00119474313'),
(43846, 'tulis', 3, 2, 6543, NULL, '0.00087924971'),
(43847, 'kurang', 3, 6, 6543, NULL, '0.00205158265'),
(43848, 'slmt', 3, 1, 6544, NULL, '0.00058616647'),
(43849, 'roa', 3, 1, 6544, NULL, '0.00058616647'),
(43850, 'malaka', 3, 1, 6544, NULL, '0.00058616647'),
(43851, 'barat', 3, 1, 6544, NULL, '0.00058616647'),
(43852, 'wilayah', 3, 2, 6544, NULL, '0.00087924971'),
(43853, 'bs', 3, 8, 6544, NULL, '0.00263774912'),
(43854, 'tksh', 3, 1, 6544, NULL, '0.00058616647'),
(43855, 'ovo', 3, 4, 6545, NULL, '0.00146541618'),
(43856, 'besok', 3, 2, 6546, NULL, '0.00087924971'),
(43857, 'senin', 3, 1, 6546, NULL, '0.00058616647'),
(43858, 'tanggal', 3, 3, 6546, NULL, '0.00117233294'),
(43859, 'surabaya', 3, 1, 6546, NULL, '0.00058616647'),
(43860, 'operasi', 3, 1, 6546, NULL, '0.00058616647'),
(43861, 'sekolah', 3, 1, 6546, NULL, '0.00058616647'),
(43862, 'uda', 2, 1, 6547, NULL, '0.00069228107'),
(43863, 'keluarin', 2, 1, 6547, NULL, '0.00069228107'),
(43864, 'tlfonin', 2, 1, 6547, NULL, '0.00069228107'),
(43865, 'jawab', 2, 3, 6547, NULL, '0.00138456213'),
(43866, 'ttp', 2, 1, 6547, NULL, '0.00069228107'),
(43867, 'sabar', 2, 2, 6547, NULL, '0.0010384216'),
(43868, 'dibalin', 2, 1, 6547, NULL, '0.00069228107'),
(43869, 'sih', 2, 3, 6547, NULL, '0.00138456213'),
(43870, 'sungguh', 2, 2, 6547, NULL, '0.0010384216'),
(43871, 'lumayan', 2, 1, 6548, NULL, '0.00069228107'),
(43872, 'lo', 2, 2, 6548, NULL, '0.0010384216'),
(43873, 'coba', 2, 5, 6548, NULL, '0.0020768432'),
(43874, 'kalo', 2, 4, 6548, NULL, '0.00173070267'),
(43875, 'rb', 2, 1, 6548, NULL, '0.00069228107'),
(43876, 'ngeh', 2, 1, 6548, NULL, '0.00069228107'),
(43877, 'emg', 2, 3, 6548, NULL, '0.00138456213'),
(43878, 'sprti', 2, 1, 6548, NULL, '0.00069228107'),
(43879, 'online', 3, 7, 6549, NULL, '0.00234466589'),
(43880, 'dipenerima', 3, 1, 6549, NULL, '0.00058616647'),
(43881, 'dana', 3, 2, 6549, NULL, '0.00087924971'),
(43882, 'kait', 3, 1, 6550, NULL, '0.00058616647'),
(43883, 'belian', 3, 1, 6550, NULL, '0.00058616647'),
(43884, 'voucher', 3, 1, 6550, NULL, '0.00058616647'),
(43885, 'prabayar', 3, 1, 6550, NULL, '0.00058616647'),
(43886, 'keluh', 3, 1, 6550, NULL, '0.00058616647'),
(43887, 'inbox', 3, 1, 6550, NULL, '0.00058616647'),
(43888, 'dm', 3, 3, 6550, NULL, '0.00117233294'),
(43889, 'bnisaya', 2, 1, 6551, NULL, '0.00069228107'),
(43890, 'link', 2, 2, 6551, NULL, '0.0010384216'),
(43891, 'tulis', 2, 1, 6551, NULL, '0.00069228107'),
(43892, 'maaf', 2, 3, 6551, NULL, '0.00138456213'),
(43893, 'ambil', 2, 1, 6551, NULL, '0.00069228107'),
(43894, 'valas', 3, 1, 6552, NULL, '0.00058616647'),
(43895, 'myr', 3, 1, 6552, NULL, '0.00058616647'),
(43896, 'nilai', 3, 1, 6552, NULL, '0.00058616647'),
(43897, 'rupiah', 3, 3, 6552, NULL, '0.00117233294'),
(43898, 'non', 3, 1, 6553, NULL, '0.00058616647'),
(43899, 'batas', 3, 1, 6553, NULL, '0.00058616647'),
(43900, 'mhn', 3, 2, 6554, NULL, '0.00087924971'),
(43901, 'cerah', 3, 2, 6554, NULL, '0.00087924971'),
(43902, 'notif', 3, 2, 6555, NULL, '0.00087924971'),
(43903, 'donk', 3, 1, 6555, NULL, '0.00058616647'),
(43904, 'ulang', 2, 2, 6556, NULL, '0.0010384216'),
(43905, 'susah', 2, 4, 6556, NULL, '0.00173070267'),
(43906, 'tiga', 2, 1, 6556, NULL, '0.00069228107'),
(43907, 'semester', 2, 1, 6556, NULL, '0.00069228107'),
(43908, 'biaya', 2, 1, 6556, NULL, '0.00069228107'),
(43909, 'siasia', 2, 1, 6556, NULL, '0.00069228107'),
(43910, 'dekat', 2, 1, 6556, NULL, '0.00069228107'),
(43911, 'hari', 2, 2, 6557, NULL, '0.0010384216'),
(43912, 'benarbenar', 2, 2, 6557, NULL, '0.0010384216'),
(43913, 'sita', 2, 1, 6557, NULL, '0.00069228107'),
(43914, 'kekuatiran', 2, 1, 6557, NULL, '0.00069228107'),
(43915, 'hilang', 2, 1, 6557, NULL, '0.00069228107'),
(43916, 'hantu', 2, 1, 6557, NULL, '0.00069228107'),
(43917, 'urut', 2, 2, 6557, NULL, '0.0010384216'),
(43918, 'hasil', 2, 2, 6557, NULL, '0.0010384216'),
(43919, 'kontak', 2, 1, 6557, NULL, '0.00069228107'),
(43920, 'sibuk', 2, 2, 6557, NULL, '0.0010384216'),
(43921, 'trouble', 2, 2, 6557, NULL, '0.0010384216'),
(43922, 'tetap', 3, 1, 6558, NULL, '0.00058616647'),
(43923, 'autodebet', 3, 1, 6558, NULL, '0.00058616647'),
(43924, 'pemby', 3, 1, 6558, NULL, '0.00058616647'),
(43925, 'manual', 3, 1, 6558, NULL, '0.00058616647'),
(43926, 'sehat', 3, 1, 6558, NULL, '0.00058616647'),
(43927, 'call', 2, 6, 6559, NULL, '0.00242298373'),
(43928, 'canter', 2, 1, 6559, NULL, '0.00069228107'),
(43929, 'nga', 2, 1, 6559, NULL, '0.00069228107'),
(43930, 'cepetan', 2, 1, 6559, NULL, '0.00069228107'),
(43931, 'dikit', 2, 1, 6559, NULL, '0.00069228107'),
(43932, 'nggak', 2, 2, 6559, NULL, '0.0010384216'),
(43933, 'ngrespo', 2, 1, 6559, NULL, '0.00069228107'),
(43934, 'kirim', 2, 7, 6560, NULL, '0.00276912426'),
(43935, 'email', 2, 6, 6560, NULL, '0.00242298373'),
(43936, 'usaha', 2, 1, 6560, NULL, '0.00069228107'),
(43937, 'penuh', 2, 1, 6560, NULL, '0.00069228107'),
(43938, 'hambat', 2, 2, 6560, NULL, '0.0010384216'),
(43939, 'orang', 2, 6, 6561, NULL, '0.00242298373'),
(43940, 'relevan', 2, 2, 6561, NULL, '0.0010384216'),
(43941, 'milih', 3, 1, 6562, NULL, '0.00058616647'),
(43942, 'menu', 3, 2, 6562, NULL, '0.00087924971'),
(43943, 'selamat', 2, 2, 6563, NULL, '0.0010384216'),
(43944, 'malam', 2, 3, 6563, NULL, '0.00138456213'),
(43945, 'tepat', 2, 1, 6563, NULL, '0.00069228107'),
(43946, 'kurang', 2, 3, 6563, NULL, '0.00138456213'),
(43947, 'guna', 2, 2, 6563, NULL, '0.0010384216'),
(43948, 'jelas', 3, 2, 6564, NULL, '0.00087924971'),
(43949, 'log', 3, 3, 6564, NULL, '0.00117233294'),
(43950, 'in', 3, 4, 6564, NULL, '0.00146541618'),
(43951, 'hapus', 3, 1, 6564, NULL, '0.00058616647'),
(43952, 'tumben', 3, 1, 6566, NULL, '0.00058616647'),
(43953, 'bln', 3, 2, 6566, NULL, '0.00087924971'),
(43954, 'retur', 3, 2, 6566, NULL, '0.00087924971'),
(43955, 'nasib', 2, 1, 6567, NULL, '0.00069228107'),
(43956, 'bu', 2, 1, 6567, NULL, '0.00069228107'),
(43957, 'sdh', 2, 6, 6567, NULL, '0.00242298373'),
(43958, 'retur', 2, 1, 6567, NULL, '0.00069228107'),
(43959, 'tlp', 2, 2, 6567, NULL, '0.0010384216'),
(43960, 'dlm', 2, 1, 6567, NULL, '0.00069228107'),
(43961, 'user', 3, 2, 6568, NULL, '0.00087924971'),
(43962, 'perangkat', 3, 1, 6568, NULL, '0.00058616647'),
(43963, 'mlm', 3, 2, 6569, NULL, '0.00087924971'),
(43964, 'paket', 3, 1, 6569, NULL, '0.00058616647'),
(43965, 'id', 3, 1, 6569, NULL, '0.00058616647'),
(43966, 'pegawai', 3, 1, 6569, NULL, '0.00058616647'),
(43967, 'kemendes', 3, 1, 6569, NULL, '0.00058616647'),
(43968, 'pdtt', 3, 1, 6569, NULL, '0.00058616647'),
(43969, 'dmn', 3, 1, 6569, NULL, '0.00058616647'),
(43970, 'sabtu', 2, 2, 6570, NULL, '0.0010384216'),
(43971, 'siang', 2, 3, 6570, NULL, '0.00138456213'),
(43972, 'ditelp', 2, 1, 6570, NULL, '0.00069228107'),
(43973, 'basabasi', 2, 1, 6570, NULL, '0.00069228107'),
(43974, 'sopan', 2, 1, 6570, NULL, '0.00069228107'),
(43975, 'santun', 2, 1, 6570, NULL, '0.00069228107'),
(43976, 'tagih', 2, 1, 6570, NULL, '0.00069228107'),
(43977, 'jatuh', 2, 3, 6570, NULL, '0.00138456213'),
(43978, 'tempo', 2, 1, 6570, NULL, '0.00069228107'),
(43979, 'educate', 2, 1, 6570, NULL, '0.00069228107'),
(43980, 'sdm', 2, 1, 6570, NULL, '0.00069228107'),
(43981, 'mebuat', 3, 1, 6571, NULL, '0.00058616647'),
(43982, 'intrnet', 3, 1, 6571, NULL, '0.00058616647'),
(43983, 'benking', 3, 1, 6571, NULL, '0.00058616647'),
(43984, 'gk', 3, 4, 6571, NULL, '0.00146541618'),
(43985, 'kln', 3, 1, 6572, NULL, '0.00058616647'),
(43986, 'bekas', 3, 2, 6572, NULL, '0.00087924971'),
(43987, 'cair', 3, 4, 6572, NULL, '0.00146541618'),
(43988, 'jht', 3, 1, 6572, NULL, '0.00058616647'),
(43989, 'ijin', 3, 1, 6573, NULL, '0.00058616647'),
(43990, 'stasiun', 3, 1, 6573, NULL, '0.00058616647'),
(43991, 'bogor', 3, 1, 6573, NULL, '0.00058616647'),
(43992, 'layar', 3, 1, 6573, NULL, '0.00058616647'),
(43993, 'mati', 3, 3, 6573, NULL, '0.00117233294'),
(43994, 'dear', 2, 3, 6574, NULL, '0.00138456213'),
(43995, 'mesin', 2, 6, 6574, NULL, '0.00242298373'),
(43996, 'adu', 2, 1, 6574, NULL, '0.00069228107'),
(43997, 'sore', 2, 3, 6574, NULL, '0.00138456213'),
(43998, 'serius', 2, 1, 6574, NULL, '0.00069228107'),
(43999, 'tangan', 2, 2, 6574, NULL, '0.0010384216'),
(44000, 'daerah', 2, 2, 6574, NULL, '0.0010384216'),
(44001, 'kota', 2, 3, 6574, NULL, '0.00138456213'),
(44002, 'pencil', 2, 1, 6574, NULL, '0.00069228107'),
(44003, 'ko', 3, 1, 6575, NULL, '0.00058616647'),
(44004, 'gapernah', 3, 1, 6575, NULL, '0.00058616647');
INSERT INTO `term_frequency` (`id_term`, `kata`, `id_sentimen`, `jumlah`, `id_training`, `id_testing`, `nilai_perhitungan`) VALUES
(44005, 'dipake', 3, 2, 6575, NULL, '0.00087924971'),
(44006, 'tggu', 2, 1, 6576, NULL, '0.00069228107'),
(44007, 'maks', 2, 1, 6576, NULL, '0.00069228107'),
(44008, 'pdhl', 2, 1, 6576, NULL, '0.00069228107'),
(44009, 'hak', 2, 1, 6576, NULL, '0.00069228107'),
(44010, 'nasabah', 2, 14, 6576, NULL, '0.005192108'),
(44011, 'bri', 2, 15, 6576, NULL, '0.00553824853'),
(44012, 'brp', 2, 1, 6576, NULL, '0.00069228107'),
(44013, 'krugian', 2, 1, 6576, NULL, '0.00069228107'),
(44014, 'imateril', 2, 1, 6576, NULL, '0.00069228107'),
(44015, 'akibat', 2, 1, 6576, NULL, '0.00069228107'),
(44016, 'lambat', 2, 2, 6576, NULL, '0.0010384216'),
(44017, 'sebab', 2, 1, 6576, NULL, '0.00069228107'),
(44018, 'bete', 2, 1, 6577, NULL, '0.00069228107'),
(44019, 'ngambil', 2, 1, 6577, NULL, '0.00069228107'),
(44020, 'luar', 2, 1, 6577, NULL, '0.00069228107'),
(44021, 'rusak', 2, 3, 6577, NULL, '0.00138456213'),
(44022, 'hey', 2, 1, 6577, NULL, '0.00069228107'),
(44023, 'kayak', 2, 3, 6577, NULL, '0.00138456213'),
(44024, 'tega', 2, 1, 6577, NULL, '0.00069228107'),
(44025, 'trx', 3, 3, 6578, NULL, '0.00117233294'),
(44026, 'bukalapak', 3, 1, 6578, NULL, '0.00058616647'),
(44027, 'briva', 3, 2, 6578, NULL, '0.00087924971'),
(44028, 'trims', 3, 3, 6578, NULL, '0.00117233294'),
(44029, 'boro', 2, 2, 6579, NULL, '0.0010384216'),
(44030, 'direspon', 2, 1, 6579, NULL, '0.00069228107'),
(44031, 'center', 2, 2, 6579, NULL, '0.0010384216'),
(44032, 'pesan', 2, 2, 6579, NULL, '0.0010384216'),
(44033, 'internet', 2, 3, 6579, NULL, '0.00138456213'),
(44034, 'brimo', 3, 4, 6580, NULL, '0.00146541618'),
(44035, 'kendala', 3, 1, 6580, NULL, '0.00058616647'),
(44036, 'trs', 3, 1, 6580, NULL, '0.00058616647'),
(44037, 'maka', 3, 1, 6580, NULL, '0.00058616647'),
(44038, 'teman', 3, 1, 6580, NULL, '0.00058616647'),
(44039, 'bnyk', 3, 1, 6580, NULL, '0.00058616647'),
(44040, 'ndak', 3, 1, 6580, NULL, '0.00058616647'),
(44041, 'informasi', 3, 1, 6580, NULL, '0.00058616647'),
(44042, 'rugi', 2, 2, 6581, NULL, '0.0010384216'),
(44043, 'payfazz', 3, 1, 6582, NULL, '0.00058616647'),
(44044, 'jt', 3, 1, 6582, NULL, '0.00058616647'),
(44045, 'amin', 3, 1, 6582, NULL, '0.00058616647'),
(44046, 'santoso', 3, 1, 6582, NULL, '0.00058616647'),
(44047, 'listrik', 3, 1, 6583, NULL, '0.00058616647'),
(44048, 'app', 3, 1, 6583, NULL, '0.00058616647'),
(44049, 'pesan', 3, 1, 6583, NULL, '0.00058616647'),
(44050, 'bayar', 1, 3, 6584, NULL, '0.00238948626'),
(44051, 'cashback', 1, 1, 6584, NULL, '0.00119474313'),
(44052, 'bener', 2, 1, 6585, NULL, '0.00069228107'),
(44053, 'bro', 2, 1, 6585, NULL, '0.00069228107'),
(44054, 'ane', 2, 2, 6585, NULL, '0.0010384216'),
(44055, 'bosa', 2, 1, 6585, NULL, '0.00069228107'),
(44056, 'sistem', 2, 2, 6585, NULL, '0.0010384216'),
(44057, 'ribet', 2, 3, 6585, NULL, '0.00138456213'),
(44058, 'perpusnas', 3, 1, 6586, NULL, '0.00058616647'),
(44059, 'salemba', 3, 1, 6586, NULL, '0.00058616647'),
(44060, 'bingung', 3, 1, 6586, NULL, '0.00058616647'),
(44061, 'bgmn', 3, 1, 6586, NULL, '0.00058616647'),
(44062, 'bukti', 3, 1, 6586, NULL, '0.00058616647'),
(44063, 'bri', 1, 3, 6587, NULL, '0.00238948626'),
(44064, 'cab', 1, 1, 6587, NULL, '0.00119474313'),
(44065, 'menteng', 1, 1, 6587, NULL, '0.00119474313'),
(44066, 'cuman', 1, 1, 6587, NULL, '0.00119474313'),
(44067, 'saran', 1, 1, 6587, NULL, '0.00119474313'),
(44068, 'kursi', 1, 1, 6587, NULL, '0.00119474313'),
(44069, 'to', 1, 1, 6587, NULL, '0.00119474313'),
(44070, 'tolong', 1, 2, 6587, NULL, '0.0017921147'),
(44071, 'hati', 1, 1, 6587, NULL, '0.00119474313'),
(44072, 'biar', 1, 2, 6587, NULL, '0.0017921147'),
(44073, 'gak', 1, 3, 6587, NULL, '0.00238948626'),
(44074, 'ngantri', 1, 1, 6587, NULL, '0.00119474313'),
(44075, 'bingung', 2, 1, 6588, NULL, '0.00069228107'),
(44076, 'gue', 2, 2, 6588, NULL, '0.0010384216'),
(44077, 'tuh', 2, 2, 6588, NULL, '0.0010384216'),
(44078, 'ngapa', 2, 1, 6588, NULL, '0.00069228107'),
(44079, 'ipb', 2, 1, 6588, NULL, '0.00069228107'),
(44080, 'dramaga', 2, 1, 6588, NULL, '0.00069228107'),
(44081, 'sumpah', 2, 1, 6588, NULL, '0.00069228107'),
(44082, 'kesitu', 2, 1, 6588, NULL, '0.00069228107'),
(44083, 'muluk', 2, 1, 6588, NULL, '0.00069228107'),
(44084, 'pdahal', 2, 1, 6588, NULL, '0.00069228107'),
(44085, 'lingkung', 2, 1, 6588, NULL, '0.00069228107'),
(44086, 'mahasiswa', 2, 1, 6588, NULL, '0.00069228107'),
(44087, 'mayoritas', 2, 1, 6588, NULL, '0.00069228107'),
(44088, 'datang', 2, 1, 6588, NULL, '0.00069228107'),
(44089, 'butuh', 2, 2, 6588, NULL, '0.0010384216'),
(44090, 'penjelasa', 3, 1, 6589, NULL, '0.00058616647'),
(44091, 'server', 3, 2, 6590, NULL, '0.00087924971'),
(44092, 'down', 3, 2, 6590, NULL, '0.00087924971'),
(44093, 'menga', 3, 2, 6590, NULL, '0.00087924971'),
(44094, 'desak', 3, 1, 6590, NULL, '0.00058616647'),
(44095, 'gmana', 2, 1, 6592, NULL, '0.00069228107'),
(44096, 'jelas', 2, 2, 6592, NULL, '0.0010384216'),
(44097, 'security', 2, 1, 6592, NULL, '0.00069228107'),
(44098, 'paham', 2, 2, 6592, NULL, '0.0010384216'),
(44099, 'maksimal', 3, 1, 6593, NULL, '0.00058616647'),
(44100, 'simpedes', 3, 3, 6593, NULL, '0.00117233294'),
(44101, 'trimakasih', 1, 1, 6595, NULL, '0.00119474313'),
(44102, 'dhe', 1, 1, 6595, NULL, '0.00119474313'),
(44103, 'link', 3, 1, 6596, NULL, '0.00058616647'),
(44104, 'kelola', 3, 1, 6596, NULL, '0.00058616647'),
(44105, 'artha', 3, 1, 6596, NULL, '0.00058616647'),
(44106, 'jasa', 3, 1, 6596, NULL, '0.00058616647'),
(44107, 'saat', 1, 1, 6597, NULL, '0.00119474313'),
(44108, 'lg', 1, 1, 6597, NULL, '0.00119474313'),
(44109, 'keluar', 1, 1, 6597, NULL, '0.00119474313'),
(44110, 'masuk', 1, 3, 6597, NULL, '0.00238948626'),
(44111, 'muehehehhe', 1, 1, 6597, NULL, '0.00119474313'),
(44112, 'thank', 1, 2, 6597, NULL, '0.0017921147'),
(44113, 'u', 1, 3, 6597, NULL, '0.00238948626'),
(44114, 'puluh', 2, 2, 6598, NULL, '0.0010384216'),
(44115, 'dipake', 2, 1, 6598, NULL, '0.00069228107'),
(44116, 'obat', 2, 1, 6598, NULL, '0.00069228107'),
(44117, 'keburu', 2, 1, 6598, NULL, '0.00069228107'),
(44118, 'mati', 2, 1, 6598, NULL, '0.00069228107'),
(44119, 'buruk', 2, 1, 6598, NULL, '0.00069228107'),
(44120, 'komplain', 3, 1, 6599, NULL, '0.00058616647'),
(44121, 'status', 3, 4, 6599, NULL, '0.00146541618'),
(44122, 'mimin', 2, 1, 6600, NULL, '0.00069228107'),
(44123, 'servis', 2, 1, 6600, NULL, '0.00069228107'),
(44124, 'genteng', 2, 1, 6600, NULL, '0.00069228107'),
(44125, 'ramah', 2, 2, 6600, NULL, '0.0010384216'),
(44126, 'yaaaserius', 2, 1, 6600, NULL, '0.00069228107'),
(44127, 'nyaman', 2, 1, 6600, NULL, '0.00069228107'),
(44128, 'sikap', 2, 1, 6600, NULL, '0.00069228107'),
(44129, 'senyum', 2, 1, 6600, NULL, '0.00069228107'),
(44130, 'mbecocong', 2, 1, 6600, NULL, '0.00069228107'),
(44131, 'mnggunakan', 3, 1, 6601, NULL, '0.00058616647'),
(44132, 'registrasi', 3, 2, 6601, NULL, '0.00087924971'),
(44133, 'pelayananan', 2, 1, 6602, NULL, '0.00069228107'),
(44134, 'cik', 2, 1, 6602, NULL, '0.00069228107'),
(44135, 'ditiro', 2, 1, 6602, NULL, '0.00069228107'),
(44136, 'yogya', 2, 1, 6602, NULL, '0.00069228107'),
(44137, 'gerak', 2, 1, 6602, NULL, '0.00069228107'),
(44138, 'nomer', 2, 3, 6602, NULL, '0.00138456213'),
(44139, 'manula', 2, 1, 6602, NULL, '0.00069228107'),
(44140, 'th', 2, 1, 6602, NULL, '0.00069228107'),
(44141, 'notifikasi', 3, 1, 6603, NULL, '0.00058616647'),
(44142, 'ecek', 3, 1, 6603, NULL, '0.00058616647'),
(44143, 'respons', 3, 1, 6603, NULL, '0.00058616647'),
(44144, 'lanjut', 3, 1, 6603, NULL, '0.00058616647'),
(44145, 'kutabumi', 3, 1, 6604, NULL, '0.00058616647'),
(44146, 'milik', 3, 1, 6604, NULL, '0.00058616647'),
(44147, 'blanko', 3, 3, 6604, NULL, '0.00117233294'),
(44148, 'panjang', 3, 3, 6604, NULL, '0.00117233294'),
(44149, 'sulit', 3, 2, 6604, NULL, '0.00087924971'),
(44150, 'sebar', 3, 1, 6604, NULL, '0.00058616647'),
(44151, 'masmba', 2, 1, 6605, NULL, '0.00069228107'),
(44152, 'my', 2, 1, 6605, NULL, '0.00069228107'),
(44153, 'qr', 2, 1, 6605, NULL, '0.00069228107'),
(44154, 'beli', 2, 2, 6605, NULL, '0.0010384216'),
(44155, 'dgn', 2, 1, 6605, NULL, '0.00069228107'),
(44156, 'total', 2, 1, 6605, NULL, '0.00069228107'),
(44157, 'hangus', 2, 1, 6605, NULL, '0.00069228107'),
(44158, 'cerita', 2, 1, 6605, NULL, '0.00069228107'),
(44159, 'layang', 2, 1, 6605, NULL, '0.00069228107'),
(44160, 'jaga', 1, 1, 6606, NULL, '0.00119474313'),
(44161, 'percaya', 1, 1, 6606, NULL, '0.00119474313'),
(44162, 'tanggap', 1, 1, 6606, NULL, '0.00119474313'),
(44163, 'keluh', 1, 1, 6606, NULL, '0.00119474313'),
(44164, 'cepat', 1, 2, 6606, NULL, '0.0017921147'),
(44165, 'selesai', 1, 1, 6606, NULL, '0.00119474313'),
(44166, 'yaaa', 2, 1, 6607, NULL, '0.00069228107'),
(44167, 'pindah', 2, 2, 6607, NULL, '0.0010384216'),
(44168, 'gabisa', 2, 1, 6607, NULL, '0.00069228107'),
(44169, 'transferngambil', 2, 1, 6607, NULL, '0.00069228107'),
(44170, 'username', 3, 2, 6608, NULL, '0.00087924971'),
(44171, 'ebanking', 3, 1, 6608, NULL, '0.00058616647'),
(44172, 'jaring', 3, 2, 6608, NULL, '0.00087924971'),
(44173, 'jelek', 3, 1, 6608, NULL, '0.00058616647'),
(44174, 'tbtb', 3, 1, 6608, NULL, '0.00058616647'),
(44175, 'atas', 3, 1, 6608, NULL, '0.00058616647'),
(44176, 'regustrasi', 3, 1, 6609, NULL, '0.00058616647'),
(44177, 'moblie', 3, 1, 6609, NULL, '0.00058616647'),
(44178, 'sbn', 3, 1, 6610, NULL, '0.00058616647'),
(44179, 'st', 3, 1, 6610, NULL, '0.00058616647'),
(44180, 'temu', 3, 1, 6610, NULL, '0.00058616647'),
(44181, 'mpn', 3, 1, 6610, NULL, '0.00058616647'),
(44182, 'makasih', 2, 1, 6611, NULL, '0.00069228107'),
(44183, 'buang', 2, 1, 6611, NULL, '0.00069228107'),
(44184, 'waltu', 2, 1, 6611, NULL, '0.00069228107'),
(44185, 'surat', 2, 1, 6611, NULL, '0.00069228107'),
(44186, 'kuasa', 2, 1, 6611, NULL, '0.00069228107'),
(44187, 'profesional', 2, 1, 6611, NULL, '0.00069228107'),
(44188, 'andal', 2, 1, 6611, NULL, '0.00069228107'),
(44189, 'deh', 2, 1, 6611, NULL, '0.00069228107'),
(44190, 'urus', 2, 2, 6611, NULL, '0.0010384216'),
(44191, 'britama', 3, 2, 6612, NULL, '0.00087924971'),
(44192, 'mo', 3, 1, 6612, NULL, '0.00058616647'),
(44193, 'boleh', 3, 1, 6612, NULL, '0.00058616647'),
(44194, 'sedia', 2, 1, 6613, NULL, '0.00069228107'),
(44195, 'khusus', 2, 1, 6613, NULL, '0.00069228107'),
(44196, 'hilangatm', 2, 1, 6613, NULL, '0.00069228107'),
(44197, 'tertelanatm', 2, 1, 6613, NULL, '0.00069228107'),
(44198, 'kadaluarsapembukaan', 2, 1, 6613, NULL, '0.00069228107'),
(44199, 'rekening', 2, 2, 6613, NULL, '0.0010384216'),
(44200, 'meja', 2, 1, 6613, NULL, '0.00069228107'),
(44201, 'tiada', 2, 1, 6614, NULL, '0.00069228107'),
(44202, 'saat', 2, 1, 6614, NULL, '0.00069228107'),
(44203, 'tumpuk', 2, 1, 6614, NULL, '0.00069228107'),
(44204, 'setia', 2, 1, 6615, NULL, '0.00069228107'),
(44205, 'ntar', 2, 1, 6615, NULL, '0.00069228107'),
(44206, 'tuhh', 2, 2, 6615, NULL, '0.0010384216'),
(44207, 'g', 2, 2, 6615, NULL, '0.0010384216'),
(44208, 'nyampe', 2, 2, 6615, NULL, '0.0010384216'),
(44209, 'libur', 2, 1, 6615, NULL, '0.00069228107'),
(44210, 'lebaran', 2, 1, 6615, NULL, '0.00069228107'),
(44211, 'wahhh', 2, 1, 6615, NULL, '0.00069228107'),
(44212, 'panjang', 2, 1, 6615, NULL, '0.00069228107'),
(44213, 'muas', 2, 2, 6616, NULL, '0.0010384216'),
(44214, 'tindak', 2, 1, 6616, NULL, '0.00069228107'),
(44215, 'lanjut', 2, 1, 6616, NULL, '0.00069228107'),
(44216, 'max', 2, 1, 6616, NULL, '0.00069228107'),
(44217, 'alamat', 2, 1, 6616, NULL, '0.00069228107'),
(44218, 'biar', 2, 1, 6616, NULL, '0.00069228107'),
(44219, 'lap', 2, 1, 6616, NULL, '0.00069228107'),
(44220, 'lokasi', 3, 2, 6617, NULL, '0.00087924971'),
(44221, 'cdm', 3, 1, 6617, NULL, '0.00058616647'),
(44222, 'semarang', 3, 1, 6617, NULL, '0.00058616647'),
(44223, 'alami', 2, 1, 6618, NULL, '0.00069228107'),
(44224, 'trnsaksi', 2, 1, 6618, NULL, '0.00069228107'),
(44225, 'jta', 2, 2, 6618, NULL, '0.0010384216'),
(44226, 'lapora', 2, 1, 6618, NULL, '0.00069228107'),
(44227, 'kty', 2, 2, 6618, NULL, '0.0010384216'),
(44228, 'callcenternuya', 2, 1, 6618, NULL, '0.00069228107'),
(44229, 'tanggal', 2, 2, 6619, NULL, '0.0010384216'),
(44230, 'maret', 2, 1, 6619, NULL, '0.00069228107'),
(44231, 'mana', 2, 1, 6619, NULL, '0.00069228107'),
(44232, 'terbit', 2, 1, 6619, NULL, '0.00069228107'),
(44233, 'smp', 2, 1, 6619, NULL, '0.00069228107'),
(44234, 'tiket', 3, 1, 6620, NULL, '0.00058616647'),
(44235, 'mundur', 3, 1, 6620, NULL, '0.00058616647'),
(44236, 'emergency', 3, 1, 6620, NULL, '0.00058616647'),
(44237, 'pake', 3, 2, 6621, NULL, '0.00087924971'),
(44238, 'muda', 3, 1, 6621, NULL, '0.00058616647'),
(44239, 'minimum', 3, 1, 6621, NULL, '0.00058616647'),
(44240, 'gmna', 2, 1, 6622, NULL, '0.00069228107'),
(44241, 'nh', 2, 1, 6622, NULL, '0.00069228107'),
(44242, 'listrik', 2, 1, 6622, NULL, '0.00069228107'),
(44243, 'kertas', 2, 2, 6622, NULL, '0.0010384216'),
(44244, 'struk', 2, 2, 6622, NULL, '0.0010384216'),
(44245, 'gk', 2, 1, 6622, NULL, '0.00069228107'),
(44246, 'respont', 1, 1, 6623, NULL, '0.00119474313'),
(44247, 'lapor', 1, 1, 6623, NULL, '0.00119474313'),
(44248, 'udah', 1, 2, 6623, NULL, '0.0017921147'),
(44249, 'kelar', 1, 1, 6623, NULL, '0.00119474313'),
(44250, 'dri', 1, 2, 6623, NULL, '0.0017921147'),
(44251, 'rencana', 1, 1, 6623, NULL, '0.00119474313'),
(44252, 'bilang', 1, 1, 6623, NULL, '0.00119474313'),
(44253, 'hri', 1, 1, 6623, NULL, '0.00119474313'),
(44254, 'terimakasih', 1, 4, 6624, NULL, '0.00298685783'),
(44255, 'tunggu', 1, 1, 6624, NULL, '0.00119474313'),
(44256, 'kerja', 1, 1, 6624, NULL, '0.00119474313'),
(44257, 'gokil', 2, 1, 6625, NULL, '0.00069228107'),
(44258, 'transformasi', 2, 1, 6625, NULL, '0.00069228107'),
(44259, 'kena', 2, 1, 6625, NULL, '0.00069228107'),
(44260, 'perak', 2, 1, 6625, NULL, '0.00069228107'),
(44261, 'dg', 2, 2, 6625, NULL, '0.0010384216'),
(44262, 'simpenan', 2, 1, 6625, NULL, '0.00069228107'),
(44263, 'desa', 2, 1, 6625, NULL, '0.00069228107'),
(44264, 'lbh', 3, 2, 6626, NULL, '0.00087924971'),
(44265, 'xxx', 3, 2, 6626, NULL, '0.00087924971'),
(44266, 'respond', 3, 1, 6626, NULL, '0.00058616647'),
(44267, 'mnt', 3, 1, 6626, NULL, '0.00058616647'),
(44268, 'dihub', 3, 1, 6626, NULL, '0.00058616647'),
(44269, 'smp', 3, 1, 6626, NULL, '0.00058616647'),
(44270, 'skr', 3, 1, 6626, NULL, '0.00058616647'),
(44271, 'nothing', 3, 1, 6626, NULL, '0.00058616647'),
(44272, 'urus', 3, 2, 6626, NULL, '0.00087924971'),
(44273, 'cm', 3, 1, 6626, NULL, '0.00058616647'),
(44274, 'imel', 3, 1, 6626, NULL, '0.00058616647'),
(44275, 'direspond', 3, 1, 6626, NULL, '0.00058616647'),
(44276, 'administrasi', 3, 2, 6627, NULL, '0.00087924971'),
(44277, 'yo', 3, 1, 6627, NULL, '0.00058616647'),
(44278, 'area', 2, 1, 6628, NULL, '0.00069228107'),
(44279, 'pasuruan', 2, 1, 6628, NULL, '0.00069228107'),
(44280, 'benah', 2, 1, 6628, NULL, '0.00069228107'),
(44281, 'masak', 2, 1, 6628, NULL, '0.00069228107'),
(44282, 'iyaa', 2, 1, 6628, NULL, '0.00069228107'),
(44283, 'mesti', 2, 1, 6628, NULL, '0.00069228107'),
(44284, 'begitooo', 2, 1, 6628, NULL, '0.00069228107'),
(44285, 'udh', 2, 3, 6628, NULL, '0.00138456213'),
(44286, 'cuman', 2, 3, 6628, NULL, '0.00138456213'),
(44287, 'lokasi', 2, 4, 6628, NULL, '0.00173070267'),
(44288, 'pin', 3, 3, 6630, NULL, '0.00117233294'),
(44289, 'pihak', 3, 1, 6630, NULL, '0.00058616647'),
(44290, 'cairin', 3, 1, 6631, NULL, '0.00058616647'),
(44291, 'giro', 3, 1, 6631, NULL, '0.00058616647'),
(44292, 'segerasaya', 3, 1, 6632, NULL, '0.00058616647'),
(44293, 'olh', 3, 1, 6632, NULL, '0.00058616647'),
(44294, 'ttp', 3, 2, 6632, NULL, '0.00087924971'),
(44295, 'mask', 3, 1, 6632, NULL, '0.00058616647'),
(44296, 'thx', 3, 4, 6632, NULL, '0.00146541618'),
(44297, 'khawatir', 3, 1, 6633, NULL, '0.00058616647'),
(44298, 'mslh', 3, 1, 6633, NULL, '0.00058616647'),
(44299, 'psti', 3, 1, 6633, NULL, '0.00058616647'),
(44300, 'msk', 3, 2, 6633, NULL, '0.00087924971'),
(44301, 'cuman', 3, 2, 6633, NULL, '0.00087924971'),
(44302, 'permslahkan', 3, 1, 6633, NULL, '0.00058616647'),
(44303, 'walo', 3, 1, 6633, NULL, '0.00058616647'),
(44304, 'kt', 3, 1, 6633, NULL, '0.00058616647'),
(44305, 'krna', 3, 1, 6633, NULL, '0.00058616647'),
(44306, 'kpastian', 3, 1, 6633, NULL, '0.00058616647'),
(44307, 'wkt', 3, 1, 6633, NULL, '0.00058616647'),
(44308, 'sesuai', 3, 1, 6633, NULL, '0.00058616647'),
(44309, 'keterangn', 3, 1, 6633, NULL, '0.00058616647'),
(44310, 'trnsfr', 3, 1, 6633, NULL, '0.00058616647'),
(44311, 'sya', 2, 3, 6634, NULL, '0.00138456213'),
(44312, 'ngajuin', 2, 1, 6634, NULL, '0.00069228107'),
(44313, 'kur', 2, 1, 6634, NULL, '0.00069228107'),
(44314, 'taruma', 2, 1, 6634, NULL, '0.00069228107'),
(44315, 'jayam', 2, 1, 6634, NULL, '0.00069228107'),
(44316, 'bekas', 2, 2, 6634, NULL, '0.0010384216'),
(44317, 'bln', 2, 1, 6634, NULL, '0.00069228107'),
(44318, 'feb', 2, 1, 6634, NULL, '0.00069228107'),
(44319, 'telpon', 2, 2, 6634, NULL, '0.0010384216'),
(44320, 'datengin', 2, 1, 6634, NULL, '0.00069228107'),
(44321, 'bag', 2, 1, 6634, NULL, '0.00069228107'),
(44322, 'pinjam', 2, 1, 6634, NULL, '0.00069228107'),
(44323, 'bp', 2, 2, 6634, NULL, '0.0010384216'),
(44324, 'ivan', 2, 1, 6634, NULL, '0.00069228107'),
(44325, 'dokumen', 2, 1, 6634, NULL, '0.00069228107'),
(44326, 'marketing', 2, 1, 6634, NULL, '0.00069228107'),
(44327, 'andi', 2, 1, 6634, NULL, '0.00069228107'),
(44328, 'ketemu', 2, 1, 6634, NULL, '0.00069228107'),
(44329, 'syarat', 2, 1, 6635, NULL, '0.00069228107'),
(44330, 'telan', 2, 1, 6635, NULL, '0.00069228107'),
(44331, 'pin', 2, 1, 6635, NULL, '0.00069228107'),
(44332, 'polisi', 2, 1, 6635, NULL, '0.00069228107'),
(44333, 'sgt', 2, 1, 6635, NULL, '0.00069228107'),
(44334, 'deposito', 3, 1, 6636, NULL, '0.00058616647'),
(44335, 'luar', 3, 2, 6636, NULL, '0.00087924971'),
(44336, 'bunga', 3, 1, 6636, NULL, '0.00058616647'),
(44337, 'penalty', 3, 1, 6636, NULL, '0.00058616647'),
(44338, 'thank', 3, 1, 6636, NULL, '0.00058616647'),
(44339, 'you', 3, 1, 6636, NULL, '0.00058616647'),
(44340, 'c', 2, 2, 6637, NULL, '0.0010384216'),
(44341, 'moga', 2, 4, 6637, NULL, '0.00173070267'),
(44342, 'berjamjam', 2, 1, 6637, NULL, '0.00069228107'),
(44343, 'kubur', 2, 1, 6638, NULL, '0.00069228107'),
(44344, 'cab', 2, 1, 6638, NULL, '0.00069228107'),
(44345, 'ruko', 2, 1, 6638, NULL, '0.00069228107'),
(44346, 'roxy', 2, 1, 6638, NULL, '0.00069228107'),
(44347, 'lampir', 3, 1, 6639, NULL, '0.00058616647'),
(44348, 'laku', 3, 1, 6640, NULL, '0.00058616647'),
(44349, 'korang', 3, 1, 6640, NULL, '0.00058616647'),
(44350, 'sebab', 3, 1, 6640, NULL, '0.00058616647'),
(44351, 'minus', 3, 1, 6640, NULL, '0.00058616647'),
(44352, 'hub', 3, 1, 6640, NULL, '0.00058616647'),
(44353, 'admin', 2, 5, 6641, NULL, '0.0020768432'),
(44354, 'maintanace', 2, 1, 6641, NULL, '0.00069228107'),
(44355, 'mobil', 2, 1, 6641, NULL, '0.00069228107'),
(44356, 'expired', 3, 1, 6642, NULL, '0.00058616647'),
(44357, 'cikarang', 3, 1, 6642, NULL, '0.00058616647'),
(44358, 'ampun', 2, 1, 6643, NULL, '0.00069228107'),
(44359, 'britama', 2, 1, 6643, NULL, '0.00069228107'),
(44360, 'bisnis', 2, 1, 6643, NULL, '0.00069228107'),
(44361, 'ngeprint', 2, 3, 6643, NULL, '0.00138456213'),
(44362, 'mpe', 2, 1, 6643, NULL, '0.00069228107'),
(44363, 'ngantri', 2, 1, 6643, NULL, '0.00069228107'),
(44364, 'skr', 2, 1, 6643, NULL, '0.00069228107'),
(44365, 'doang', 2, 1, 6643, NULL, '0.00069228107'),
(44366, 'ampuuunnn', 2, 1, 6643, NULL, '0.00069228107'),
(44367, 'poin', 3, 1, 6644, NULL, '0.00058616647'),
(44368, 'elo', 2, 1, 6645, NULL, '0.00069228107'),
(44369, 'karyawan', 2, 1, 6645, NULL, '0.00069228107'),
(44370, 'malumaluin', 2, 1, 6645, NULL, '0.00069228107'),
(44371, 'bumn', 2, 1, 6645, NULL, '0.00069228107'),
(44372, 'weekend', 3, 2, 6646, NULL, '0.00087924971'),
(44373, 'depokjaktimjaksel', 3, 1, 6646, NULL, '0.00058616647'),
(44374, 'tmpt', 3, 2, 6647, NULL, '0.00087924971'),
(44375, 'tlg', 1, 1, 6648, NULL, '0.00119474313'),
(44376, 'internal', 1, 1, 6648, NULL, '0.00119474313'),
(44377, 'jadi', 2, 2, 6649, NULL, '0.0010384216'),
(44378, 'disiruh', 2, 1, 6649, NULL, '0.00069228107'),
(44379, 'mantep', 2, 1, 6649, NULL, '0.00069228107'),
(44380, 'lurus', 2, 1, 6650, NULL, '0.00069228107'),
(44381, 'cakep', 2, 1, 6650, NULL, '0.00069228107'),
(44382, 'pudar', 2, 1, 6650, NULL, '0.00069228107'),
(44383, 'amazing', 2, 1, 6650, NULL, '0.00069228107'),
(44384, 'detik', 2, 1, 6650, NULL, '0.00069228107'),
(44385, 'yaudah', 2, 1, 6650, NULL, '0.00069228107'),
(44386, 'ngecek', 3, 2, 6651, NULL, '0.00087924971'),
(44387, 'takut', 3, 2, 6651, NULL, '0.00087924971'),
(44388, 'april', 3, 1, 6653, NULL, '0.00058616647'),
(44389, 'disiruh', 3, 1, 6653, NULL, '0.00058616647'),
(44390, 'mantep', 3, 1, 6653, NULL, '0.00058616647'),
(44391, 'istirahat', 2, 1, 6655, NULL, '0.00069228107'),
(44392, 'aplikasi', 1, 1, 6656, NULL, '0.00119474313'),
(44393, 'brimo', 1, 1, 6656, NULL, '0.00119474313'),
(44394, 'keren', 1, 1, 6656, NULL, '0.00119474313'),
(44395, 'menu', 1, 1, 6656, NULL, '0.00119474313'),
(44396, 'tagih', 1, 1, 6656, NULL, '0.00119474313'),
(44397, 'pdam', 1, 1, 6656, NULL, '0.00119474313'),
(44398, 'lengkap', 1, 1, 6656, NULL, '0.00119474313'),
(44399, 'donk', 1, 1, 6656, NULL, '0.00119474313'),
(44400, 'bubar', 1, 1, 6657, NULL, '0.00119474313'),
(44401, 'bpjs', 1, 2, 6657, NULL, '0.0017921147'),
(44402, 'kali', 1, 1, 6657, NULL, '0.00119474313'),
(44403, 'operasi', 1, 1, 6657, NULL, '0.00119474313'),
(44404, 'istri', 1, 1, 6657, NULL, '0.00119474313'),
(44405, 'nilai', 1, 1, 6657, NULL, '0.00119474313'),
(44406, 'juta', 1, 1, 6657, NULL, '0.00119474313'),
(44407, 'dicover', 1, 1, 6657, NULL, '0.00119474313'),
(44408, 'tinggal', 1, 1, 6657, NULL, '0.00119474313'),
(44409, 'gimana', 1, 1, 6657, NULL, '0.00119474313'),
(44410, 'telat', 1, 1, 6657, NULL, '0.00119474313'),
(44411, 'premi', 1, 1, 6657, NULL, '0.00119474313'),
(44412, 'auto', 1, 1, 6657, NULL, '0.00119474313'),
(44413, 'debet', 1, 1, 6657, NULL, '0.00119474313'),
(44414, 'online', 1, 3, 6657, NULL, '0.00238948626'),
(44415, 'banking', 1, 1, 6657, NULL, '0.00119474313'),
(44416, 'solusi', 1, 1, 6657, NULL, '0.00119474313'),
(44417, 'rady', 1, 1, 6658, NULL, '0.00119474313'),
(44418, 'informasi', 1, 1, 6658, NULL, '0.00119474313'),
(44419, 'olah', 2, 1, 6659, NULL, '0.00069228107'),
(44420, 'laku', 2, 3, 6659, NULL, '0.00138456213'),
(44421, 'emag', 2, 2, 6659, NULL, '0.0010384216'),
(44422, 'melayanisaya', 2, 1, 6659, NULL, '0.00069228107'),
(44423, 'cek', 2, 6, 6659, NULL, '0.00242298373'),
(44424, 'fungsi', 2, 3, 6659, NULL, '0.00138456213'),
(44425, 'mandiri', 2, 14, 6659, NULL, '0.005192108'),
(44426, 'online', 2, 5, 6659, NULL, '0.0020768432'),
(44427, 'biller', 2, 3, 6660, NULL, '0.00138456213'),
(44428, 'tinggal', 2, 1, 6660, NULL, '0.00069228107'),
(44429, 'masukgak', 2, 1, 6660, NULL, '0.00069228107'),
(44430, 'kelar', 2, 1, 6660, NULL, '0.00069228107'),
(44431, 'sistim', 2, 2, 6660, NULL, '0.0010384216'),
(44432, 'cam', 2, 1, 6660, NULL, '0.00069228107'),
(44433, 'proma', 2, 1, 6660, NULL, '0.00069228107'),
(44434, 'fitur', 3, 1, 6661, NULL, '0.00058616647'),
(44435, 'pemberitahuan', 3, 1, 6661, NULL, '0.00058616647'),
(44436, 'smsemail', 3, 1, 6661, NULL, '0.00058616647'),
(44437, 'urang', 3, 1, 6661, NULL, '0.00058616647'),
(44438, 'kembali', 2, 1, 6662, NULL, '0.00069228107'),
(44439, 'terus', 2, 2, 6662, NULL, '0.0010384216'),
(44440, 'mw', 2, 5, 6662, NULL, '0.0020768432'),
(44441, 'kasih', 2, 3, 6662, NULL, '0.00138456213'),
(44442, 'bukti', 2, 1, 6662, NULL, '0.00069228107'),
(44443, 'trasaksi', 2, 1, 6662, NULL, '0.00069228107'),
(44444, 'kemaren', 2, 1, 6663, NULL, '0.00069228107'),
(44445, 'balasa', 2, 1, 6663, NULL, '0.00069228107'),
(44446, 'emang', 2, 1, 6663, NULL, '0.00069228107'),
(44447, 'brosur', 3, 1, 6664, NULL, '0.00058616647'),
(44448, 'kpr', 3, 1, 6664, NULL, '0.00058616647'),
(44449, 'dua', 2, 1, 6666, NULL, '0.00069228107'),
(44450, 'tanggung', 2, 1, 6666, NULL, '0.00069228107'),
(44451, 'tw', 2, 1, 6666, NULL, '0.00069228107'),
(44452, 'gi', 2, 1, 6666, NULL, '0.00069228107'),
(44453, 'mna', 2, 2, 6666, NULL, '0.0010384216'),
(44454, 'promo', 2, 1, 6666, NULL, '0.00069228107'),
(44455, 'nyesal', 2, 1, 6666, NULL, '0.00069228107'),
(44456, 'jt', 2, 1, 6666, NULL, '0.00069228107'),
(44457, 'konfirmasi', 2, 1, 6667, NULL, '0.00069228107'),
(44458, 'solusi', 2, 1, 6667, NULL, '0.00069228107'),
(44459, 'kasi', 2, 1, 6667, NULL, '0.00069228107'),
(44460, 'latih', 2, 1, 6668, NULL, '0.00069228107'),
(44461, 'sop', 2, 1, 6668, NULL, '0.00069228107'),
(44462, 'sperti', 2, 1, 6668, NULL, '0.00069228107'),
(44463, 'veteran', 2, 1, 6668, NULL, '0.00069228107'),
(44464, 'vitria', 2, 1, 6668, NULL, '0.00069228107'),
(44465, 'begini', 2, 1, 6668, NULL, '0.00069228107'),
(44466, 'double', 3, 2, 6669, NULL, '0.00087924971'),
(44467, 'ter', 3, 2, 6669, NULL, '0.00087924971'),
(44468, 'mana', 3, 1, 6669, NULL, '0.00058616647'),
(44469, 'satu', 3, 1, 6669, NULL, '0.00058616647'),
(44470, 'mandir', 3, 2, 6670, NULL, '0.00087924971'),
(44471, 'btuh', 3, 1, 6671, NULL, '0.00058616647'),
(44472, 'oke', 1, 1, 6672, NULL, '0.00119474313'),
(44473, 'maaf', 1, 1, 6672, NULL, '0.00119474313'),
(44474, 'menggangu', 1, 1, 6672, NULL, '0.00119474313'),
(44475, 'onlain', 3, 1, 6673, NULL, '0.00058616647'),
(44476, 'emoney', 3, 6, 6674, NULL, '0.00205158265'),
(44477, 'sana', 3, 1, 6674, NULL, '0.00058616647'),
(44478, 'ber', 3, 1, 6674, NULL, '0.00058616647'),
(44479, 'nfc', 3, 1, 6674, NULL, '0.00058616647'),
(44480, 'sim', 3, 1, 6675, NULL, '0.00058616647'),
(44481, 'wifi', 3, 1, 6675, NULL, '0.00058616647'),
(44482, 'dicall', 2, 1, 6676, NULL, '0.00069228107'),
(44483, 'kala', 2, 1, 6676, NULL, '0.00069228107'),
(44484, 'kah', 2, 1, 6676, NULL, '0.00069228107'),
(44485, 'dtg', 2, 3, 6678, NULL, '0.00138456213'),
(44486, 'cbg', 2, 2, 6678, NULL, '0.0010384216'),
(44487, 'pasar', 2, 2, 6678, NULL, '0.0010384216'),
(44488, 'srh', 2, 1, 6678, NULL, '0.00069228107'),
(44489, 'alas', 2, 1, 6678, NULL, '0.00069228107'),
(44490, 'langgan', 2, 1, 6678, NULL, '0.00069228107'),
(44491, 'centre', 2, 1, 6679, NULL, '0.00069228107'),
(44492, 'panggil', 2, 2, 6680, NULL, '0.0010384216'),
(44493, 'teler', 2, 1, 6680, NULL, '0.00069228107'),
(44494, 'sesuai', 2, 2, 6680, NULL, '0.0010384216'),
(44495, 'line', 2, 1, 6680, NULL, '0.00069228107'),
(44496, 'antrain', 2, 1, 6680, NULL, '0.00069228107'),
(44497, 'atas', 2, 1, 6680, NULL, '0.00069228107'),
(44498, 'juta', 2, 1, 6680, NULL, '0.00069228107'),
(44499, 'pelayannlan', 2, 1, 6680, NULL, '0.00069228107'),
(44500, 'dear', 1, 2, 6681, NULL, '0.0017921147'),
(44501, 'mandiri', 1, 6, 6681, NULL, '0.00418160096'),
(44502, 'sgt', 1, 1, 6681, NULL, '0.00119474313'),
(44503, 'apresiasi', 1, 1, 6681, NULL, '0.00119474313'),
(44504, 'kantor', 1, 1, 6681, NULL, '0.00119474313'),
(44505, 'cabang', 1, 1, 6681, NULL, '0.00119474313'),
(44506, 'salemba', 1, 1, 6681, NULL, '0.00119474313'),
(44507, 'raya', 1, 1, 6681, NULL, '0.00119474313'),
(44508, 'jakarta', 1, 1, 6681, NULL, '0.00119474313'),
(44509, 'tdk', 1, 1, 6681, NULL, '0.00119474313'),
(44510, 'no', 1, 1, 6681, NULL, '0.00119474313'),
(44511, 'antri', 1, 3, 6681, NULL, '0.00238948626'),
(44512, 'amp', 1, 1, 6681, NULL, '0.00119474313'),
(44513, 'duduk', 1, 1, 6681, NULL, '0.00119474313'),
(44514, 'teler', 1, 1, 6681, NULL, '0.00119474313'),
(44515, 'pjg', 1, 1, 6681, NULL, '0.00119474313'),
(44516, 'nyaman', 1, 1, 6681, NULL, '0.00119474313'),
(44517, 'bekurang', 1, 1, 6681, NULL, '0.00119474313'),
(44518, 'gerai', 2, 1, 6682, NULL, '0.00069228107'),
(44519, 'mal', 2, 1, 6682, NULL, '0.00069228107'),
(44520, 'summarecon', 2, 1, 6682, NULL, '0.00069228107'),
(44521, 'thx', 2, 1, 6682, NULL, '0.00069228107'),
(44522, 'negri', 3, 1, 6683, NULL, '0.00058616647'),
(44523, 'area', 3, 1, 6684, NULL, '0.00058616647'),
(44524, 'timur', 3, 1, 6684, NULL, '0.00058616647'),
(44525, 'ilang', 3, 1, 6686, NULL, '0.00058616647'),
(44526, 'baru', 3, 1, 6686, NULL, '0.00058616647'),
(44527, 'yaa', 3, 1, 6686, NULL, '0.00058616647'),
(44528, 'brosur', 1, 1, 6687, NULL, '0.00119474313'),
(44529, 'pinjam', 1, 1, 6687, NULL, '0.00119474313'),
(44530, 'usaha', 1, 1, 6687, NULL, '0.00119474313'),
(44531, 'kah', 1, 1, 6687, NULL, '0.00119474313'),
(44532, 'yaaaa', 1, 1, 6687, NULL, '0.00119474313'),
(44533, 'kakak', 2, 1, 6688, NULL, '0.00069228107'),
(44534, 'handphone', 2, 1, 6688, NULL, '0.00069228107'),
(44535, 'otorisasi', 2, 1, 6688, NULL, '0.00069228107'),
(44536, 'aktif', 2, 1, 6688, NULL, '0.00069228107'),
(44537, 'selasa', 2, 1, 6688, NULL, '0.00069228107'),
(44538, 'detik', 3, 1, 6689, NULL, '0.00058616647'),
(44539, 'oa', 3, 1, 6690, NULL, '0.00058616647'),
(44540, 'kirain', 3, 1, 6690, NULL, '0.00058616647'),
(44541, 'yaapa', 3, 1, 6691, NULL, '0.00058616647'),
(44542, 'lho', 2, 1, 6692, NULL, '0.00069228107'),
(44543, 'koq', 2, 2, 6692, NULL, '0.0010384216'),
(44544, 'untung', 2, 2, 6692, NULL, '0.0010384216'),
(44545, 'ejek', 2, 1, 6692, NULL, '0.00069228107'),
(44546, 'sindir', 2, 1, 6692, NULL, '0.00069228107'),
(44547, 'duh', 2, 1, 6692, NULL, '0.00069228107'),
(44548, 'boss', 2, 1, 6693, NULL, '0.00069228107'),
(44549, 'sesi', 2, 1, 6693, NULL, '0.00069228107'),
(44550, 'yamakin', 2, 1, 6693, NULL, '0.00069228107'),
(44551, 'jelek', 2, 1, 6693, NULL, '0.00069228107'),
(44552, 'make', 3, 1, 6695, NULL, '0.00058616647'),
(44553, 'digunain', 3, 1, 6695, NULL, '0.00058616647'),
(44554, 'cari', 3, 1, 6695, NULL, '0.00058616647'),
(44555, 'cashback', 3, 1, 6695, NULL, '0.00058616647'),
(44556, 'fiestapoin', 3, 3, 6696, NULL, '0.00117233294'),
(44557, 'billing', 3, 1, 6696, NULL, '0.00058616647'),
(44558, 'merchant', 3, 1, 6696, NULL, '0.00058616647'),
(44559, 'nilau', 3, 1, 6696, NULL, '0.00058616647'),
(44560, 'makasih', 3, 1, 6697, NULL, '0.00058616647'),
(44561, 'moga', 1, 2, 6698, NULL, '0.0017921147'),
(44562, 'paham', 1, 1, 6698, NULL, '0.00119474313'),
(44563, 'ecash', 1, 1, 6699, NULL, '0.00119474313'),
(44564, 'kucoba', 3, 1, 6700, NULL, '0.00058616647'),
(44565, 'by', 3, 3, 6700, NULL, '0.00117233294'),
(44566, 'ku', 3, 3, 6700, NULL, '0.00117233294'),
(44567, 'bernfc', 3, 1, 6701, NULL, '0.00058616647'),
(44568, 'sukses', 3, 1, 6701, NULL, '0.00058616647'),
(44569, 'aktifasi', 3, 1, 6701, NULL, '0.00058616647'),
(44570, 'mandri', 3, 1, 6702, NULL, '0.00058616647'),
(44571, 'giant', 3, 1, 6702, NULL, '0.00058616647'),
(44572, 'surapati', 3, 1, 6702, NULL, '0.00058616647'),
(44573, 'bandung', 3, 1, 6702, NULL, '0.00058616647'),
(44574, 'dtinjut', 3, 1, 6702, NULL, '0.00058616647'),
(44575, 'atw', 2, 1, 6704, NULL, '0.00069228107'),
(44576, 'kliring', 2, 1, 6704, NULL, '0.00069228107'),
(44577, 'mib', 2, 1, 6704, NULL, '0.00069228107'),
(44578, 'uji', 2, 1, 6704, NULL, '0.00069228107'),
(44579, 'fasilitas', 3, 1, 6705, NULL, '0.00058616647'),
(44580, 'baking', 3, 1, 6705, NULL, '0.00058616647'),
(44581, 'verificationconfirmation', 3, 1, 6705, NULL, '0.00058616647'),
(44582, 'code', 3, 1, 6705, NULL, '0.00058616647'),
(44583, 'mib', 3, 1, 6706, NULL, '0.00058616647'),
(44584, 'loading', 3, 1, 6706, NULL, '0.00058616647'),
(44585, 'page', 3, 1, 6706, NULL, '0.00058616647'),
(44586, 'already', 3, 1, 6706, NULL, '0.00058616647'),
(44587, 'logged', 3, 1, 6706, NULL, '0.00058616647'),
(44588, 'mo', 2, 1, 6707, NULL, '0.00069228107'),
(44589, 'kcp', 2, 1, 6707, NULL, '0.00069228107'),
(44590, 'depok', 2, 1, 6707, NULL, '0.00069228107'),
(44591, 'margocity', 2, 1, 6707, NULL, '0.00069228107'),
(44592, 'an', 2, 1, 6707, NULL, '0.00069228107'),
(44593, 'satpam', 2, 2, 6707, NULL, '0.0010384216'),
(44594, 'klo', 2, 2, 6707, NULL, '0.0010384216'),
(44595, 'lg', 2, 2, 6707, NULL, '0.0010384216'),
(44596, 'dimnt', 2, 1, 6707, NULL, '0.00069228107'),
(44597, 'ngecek', 2, 1, 6707, NULL, '0.00069228107'),
(44598, 'asa', 2, 1, 6707, NULL, '0.00069228107'),
(44599, 'diphp', 2, 1, 6707, NULL, '0.00069228107'),
(44600, 'puasa', 2, 1, 6707, NULL, '0.00069228107'),
(44601, 'sabaaar', 2, 1, 6707, NULL, '0.00069228107'),
(44602, 'bentuk', 3, 2, 6708, NULL, '0.00087924971'),
(44603, 'usd', 3, 2, 6708, NULL, '0.00087924971'),
(44604, 'nominal', 3, 1, 6709, NULL, '0.00058616647'),
(44605, 'internal', 2, 1, 6710, NULL, '0.00069228107'),
(44606, 'gih', 2, 1, 6710, NULL, '0.00069228107'),
(44607, 'fastpay', 2, 1, 6710, NULL, '0.00069228107'),
(44608, 'akses', 2, 1, 6710, NULL, '0.00069228107'),
(44609, 'loh', 2, 1, 6710, NULL, '0.00069228107'),
(44610, 'saran', 2, 1, 6710, NULL, '0.00069228107'),
(44611, 'server', 2, 1, 6710, NULL, '0.00069228107'),
(44612, 'stabil', 2, 1, 6710, NULL, '0.00069228107'),
(44613, 'menu', 2, 2, 6710, NULL, '0.0010384216'),
(44614, 'payment', 2, 1, 6710, NULL, '0.00069228107'),
(44615, 'mending', 2, 1, 6710, NULL, '0.00069228107'),
(44616, 'hapus', 2, 1, 6710, NULL, '0.00069228107'),
(44617, 'mai', 3, 1, 6711, NULL, '0.00058616647'),
(44618, 'pdam', 3, 1, 6711, NULL, '0.00058616647'),
(44619, 'purwakarta', 3, 1, 6711, NULL, '0.00058616647'),
(44620, 'nelalui', 3, 1, 6711, NULL, '0.00058616647'),
(44621, 'mandirimohon', 3, 1, 6711, NULL, '0.00058616647'),
(44622, 'tiketcom', 3, 1, 6713, NULL, '0.00058616647'),
(44623, 'sticker', 3, 1, 6714, NULL, '0.00058616647'),
(44624, 'ulang', 3, 2, 6714, NULL, '0.00087924971'),
(44625, 'keren', 3, 1, 6714, NULL, '0.00058616647'),
(44626, 'kayak', 3, 1, 6714, NULL, '0.00058616647'),
(44627, 'dibenerin', 2, 1, 6715, NULL, '0.00069228107'),
(44628, 'mosok', 2, 1, 6715, NULL, '0.00069228107'),
(44629, 'produktivitas', 2, 1, 6715, NULL, '0.00069228107'),
(44630, 'konyol', 2, 1, 6715, NULL, '0.00069228107'),
(44631, 'lunas', 3, 1, 6717, NULL, '0.00058616647'),
(44632, 'kta', 3, 1, 6717, NULL, '0.00058616647'),
(44633, 'jatuh', 3, 1, 6717, NULL, '0.00058616647'),
(44634, 'tempo', 3, 1, 6717, NULL, '0.00058616647'),
(44635, 'off', 3, 1, 6718, NULL, '0.00058616647'),
(44636, 'line', 3, 1, 6718, NULL, '0.00058616647'),
(44637, 'korporasi', 3, 1, 6718, NULL, '0.00058616647'),
(44638, 'eksekusi', 3, 1, 6718, NULL, '0.00058616647'),
(44639, 'complain', 2, 1, 6719, NULL, '0.00069228107'),
(44640, 'hk', 2, 1, 6719, NULL, '0.00069228107'),
(44641, 'toko', 3, 1, 6720, NULL, '0.00058616647'),
(44642, 'nyata', 3, 1, 6720, NULL, '0.00058616647'),
(44643, 'kembaliterimakasih', 3, 1, 6720, NULL, '0.00058616647'),
(44644, 'aza', 1, 2, 6721, NULL, '0.0017921147'),
(44645, 'nukerin', 1, 2, 6721, NULL, '0.0017921147'),
(44646, 'uang', 1, 2, 6721, NULL, '0.0017921147'),
(44647, 'baru', 1, 1, 6721, NULL, '0.00119474313'),
(44648, 'awet', 1, 1, 6721, NULL, '0.00119474313'),
(44649, 'g', 1, 1, 6721, NULL, '0.00119474313'),
(44650, 'cm', 1, 1, 6721, NULL, '0.00119474313'),
(44651, 'simpan', 1, 1, 6721, NULL, '0.00119474313'),
(44652, 'dpt', 1, 1, 6721, NULL, '0.00119474313'),
(44653, 'dodi', 2, 1, 6722, NULL, '0.00069228107'),
(44654, 'telegram', 2, 1, 6722, NULL, '0.00069228107'),
(44655, 'data', 2, 3, 6722, NULL, '0.00138456213'),
(44656, 'wa', 2, 2, 6722, NULL, '0.0010384216'),
(44657, 'jumat', 2, 1, 6722, NULL, '0.00069228107'),
(44658, 'follow', 2, 2, 6722, NULL, '0.0010384216'),
(44659, 'maksud', 2, 1, 6722, NULL, '0.00069228107'),
(44660, 'bolakbalik', 2, 1, 6722, NULL, '0.00069228107'),
(44661, 'selesaiselesai', 2, 1, 6722, NULL, '0.00069228107'),
(44662, 'ok', 2, 1, 6723, NULL, '0.00069228107'),
(44663, 'rabu', 2, 1, 6723, NULL, '0.00069228107'),
(44664, 'indomaret', 2, 1, 6723, NULL, '0.00069228107'),
(44665, 'pegandon', 2, 1, 6723, NULL, '0.00069228107'),
(44666, 'kendal', 2, 1, 6723, NULL, '0.00069228107'),
(44667, 'jateng', 2, 1, 6723, NULL, '0.00069228107'),
(44668, 'loading', 2, 1, 6724, NULL, '0.00069228107'),
(44669, 'notif', 2, 1, 6724, NULL, '0.00069228107'),
(44670, 'koneksi', 2, 2, 6724, NULL, '0.0010384216'),
(44671, 'bagus', 2, 1, 6724, NULL, '0.00069228107'),
(44672, 'app', 2, 1, 6724, NULL, '0.00069228107'),
(44673, 'mmm', 2, 1, 6724, NULL, '0.00069228107'),
(44674, 'sdg', 1, 1, 6725, NULL, '0.00119474313'),
(44675, 'ganggu', 1, 2, 6725, NULL, '0.0017921147'),
(44676, 'log', 1, 1, 6725, NULL, '0.00119474313'),
(44677, 'in', 1, 1, 6725, NULL, '0.00119474313'),
(44678, 'semalem', 1, 1, 6725, NULL, '0.00119474313'),
(44679, 'hhh', 2, 1, 6726, NULL, '0.00069228107'),
(44680, 'erti', 3, 1, 6727, NULL, '0.00058616647'),
(44681, 'strategi', 3, 1, 6727, NULL, '0.00058616647'),
(44682, 'senang', 3, 1, 6727, NULL, '0.00058616647'),
(44683, 'unjung', 3, 1, 6727, NULL, '0.00058616647'),
(44684, 'teams', 3, 1, 6727, NULL, '0.00058616647'),
(44685, 'penuh', 3, 1, 6727, NULL, '0.00058616647'),
(44686, 'semangat', 3, 1, 6727, NULL, '0.00058616647'),
(44687, 'e', 3, 1, 6728, NULL, '0.00058616647'),
(44688, 'money', 3, 1, 6728, NULL, '0.00058616647'),
(44689, 'saldony', 3, 1, 6728, NULL, '0.00058616647'),
(44690, 'well', 1, 1, 6729, NULL, '0.00119474313'),
(44691, 'noted', 1, 1, 6729, NULL, '0.00119474313'),
(44692, 'lunas', 1, 1, 6729, NULL, '0.00119474313'),
(44693, 'tsb', 1, 1, 6729, NULL, '0.00119474313'),
(44694, 'complain', 1, 1, 6730, NULL, '0.00119474313'),
(44695, 'dr', 1, 1, 6730, NULL, '0.00119474313'),
(44696, 'hk', 1, 1, 6730, NULL, '0.00119474313'),
(44697, 'jg', 2, 1, 6731, NULL, '0.00069228107'),
(44698, 'dibuatin', 2, 1, 6731, NULL, '0.00069228107'),
(44699, 'pasti', 2, 1, 6731, NULL, '0.00069228107'),
(44700, 'ato', 2, 1, 6731, NULL, '0.00069228107'),
(44701, 'loh', 1, 1, 6732, NULL, '0.00119474313'),
(44702, 'mas', 1, 1, 6732, NULL, '0.00119474313'),
(44703, 'tetep', 1, 1, 6732, NULL, '0.00119474313'),
(44704, 'barusan', 1, 1, 6732, NULL, '0.00119474313'),
(44705, 'cek', 1, 1, 6732, NULL, '0.00119474313'),
(44706, 'pemberitahuan', 1, 1, 6732, NULL, '0.00119474313'),
(44707, 'ggal', 1, 1, 6733, NULL, '0.00119474313'),
(44708, 'temu', 1, 1, 6733, NULL, '0.00119474313'),
(44709, 'jaring', 1, 1, 6733, NULL, '0.00119474313'),
(44710, 'jm', 1, 1, 6733, NULL, '0.00119474313'),
(44711, 'sore', 1, 2, 6733, NULL, '0.0017921147'),
(44712, 'pdhl', 1, 1, 6733, NULL, '0.00119474313'),
(44713, 'aman', 1, 1, 6733, NULL, '0.00119474313'),
(44714, 'betulin', 1, 1, 6734, NULL, '0.00119474313'),
(44715, 'debit', 1, 2, 6734, NULL, '0.0017921147'),
(44716, 'rinci', 1, 1, 6735, NULL, '0.00119474313'),
(44717, 'via', 1, 1, 6735, NULL, '0.00119474313'),
(44718, 'alami', 1, 1, 6735, NULL, '0.00119474313'),
(44719, 'kendala', 1, 1, 6736, NULL, '0.00119474313'),
(44720, 'transaksi', 1, 1, 6736, NULL, '0.00119474313'),
(44721, 'kal', 1, 1, 6736, NULL, '0.00119474313'),
(44722, 'terang', 1, 1, 6736, NULL, '0.00119474313'),
(44723, 'proses', 1, 1, 6736, NULL, '0.00119474313'),
(44724, 'min', 3, 16, NULL, 1373, NULL),
(44725, 'kemarin', 3, 4, NULL, 1373, NULL),
(44726, 'ganti', 3, 4, NULL, 1373, NULL),
(44727, 'sim', 3, 1, NULL, 1373, NULL),
(44728, 'card', 3, 1, NULL, 1373, NULL),
(44729, 'nomor', 3, 5, NULL, 1373, NULL),
(44730, 'mbanking', 3, 4, NULL, 1373, NULL),
(44731, 'gabisa', 3, 3, NULL, 1373, NULL),
(44732, 'dipake', 3, 1, NULL, 1373, NULL),
(44733, 'simcard', 3, 1, NULL, 1373, NULL),
(44734, 'ga', 3, 2, NULL, 1373, NULL),
(44735, 'sesuai', 3, 1, NULL, 1373, NULL),
(44736, 'gimana', 3, 5, NULL, 1373, NULL),
(44737, 'ya', 3, 13, NULL, 1373, NULL),
(44738, 'tks', 3, 1, NULL, 1373, NULL),
(44739, 'transfer', 3, 9, NULL, 1374, NULL),
(44740, 'via', 3, 4, NULL, 1374, NULL),
(44741, 'mbca', 3, 1, NULL, 1374, NULL),
(44742, 'klikbca', 3, 2, NULL, 1374, NULL),
(44743, 'gagal', 3, 5, NULL, 1374, NULL),
(44744, 'na', 3, 2, NULL, 1375, NULL),
(44745, 'bayar', 3, 2, NULL, 1375, NULL),
(44746, 'kreditplus', 3, 1, NULL, 1375, NULL),
(44747, 'urut', 3, 1, NULL, 1375, NULL),
(44748, 'utk', 3, 5, NULL, 1376, NULL),
(44749, 'rek', 3, 4, NULL, 1376, NULL),
(44750, 'dep', 3, 2, NULL, 1376, NULL),
(44751, 'cabang', 3, 3, NULL, 1376, NULL),
(44752, 'mohon', 3, 7, NULL, 1376, NULL),
(44753, 'informasi', 3, 1, NULL, 1376, NULL),
(44754, 'thx', 3, 2, NULL, 1376, NULL),
(44755, 'bca', 3, 11, NULL, 1377, NULL),
(44756, 'transaksi', 3, 7, NULL, 1377, NULL),
(44757, 'merchan', 3, 1, NULL, 1377, NULL),
(44758, 'yg', 3, 8, NULL, 1377, NULL),
(44759, 'logo', 3, 1, NULL, 1377, NULL),
(44760, 'cicil', 3, 2, NULL, 1377, NULL),
(44761, 'apakahbisa', 3, 1, NULL, 1377, NULL),
(44762, 'ubah', 3, 2, NULL, 1377, NULL),
(44763, 'pake', 3, 3, NULL, 1378, NULL),
(44764, 'atm', 3, 10, NULL, 1378, NULL),
(44765, 'teh', 3, 1, NULL, 1378, NULL),
(44766, 'm', 3, 1, NULL, 1378, NULL),
(44767, 'banking', 3, 4, NULL, 1378, NULL),
(44768, 'kecuali', 3, 1, NULL, 1378, NULL),
(44769, 'traveloka', 3, 1, NULL, 1378, NULL),
(44770, 'siang', 3, 2, NULL, 1379, NULL),
(44771, 'telpon', 3, 2, NULL, 1379, NULL),
(44772, 'hubung', 3, 2, NULL, 1379, NULL),
(44773, 'adu', 3, 2, NULL, 1379, NULL),
(44774, 'ganggu', 3, 2, NULL, 1379, NULL),
(44775, 'mesin', 3, 2, NULL, 1379, NULL),
(44776, 'edc', 3, 1, NULL, 1379, NULL),
(44777, 'td', 3, 1, NULL, 1379, NULL),
(44778, 'handphone', 3, 1, NULL, 1379, NULL),
(44779, 'sambung', 3, 1, NULL, 1379, NULL),
(44780, 'barusab', 3, 1, NULL, 1380, NULL),
(44781, 'sy', 3, 4, NULL, 1380, NULL),
(44782, 'ovo', 3, 2, NULL, 1380, NULL),
(44783, 'terang', 3, 1, NULL, 1380, NULL),
(44784, 'tp', 3, 2, NULL, 1380, NULL),
(44785, 'saldo', 3, 7, NULL, 1380, NULL),
(44786, 'tabung', 3, 2, NULL, 1380, NULL),
(44787, 'kurang', 3, 2, NULL, 1380, NULL),
(44788, 'tdk', 3, 2, NULL, 1380, NULL),
(44789, 'tambah', 3, 1, NULL, 1380, NULL),
(44790, 'sih', 3, 1, NULL, 1381, NULL),
(44791, 'payment', 3, 1, NULL, 1381, NULL),
(44792, 'tiket', 3, 2, NULL, 1381, NULL),
(44793, 'ka', 3, 1, NULL, 1381, NULL),
(44794, 'gak', 3, 3, NULL, 1381, NULL),
(44795, 'menu', 3, 1, NULL, 1381, NULL),
(44796, 'keburu', 3, 1, NULL, 1381, NULL),
(44797, 'abiiiiis', 3, 1, NULL, 1381, NULL),
(44798, 'ok', 3, 1, NULL, 1382, NULL),
(44799, 'min', 3, 13, NULL, 1382, NULL),
(44800, 'makasih', 3, 2, NULL, 1382, NULL),
(44801, 'info', 3, 1, NULL, 1382, NULL),
(44802, 'kalo', 2, 2, NULL, 1383, NULL),
(44803, 'atm', 2, 7, NULL, 1383, NULL),
(44804, 'ilang', 2, 2, NULL, 1383, NULL),
(44805, 'bikin', 2, 3, NULL, 1383, NULL),
(44806, 'lapor', 2, 1, NULL, 1383, NULL),
(44807, 'polisi', 2, 1, NULL, 1383, NULL),
(44808, 'ribet', 2, 1, NULL, 1383, NULL),
(44809, 'aja', 2, 4, NULL, 1383, NULL),
(44810, 'ngga', 2, 1, NULL, 1383, NULL),
(44811, 'pakai', 2, 1, NULL, 1383, NULL),
(44812, 'maaf', 3, 2, NULL, 1384, NULL),
(44813, 'batal', 3, 1, NULL, 1384, NULL),
(44814, 'life', 3, 1, NULL, 1384, NULL),
(44815, 'hai', 3, 1, NULL, 1385, NULL),
(44816, 'guna', 3, 1, NULL, 1385, NULL),
(44817, 'silver', 3, 1, NULL, 1385, NULL),
(44818, 'tahap', 3, 2, NULL, 1385, NULL),
(44819, 'xpress', 3, 1, NULL, 1385, NULL),
(44820, 'selamat', 3, 8, NULL, 1386, NULL),
(44821, 'pagi', 3, 6, NULL, 1386, NULL),
(44822, 'jaring', 3, 2, NULL, 1386, NULL),
(44823, 'normal', 3, 1, NULL, 1386, NULL),
(44824, 'aktif', 3, 2, NULL, 1386, NULL),
(44825, 'jumat', 3, 2, NULL, 1386, NULL),
(44826, 'offline', 3, 1, NULL, 1386, NULL),
(44827, 'indonesia', 3, 1, NULL, 1386, NULL),
(44828, 'terimakasih', 3, 6, NULL, 1386, NULL),
(44829, 'buka', 3, 4, NULL, 1387, NULL),
(44830, 'awal', 3, 1, NULL, 1387, NULL),
(44831, 'dr', 3, 5, NULL, 1387, NULL),
(44832, 'link', 3, 2, NULL, 1387, NULL),
(44833, 'cek', 3, 1, NULL, 1387, NULL),
(44834, 'angka', 3, 1, NULL, 1387, NULL),
(44835, 'gtu', 3, 1, NULL, 1387, NULL),
(44836, 'produk', 3, 1, NULL, 1388, NULL),
(44837, 'simpan', 3, 2, NULL, 1388, NULL),
(44838, 'biaya', 3, 2, NULL, 1388, NULL),
(44839, 'murah', 3, 1, NULL, 1388, NULL),
(44840, 'fungsi', 3, 1, NULL, 1388, NULL),
(44841, 'terima', 1, 1, NULL, 1389, NULL),
(44842, 'kasih', 1, 1, NULL, 1389, NULL),
(44843, 'informasinyaa', 1, 1, NULL, 1389, NULL),
(44844, 'dear', 3, 2, NULL, 1390, NULL),
(44845, 'bcasaya', 3, 1, NULL, 1390, NULL),
(44846, 'email', 3, 4, NULL, 1390, NULL),
(44847, 'apply', 3, 1, NULL, 1390, NULL),
(44848, 'kartu', 3, 5, NULL, 1390, NULL),
(44849, 'kredit', 3, 1, NULL, 1390, NULL),
(44850, 'disetujui', 3, 1, NULL, 1390, NULL),
(44851, 'kirim', 3, 4, NULL, 1390, NULL),
(44852, 'alamat', 3, 1, NULL, 1390, NULL),
(44853, 'rekening', 3, 9, NULL, 1390, NULL),
(44854, 'endik', 3, 1, NULL, 1390, NULL),
(44855, 'agus', 3, 1, NULL, 1390, NULL),
(44856, 'prasetyocc', 3, 1, NULL, 1390, NULL),
(44857, 'mbamas', 3, 1, NULL, 1391, NULL),
(44858, 'debit', 3, 1, NULL, 1391, NULL),
(44859, 'jasa', 3, 1, NULL, 1391, NULL),
(44860, 'layan', 3, 3, NULL, 1391, NULL),
(44861, 'gpn', 3, 2, NULL, 1391, NULL),
(44862, 'mastercardvisa', 3, 1, NULL, 1391, NULL),
(44863, 'paspor', 3, 1, NULL, 1392, NULL),
(44864, 'visa', 3, 1, NULL, 1392, NULL),
(44865, 'terima', 3, 4, NULL, 1392, NULL),
(44866, 'kasih', 3, 4, NULL, 1392, NULL),
(44867, 'parah', 2, 1, NULL, 1393, NULL),
(44868, 'aplikasi', 2, 1, NULL, 1393, NULL),
(44869, 'gak', 2, 8, NULL, 1393, NULL),
(44870, 'genah', 2, 1, NULL, 1393, NULL),
(44871, 'ngebug', 2, 1, NULL, 1393, NULL),
(44872, 'ganti', 2, 1, NULL, 1393, NULL),
(44873, 'hp', 2, 2, NULL, 1393, NULL),
(44874, 'gimana', 2, 2, NULL, 1393, NULL),
(44875, 'cabang', 2, 1, NULL, 1393, NULL),
(44876, 'tutup', 2, 1, NULL, 1393, NULL),
(44877, 'haduh', 2, 1, NULL, 1393, NULL),
(44878, 'tarik', 3, 3, NULL, 1394, NULL),
(44879, 'tunai', 3, 3, NULL, 1394, NULL),
(44880, 'tanggal', 3, 2, NULL, 1394, NULL),
(44881, 'april', 3, 1, NULL, 1394, NULL),
(44882, 'jam', 3, 2, NULL, 1394, NULL),
(44883, 'rb', 3, 2, NULL, 1394, NULL),
(44884, 'merespon', 3, 1, NULL, 1394, NULL),
(44885, 'tulis', 3, 2, NULL, 1394, NULL),
(44886, 'layar', 3, 1, NULL, 1394, NULL),
(44887, 'habis', 3, 2, NULL, 1394, NULL),
(44888, 'potong', 3, 3, NULL, 1394, NULL),
(44889, 'udah', 3, 2, NULL, 1394, NULL),
(44890, 'masuk', 3, 5, NULL, 1394, NULL),
(44891, 'mutasi', 3, 1, NULL, 1394, NULL),
(44892, 'tolong', 3, 2, NULL, 1394, NULL),
(44893, 'tindak', 3, 1, NULL, 1394, NULL),
(44894, 'lanjut', 3, 1, NULL, 1394, NULL),
(44895, 'mobile', 3, 4, NULL, 1395, NULL),
(44896, 'banking', 3, 4, NULL, 1395, NULL),
(44897, 'bni', 3, 3, NULL, 1395, NULL),
(44898, 'masa', 3, 1, NULL, 1395, NULL),
(44899, 'kah', 3, 1, NULL, 1395, NULL),
(44900, 'liat', 3, 1, NULL, 1395, NULL),
(44901, 'mutasi', 3, 1, NULL, 1395, NULL),
(44902, 'rekening', 3, 7, NULL, 1395, NULL),
(44903, 'ajah', 3, 1, NULL, 1395, NULL),
(44904, 'ngak', 3, 1, NULL, 1395, NULL),
(44905, 'tapcash', 3, 1, NULL, 1396, NULL),
(44906, 'pakai', 3, 2, NULL, 1396, NULL),
(44907, 'belanja', 3, 1, NULL, 1396, NULL),
(44908, 'alfamart', 3, 2, NULL, 1396, NULL),
(44909, 'toko', 3, 1, NULL, 1396, NULL),
(44910, 'daerah', 3, 1, NULL, 1396, NULL),
(44911, 'bekas', 3, 2, NULL, 1396, NULL),
(44912, 'barat', 3, 1, NULL, 1396, NULL),
(44913, 'alas', 3, 1, NULL, 1396, NULL),
(44914, 'mes', 3, 1, NULL, 1396, NULL),
(44915, 'error', 3, 1, NULL, 1397, NULL),
(44916, 'malam', 3, 3, NULL, 1397, NULL),
(44917, 'koneksi', 3, 1, NULL, 1397, NULL),
(44918, 'internet', 3, 2, NULL, 1397, NULL),
(44919, 'kak', 3, 3, NULL, 1398, NULL),
(44920, 'bukti', 3, 2, NULL, 1398, NULL),
(44921, 'klo', 3, 1, NULL, 1398, NULL),
(44922, 'detail', 3, 1, NULL, 1398, NULL),
(44923, 'proses', 2, 2, NULL, 1399, NULL),
(44924, 'mba', 2, 1, NULL, 1399, NULL),
(44925, 'hahaha', 2, 1, NULL, 1399, NULL),
(44926, 'jelek', 2, 1, NULL, 1399, NULL),
(44927, 'bank', 2, 5, NULL, 1399, NULL),
(44928, 'layan', 2, 4, NULL, 1399, NULL),
(44929, 'bagus', 2, 1, NULL, 1399, NULL),
(44930, 'be', 2, 1, NULL, 1399, NULL),
(44931, 'bni', 2, 6, NULL, 1400, NULL),
(44932, 'lelet', 2, 2, NULL, 1400, NULL),
(44933, 'tanggung', 2, 1, NULL, 1400, NULL),
(44934, 'tunggu', 2, 4, NULL, 1400, NULL),
(44935, 'tau', 2, 2, NULL, 1400, NULL),
(44936, 'uang', 2, 6, NULL, 1400, NULL),
(44937, 'urgent', 2, 1, NULL, 1400, NULL),
(44938, 'kembali', 2, 1, NULL, 1400, NULL),
(44939, 'status', 3, 1, NULL, 1401, NULL),
(44940, 'dorm', 3, 1, NULL, 1401, NULL),
(44941, 'maksud', 3, 1, NULL, 1401, NULL),
(44942, 'gmn', 3, 1, NULL, 1401, NULL),
(44943, 'mana', 3, 1, NULL, 1402, NULL),
(44944, 'jd', 3, 1, NULL, 1402, NULL),
(44945, 'konfirmasi', 3, 1, NULL, 1402, NULL),
(44946, 'kecewa', 3, 1, NULL, 1403, NULL),
(44947, 'ya', 3, 6, NULL, 1403, NULL),
(44948, 'dgn', 3, 1, NULL, 1403, NULL),
(44949, 'dr', 3, 4, NULL, 1403, NULL),
(44950, 'malam', 3, 3, NULL, 1403, NULL),
(44951, 'blokir', 3, 2, NULL, 1403, NULL),
(44952, 'krn', 3, 1, NULL, 1403, NULL),
(44953, 'kartu', 3, 3, NULL, 1403, NULL),
(44954, 'hilang', 3, 2, NULL, 1403, NULL),
(44955, 'smpe', 3, 1, NULL, 1403, NULL),
(44956, 'skrg', 3, 1, NULL, 1403, NULL),
(44957, 'ditlp', 3, 1, NULL, 1403, NULL),
(44958, 'via', 3, 2, NULL, 1403, NULL),
(44959, 'sellu', 3, 1, NULL, 1403, NULL),
(44960, 'putus', 3, 1, NULL, 1403, NULL),
(44961, 'via', 3, 2, NULL, 1403, NULL),
(44962, 'twitter', 3, 1, NULL, 1403, NULL),
(44963, 'ad', 3, 1, NULL, 1403, NULL),
(44964, 'respon', 3, 2, NULL, 1403, NULL),
(44965, 'integrasi', 2, 1, NULL, 1404, NULL),
(44966, 'mudah', 2, 1, NULL, 1404, NULL),
(44967, 'simple', 2, 1, NULL, 1404, NULL),
(44968, 'sms', 2, 1, NULL, 1404, NULL),
(44969, 'smart', 2, 1, NULL, 1404, NULL),
(44970, 'tagih', 2, 1, NULL, 1404, NULL),
(44971, 'dll', 2, 1, NULL, 1404, NULL),
(44972, 'timbang', 2, 1, NULL, 1404, NULL),
(44973, 'tingkat', 2, 1, NULL, 1404, NULL),
(44974, 'kualitas', 2, 1, NULL, 1404, NULL),
(44975, 'bayar', 3, 2, NULL, 1405, NULL),
(44976, 'daftar', 3, 2, NULL, 1406, NULL),
(44977, 'kode', 3, 3, NULL, 1406, NULL),
(44978, 'otp', 3, 2, NULL, 1406, NULL),
(44979, 'no', 3, 2, NULL, 1406, NULL),
(44980, 'hp', 3, 1, NULL, 1406, NULL),
(44981, 'kerja', 2, 2, NULL, 1407, NULL),
(44982, 'habis', 2, 1, NULL, 1407, NULL),
(44983, 'pikir', 2, 1, NULL, 1407, NULL),
(44984, 'astaga', 2, 1, NULL, 1408, NULL),
(44985, 'gue', 2, 2, NULL, 1408, NULL),
(44986, 'ambil', 2, 1, NULL, 1408, NULL),
(44987, 'rrkening', 2, 1, NULL, 1408, NULL),
(44988, 'sungguh', 2, 1, NULL, 1408, NULL),
(44989, 'keribetan', 2, 1, NULL, 1408, NULL),
(44990, 'ngebuat', 2, 1, NULL, 1408, NULL),
(44991, 'bulan', 2, 3, NULL, 1408, NULL),
(44992, 'siasia', 2, 1, NULL, 1408, NULL),
(44993, 'kartu', 2, 2, NULL, 1408, NULL),
(44994, 'banget', 2, 3, NULL, 1408, NULL),
(44995, 'bantu', 3, 3, NULL, 1409, NULL),
(44996, 'nggak', 3, 1, NULL, 1409, NULL),
(44997, 'login', 3, 1, NULL, 1409, NULL),
(44998, 'klik', 3, 1, NULL, 1409, NULL),
(44999, 'kena', 3, 2, NULL, 1409, NULL),
(45000, 'block', 3, 1, NULL, 1409, NULL),
(45001, 'kali', 3, 1, NULL, 1409, NULL),
(45002, 'salah', 3, 1, NULL, 1409, NULL),
(45003, 'masukin', 3, 1, NULL, 1409, NULL),
(45004, 'token', 3, 1, NULL, 1409, NULL),
(45005, 'admin', 3, 3, NULL, 1410, NULL),
(45006, 'ebangking', 3, 1, NULL, 1410, NULL),
(45007, 'sll', 3, 1, NULL, 1410, NULL),
(45008, 'gk', 3, 2, NULL, 1410, NULL),
(45009, 'aktip', 3, 1, NULL, 1410, NULL),
(45010, 'kln', 3, 1, NULL, 1411, NULL),
(45011, 'wilayah', 3, 1, NULL, 1411, NULL),
(45012, 'cair', 3, 1, NULL, 1411, NULL),
(45013, 'jht', 3, 1, NULL, 1411, NULL),
(45014, 'sdh', 2, 1, NULL, 1412, NULL),
(45015, 'dm', 2, 1, NULL, 1412, NULL),
(45016, 'aja', 2, 4, NULL, 1412, NULL),
(45017, 'dsrh', 2, 1, NULL, 1412, NULL),
(45018, 'nunggu', 2, 2, NULL, 1412, NULL),
(45019, 'amp', 2, 1, NULL, 1412, NULL),
(45020, 'follow', 2, 1, NULL, 1412, NULL),
(45021, 'up', 2, 1, NULL, 1412, NULL),
(45022, 'epay', 1, 2, NULL, 1413, NULL),
(45023, 'bri', 1, 2, NULL, 1413, NULL),
(45024, 'ikut', 1, 2, NULL, 1413, NULL),
(45025, 'giveaway', 1, 2, NULL, 1413, NULL),
(45026, 'yuk', 1, 2, NULL, 1413, NULL),
(45027, 'teman', 1, 2, NULL, 1413, NULL),
(45028, 'tau', 1, 2, NULL, 1413, NULL),
(45029, 'untung', 1, 2, NULL, 1413, NULL),
(45030, 'amiinn', 1, 2, NULL, 1413, NULL),
(45031, 'terimakasih', 1, 2, NULL, 1414, NULL),
(45032, 'bantu', 1, 1, NULL, 1414, NULL),
(45033, 'sukses', 1, 1, NULL, 1414, NULL),
(45034, 'acara', 1, 1, NULL, 1414, NULL),
(45035, 'connext', 1, 1, NULL, 1414, NULL),
(45036, 'conference', 1, 1, NULL, 1414, NULL),
(45037, 'purwokerto', 1, 1, NULL, 1414, NULL),
(45038, 'setor', 2, 3, NULL, 1415, NULL),
(45039, 'tunai', 2, 4, NULL, 1415, NULL),
(45040, 'masuk', 2, 2, NULL, 1415, NULL),
(45041, 'mesin', 2, 4, NULL, 1415, NULL),
(45042, 'saldo', 2, 1, NULL, 1415, NULL),
(45043, 'rekening', 2, 2, NULL, 1415, NULL),
(45044, 'udah', 2, 5, NULL, 1415, NULL),
(45045, 'laporin', 2, 1, NULL, 1415, NULL),
(45046, 'sampe', 2, 3, NULL, 1415, NULL);
INSERT INTO `term_frequency` (`id_term`, `kata`, `id_sentimen`, `jumlah`, `id_training`, `id_testing`, `nilai_perhitungan`) VALUES
(45047, 'hasil', 2, 1, NULL, 1415, NULL),
(45048, 'plat', 2, 1, NULL, 1415, NULL),
(45049, 'merah', 2, 1, NULL, 1415, NULL),
(45050, 'lho', 2, 1, NULL, 1415, NULL),
(45051, 'muak', 2, 1, NULL, 1415, NULL),
(45052, 'tnyaa', 3, 1, NULL, 1416, NULL),
(45053, 'iphone', 3, 1, NULL, 1416, NULL),
(45054, 'kalo', 3, 2, NULL, 1416, NULL),
(45055, 'lwat', 3, 1, NULL, 1416, NULL),
(45056, 'mbangking', 3, 1, NULL, 1416, NULL),
(45057, 'mtoken', 3, 1, NULL, 1416, NULL),
(45058, 'semalem', 3, 1, NULL, 1416, NULL),
(45059, 'yaa', 3, 1, NULL, 1416, NULL),
(45060, 'dpet', 3, 1, NULL, 1416, NULL),
(45061, 'sms', 3, 3, NULL, 1416, NULL),
(45062, 'bri', 3, 3, NULL, 1416, NULL),
(45063, 'laen', 3, 1, NULL, 1416, NULL),
(45064, 'bsa', 3, 1, NULL, 1416, NULL),
(45065, 'dana', 3, 2, NULL, 1417, NULL),
(45066, 'akun', 3, 2, NULL, 1417, NULL),
(45067, 'gojek', 3, 2, NULL, 1417, NULL),
(45068, 'hasil', 3, 1, NULL, 1417, NULL),
(45069, 'coba', 3, 1, NULL, 1418, NULL),
(45070, 'uang', 3, 7, NULL, 1418, NULL),
(45071, 'bri', 2, 2, NULL, 1419, NULL),
(45072, 'brilife', 2, 1, NULL, 1419, NULL),
(45073, 'tolong', 2, 4, NULL, 1419, NULL),
(45074, 'baik', 2, 1, NULL, 1419, NULL),
(45075, 'klaim', 2, 1, NULL, 1419, NULL),
(45076, 'asuransi', 2, 1, NULL, 1419, NULL),
(45077, 'sehat', 2, 1, NULL, 1419, NULL),
(45078, 'air', 2, 1, NULL, 1419, NULL),
(45079, 'berminggumingu', 2, 1, NULL, 1419, NULL),
(45080, 'program', 3, 1, NULL, 1420, NULL),
(45081, 'ngebuzz', 3, 1, NULL, 1420, NULL),
(45082, 'bareng', 3, 1, NULL, 1420, NULL),
(45083, 'duit', 2, 2, NULL, 1421, NULL),
(45084, 'janji', 2, 1, NULL, 1421, NULL),
(45085, 'kelar', 2, 1, NULL, 1421, NULL),
(45086, 'percaya', 2, 1, NULL, 1421, NULL),
(45087, 'nih', 2, 2, NULL, 1421, NULL),
(45088, 'km', 2, 2, NULL, 1422, NULL),
(45089, 'klo', 2, 1, NULL, 1422, NULL),
(45090, 'malem', 2, 1, NULL, 1422, NULL),
(45091, 'susah', 2, 1, NULL, 1422, NULL),
(45092, 'bgt', 2, 1, NULL, 1422, NULL),
(45093, 'tlp', 2, 3, NULL, 1422, NULL),
(45094, 'butuh', 2, 1, NULL, 1422, NULL),
(45095, 'bantu', 2, 1, NULL, 1422, NULL),
(45096, 'segerasaya', 3, 1, NULL, 1424, NULL),
(45097, 'trf', 3, 1, NULL, 1424, NULL),
(45098, 'olh', 3, 1, NULL, 1424, NULL),
(45099, 'sdh', 3, 2, NULL, 1424, NULL),
(45100, 'ttp', 3, 1, NULL, 1424, NULL),
(45101, 'mask', 3, 1, NULL, 1424, NULL),
(45102, 'seringkali', 2, 1, NULL, 1425, NULL),
(45103, 'sy', 2, 2, NULL, 1425, NULL),
(45104, 'buang', 2, 2, NULL, 1425, NULL),
(45105, 'umur', 2, 1, NULL, 1425, NULL),
(45106, 'sia', 2, 1, NULL, 1425, NULL),
(45107, 'ruang', 2, 1, NULL, 1425, NULL),
(45108, 'mgk', 2, 1, NULL, 1425, NULL),
(45109, 'solusi', 2, 1, NULL, 1425, NULL),
(45110, 'teller', 2, 1, NULL, 1425, NULL),
(45111, 'cm', 2, 1, NULL, 1425, NULL),
(45112, 'notifikasi', 3, 1, NULL, 1426, NULL),
(45113, 'mati', 3, 1, NULL, 1426, NULL),
(45114, 'internet', 3, 1, NULL, 1427, NULL),
(45115, 'banking', 3, 2, NULL, 1427, NULL),
(45116, 'isi', 3, 1, NULL, 1427, NULL),
(45117, 'sesuai', 3, 1, NULL, 1427, NULL),
(45118, 'token', 3, 1, NULL, 1427, NULL),
(45119, 'yg', 3, 2, NULL, 1427, NULL),
(45120, 'kirim', 3, 1, NULL, 1427, NULL),
(45121, 'd', 3, 1, NULL, 1427, NULL),
(45122, 'salah', 3, 1, NULL, 1427, NULL),
(45123, 'id', 3, 1, NULL, 1427, NULL),
(45124, 'blokir', 3, 2, NULL, 1427, NULL),
(45125, 'buka', 3, 3, NULL, 1427, NULL),
(45126, 'blokir', 3, 2, NULL, 1427, NULL),
(45127, 'ngantri', 3, 1, NULL, 1427, NULL),
(45128, 'ga', 3, 2, NULL, 1427, NULL),
(45129, 'kasih', 3, 1, NULL, 1427, NULL),
(45130, 'today', 2, 1, NULL, 1428, NULL),
(45131, 'im', 2, 1, NULL, 1428, NULL),
(45132, 'closing', 2, 1, NULL, 1428, NULL),
(45133, 'my', 2, 1, NULL, 1428, NULL),
(45134, 'account', 2, 1, NULL, 1428, NULL),
(45135, 'kecewa', 2, 1, NULL, 1428, NULL),
(45136, 'ama', 2, 1, NULL, 1428, NULL),
(45137, 'slow', 2, 1, NULL, 1428, NULL),
(45138, 'respon', 2, 1, NULL, 1428, NULL),
(45139, 'handle', 2, 1, NULL, 1428, NULL),
(45140, 'komplain', 2, 1, NULL, 1428, NULL),
(45141, 'customer', 2, 1, NULL, 1428, NULL),
(45142, 'baru', 2, 1, NULL, 1428, NULL),
(45143, 'adl', 2, 1, NULL, 1428, NULL),
(45144, 'jt', 2, 1, NULL, 1428, NULL),
(45145, 'yg', 2, 1, NULL, 1428, NULL),
(45146, 'tuna', 2, 1, NULL, 1428, NULL),
(45147, 'alhasil', 3, 1, NULL, 1429, NULL),
(45148, 'gagal', 3, 2, NULL, 1429, NULL),
(45149, 'tiket', 3, 2, NULL, 1429, NULL),
(45150, 'kereta', 3, 1, NULL, 1429, NULL),
(45151, 'bayar', 3, 2, NULL, 1429, NULL),
(45152, 'via', 3, 2, NULL, 1429, NULL),
(45153, 'internet', 3, 1, NULL, 1429, NULL),
(45154, 'banking', 3, 2, NULL, 1429, NULL),
(45155, 'mtoken', 3, 1, NULL, 1429, NULL),
(45156, 'lewat', 3, 1, NULL, 1429, NULL),
(45157, 'batas', 3, 1, NULL, 1429, NULL),
(45158, 'bayar', 3, 2, NULL, 1429, NULL),
(45159, 'bobrok', 3, 1, NULL, 1429, NULL),
(45160, 'indonesia', 3, 1, NULL, 1429, NULL),
(45161, 'callcenter', 2, 1, NULL, 1430, NULL),
(45162, 'nyambung', 2, 2, NULL, 1430, NULL),
(45163, 'pas', 2, 2, NULL, 1430, NULL),
(45164, 'masukin', 2, 1, NULL, 1430, NULL),
(45165, 'bisu', 2, 2, NULL, 1430, NULL),
(45166, 'coba', 2, 1, NULL, 1430, NULL),
(45167, 'lg', 2, 1, NULL, 1430, NULL),
(45168, 'cs', 2, 3, NULL, 1430, NULL),
(45169, 'bilang', 2, 1, NULL, 1430, NULL),
(45170, 'salahin', 2, 1, NULL, 1430, NULL),
(45171, 'limo', 2, 1, NULL, 1431, NULL),
(45172, 'kosong', 2, 1, NULL, 1431, NULL),
(45173, 'tsbt', 3, 1, NULL, 1432, NULL),
(45174, 'hrs', 3, 1, NULL, 1432, NULL),
(45175, 'mnunggu', 3, 1, NULL, 1432, NULL),
(45176, 'salah', 3, 1, NULL, 1432, NULL),
(45177, 'bayar', 3, 2, NULL, 1432, NULL),
(45178, 'biaya', 3, 2, NULL, 1432, NULL),
(45179, 'transaksi', 3, 6, NULL, 1432, NULL),
(45180, 'trf', 3, 1, NULL, 1432, NULL),
(45181, 'sbagai', 3, 1, NULL, 1432, NULL),
(45182, 'nasabah', 3, 1, NULL, 1432, NULL),
(45183, 'rugi', 3, 1, NULL, 1432, NULL),
(45184, 'tsb', 3, 1, NULL, 1432, NULL),
(45185, 'mhn', 3, 1, NULL, 1432, NULL),
(45186, 'perhatia', 3, 1, NULL, 1432, NULL),
(45187, 'top', 3, 2, NULL, 1433, NULL),
(45188, 'up', 3, 2, NULL, 1433, NULL),
(45189, 'emoney', 3, 2, NULL, 1433, NULL),
(45190, 'non', 3, 1, NULL, 1433, NULL),
(45191, 'mandiri', 3, 5, NULL, 1433, NULL),
(45192, 'tdktks', 3, 1, NULL, 1433, NULL),
(45193, 'online', 3, 2, NULL, 1434, NULL),
(45194, 'k', 3, 1, NULL, 1434, NULL),
(45195, 'boring', 2, 1, NULL, 1435, NULL),
(45196, 'mas', 2, 1, NULL, 1435, NULL),
(45197, 'kirim', 2, 1, NULL, 1435, NULL),
(45198, 'ginian', 2, 1, NULL, 1435, NULL),
(45199, 'guna', 2, 1, NULL, 1435, NULL),
(45200, 'henpon', 2, 1, NULL, 1435, NULL),
(45201, 'ga', 2, 2, NULL, 1435, NULL),
(45202, 'nyaman', 2, 1, NULL, 1435, NULL),
(45203, 'tp', 2, 1, NULL, 1435, NULL),
(45204, 'pilih', 2, 1, NULL, 1435, NULL),
(45205, 'disebutin', 2, 1, NULL, 1436, NULL),
(45206, 'loh', 2, 1, NULL, 1436, NULL),
(45207, 'bawa', 2, 2, NULL, 1436, NULL),
(45208, 'surat', 2, 2, NULL, 1436, NULL),
(45209, 'beda', 2, 1, NULL, 1436, NULL),
(45210, 'domisili', 2, 2, NULL, 1436, NULL),
(45211, 'npwp', 3, 2, NULL, 1437, NULL),
(45212, 'permisi', 3, 1, NULL, 1438, NULL),
(45213, 'milik', 3, 1, NULL, 1438, NULL),
(45214, 'min', 2, 1, NULL, 1439, NULL),
(45215, 'ngibul', 2, 1, NULL, 1439, NULL),
(45216, 'suruh', 2, 1, NULL, 1439, NULL),
(45217, 'terang', 2, 1, NULL, 1439, NULL),
(45218, 'kerjasurat', 2, 1, NULL, 1439, NULL),
(45219, 'jg', 2, 1, NULL, 1439, NULL),
(45220, 'transportasi', 2, 1, NULL, 1439, NULL),
(45221, 'berkas', 3, 1, NULL, 1440, NULL),
(45222, 'bawa', 3, 1, NULL, 1440, NULL),
(45223, 'urus', 3, 1, NULL, 1440, NULL),
(45224, 'kc', 3, 1, NULL, 1440, NULL),
(45225, 'sent', 3, 1, NULL, 1441, NULL),
(45226, 'mei', 3, 1, NULL, 1441, NULL),
(45227, 'am', 3, 1, NULL, 1441, NULL),
(45228, 'reply', 3, 1, NULL, 1441, NULL),
(45229, 'by', 3, 1, NULL, 1441, NULL),
(45230, 'setor', 3, 1, NULL, 1442, NULL),
(45231, 'tpi', 3, 1, NULL, 1442, NULL),
(45232, 'beli', 3, 2, NULL, 1443, NULL),
(45233, 'pulsa', 3, 2, NULL, 1443, NULL),
(45234, 'bangking', 3, 1, NULL, 1443, NULL),
(45235, 'x', 3, 1, NULL, 1443, NULL),
(45236, 'msul', 3, 1, NULL, 1443, NULL),
(45237, 'solusi', 3, 1, NULL, 1443, NULL),
(45238, 'min', 3, 5, NULL, 1444, NULL),
(45239, 'info', 3, 1, NULL, 1444, NULL),
(45240, 'na', 3, 1, NULL, 1444, NULL),
(45241, 'klo', 3, 1, NULL, 1444, NULL),
(45242, 'ganti', 3, 1, NULL, 1444, NULL),
(45243, 'hp', 3, 1, NULL, 1444, NULL),
(45244, 'aplikasi', 3, 1, NULL, 1444, NULL),
(45245, 'mbanking', 3, 2, NULL, 1444, NULL),
(45246, 'teller', 3, 1, NULL, 1444, NULL),
(45247, 'registrasi', 3, 1, NULL, 1444, NULL),
(45248, 'ulang', 3, 1, NULL, 1444, NULL),
(45249, 'tgl', 3, 1, NULL, 1445, NULL),
(45250, 'teman', 3, 1, NULL, 1446, NULL),
(45251, 'bank', 3, 1, NULL, 1446, NULL),
(45252, 'okay', 1, 1, NULL, 1447, NULL),
(45253, 'numpang', 2, 1, NULL, 1448, NULL),
(45254, 'g', 2, 1, NULL, 1448, NULL),
(45255, 's', 2, 1, NULL, 1449, NULL),
(45256, 'aw', 2, 1, NULL, 1449, NULL),
(45257, 'nw', 2, 1, NULL, 1449, NULL),
(45258, 'apt', 2, 1, NULL, 1449, NULL),
(45259, 'rasuna', 2, 1, NULL, 1449, NULL),
(45260, 'hank', 2, 1, NULL, 1449, NULL),
(45261, 'baik', 2, 1, NULL, 1449, NULL),
(45262, 'muncul', 3, 1, NULL, 1450, NULL),
(45263, 'duplikat', 3, 1, NULL, 1450, NULL),
(45264, 'thanks', 3, 1, NULL, 1450, NULL),
(45265, 'informasi', 3, 1, NULL, 1451, NULL),
(45266, 'konfirmasi', 3, 1, NULL, 1451, NULL),
(45267, 'min', 3, 1, NULL, 1451, NULL),
(45268, 'cabang', 3, 1, NULL, 1451, NULL),
(45269, 'moga', 3, 1, NULL, 1451, NULL),
(45270, 'depan', 3, 1, NULL, 1451, NULL),
(45271, 'informasi', 3, 1, NULL, 1451, NULL),
(45272, 'yg', 3, 1, NULL, 1451, NULL),
(45273, 'sesuai', 3, 1, NULL, 1451, NULL),
(45274, 'sop', 3, 1, NULL, 1451, NULL),
(45275, 'nasabah', 3, 1, NULL, 1451, NULL),
(45276, 'thx', 3, 1, NULL, 1451, NULL);

--
-- Indexes for dumped tables
--

--
-- Indexes for table `data_crawling`
--
ALTER TABLE `data_crawling`
  ADD PRIMARY KEY (`id_crawling`),
  ADD KEY `kategori` (`id_sentimen`);

--
-- Indexes for table `data_testing`
--
ALTER TABLE `data_testing`
  ADD PRIMARY KEY (`id_testing`),
  ADD KEY `id_crawling` (`id_crawling`);

--
-- Indexes for table `data_training`
--
ALTER TABLE `data_training`
  ADD PRIMARY KEY (`id_training`),
  ADD KEY `id_crawling` (`id_crawling`);

--
-- Indexes for table `hasil`
--
ALTER TABLE `hasil`
  ADD PRIMARY KEY (`id_hasil`),
  ADD KEY `id_testing` (`id_testing`),
  ADD KEY `kelas` (`id_sentimen`);

--
-- Indexes for table `klasifikasi`
--
ALTER TABLE `klasifikasi`
  ADD PRIMARY KEY (`id_klasifikasi`),
  ADD KEY `id_testing` (`id_testing`),
  ADD KEY `prediksi` (`id_sentimen`),
  ADD KEY `id_hasil` (`id_hasil`);

--
-- Indexes for table `proses`
--
ALTER TABLE `proses`
  ADD KEY `id_testing` (`id_testing`),
  ADD KEY `proses_ibfk_2` (`id_training`);

--
-- Indexes for table `sentimen`
--
ALTER TABLE `sentimen`
  ADD PRIMARY KEY (`id_sentimen`);

--
-- Indexes for table `term_frequency`
--
ALTER TABLE `term_frequency`
  ADD PRIMARY KEY (`id_term`),
  ADD KEY `id_training` (`id_training`),
  ADD KEY `kategori` (`id_sentimen`),
  ADD KEY `id_testing` (`id_testing`);

--
-- AUTO_INCREMENT for dumped tables
--

--
-- AUTO_INCREMENT for table `data_crawling`
--
ALTER TABLE `data_crawling`
  MODIFY `id_crawling` int(10) NOT NULL AUTO_INCREMENT, AUTO_INCREMENT=9626;

--
-- AUTO_INCREMENT for table `data_testing`
--
ALTER TABLE `data_testing`
  MODIFY `id_testing` int(10) NOT NULL AUTO_INCREMENT, AUTO_INCREMENT=1453;

--
-- AUTO_INCREMENT for table `data_training`
--
ALTER TABLE `data_training`
  MODIFY `id_training` int(10) NOT NULL AUTO_INCREMENT, AUTO_INCREMENT=6737;

--
-- AUTO_INCREMENT for table `hasil`
--
ALTER TABLE `hasil`
  MODIFY `id_hasil` int(10) NOT NULL AUTO_INCREMENT, AUTO_INCREMENT=4357;

--
-- AUTO_INCREMENT for table `klasifikasi`
--
ALTER TABLE `klasifikasi`
  MODIFY `id_klasifikasi` int(10) NOT NULL AUTO_INCREMENT, AUTO_INCREMENT=1453;

--
-- AUTO_INCREMENT for table `sentimen`
--
ALTER TABLE `sentimen`
  MODIFY `id_sentimen` int(10) NOT NULL AUTO_INCREMENT, AUTO_INCREMENT=4;

--
-- AUTO_INCREMENT for table `term_frequency`
--
ALTER TABLE `term_frequency`
  MODIFY `id_term` int(11) NOT NULL AUTO_INCREMENT, AUTO_INCREMENT=45277;

--
-- Constraints for dumped tables
--

--
-- Constraints for table `data_crawling`
--
ALTER TABLE `data_crawling`
  ADD CONSTRAINT `data_crawling_ibfk_1` FOREIGN KEY (`id_sentimen`) REFERENCES `sentimen` (`id_sentimen`) ON DELETE CASCADE ON UPDATE CASCADE;

--
-- Constraints for table `data_testing`
--
ALTER TABLE `data_testing`
  ADD CONSTRAINT `data_testing_ibfk_1` FOREIGN KEY (`id_crawling`) REFERENCES `data_crawling` (`id_crawling`) ON DELETE CASCADE ON UPDATE CASCADE;

--
-- Constraints for table `data_training`
--
ALTER TABLE `data_training`
  ADD CONSTRAINT `data_training_ibfk_1` FOREIGN KEY (`id_crawling`) REFERENCES `data_crawling` (`id_crawling`) ON DELETE CASCADE ON UPDATE CASCADE;

--
-- Constraints for table `hasil`
--
ALTER TABLE `hasil`
  ADD CONSTRAINT `hasil_ibfk_1` FOREIGN KEY (`id_testing`) REFERENCES `data_testing` (`id_testing`) ON DELETE CASCADE ON UPDATE CASCADE,
  ADD CONSTRAINT `hasil_ibfk_2` FOREIGN KEY (`id_sentimen`) REFERENCES `sentimen` (`id_sentimen`) ON DELETE CASCADE ON UPDATE CASCADE;

--
-- Constraints for table `klasifikasi`
--
ALTER TABLE `klasifikasi`
  ADD CONSTRAINT `klasifikasi_ibfk_1` FOREIGN KEY (`id_testing`) REFERENCES `data_testing` (`id_testing`) ON DELETE CASCADE ON UPDATE CASCADE,
  ADD CONSTRAINT `klasifikasi_ibfk_2` FOREIGN KEY (`id_sentimen`) REFERENCES `sentimen` (`id_sentimen`) ON DELETE CASCADE ON UPDATE CASCADE,
  ADD CONSTRAINT `klasifikasi_ibfk_3` FOREIGN KEY (`id_hasil`) REFERENCES `hasil` (`id_hasil`) ON DELETE CASCADE ON UPDATE CASCADE;

--
-- Constraints for table `proses`
--
ALTER TABLE `proses`
  ADD CONSTRAINT `proses_ibfk_1` FOREIGN KEY (`id_testing`) REFERENCES `data_testing` (`id_testing`) ON DELETE CASCADE ON UPDATE CASCADE,
  ADD CONSTRAINT `proses_ibfk_2` FOREIGN KEY (`id_training`) REFERENCES `data_training` (`id_training`) ON DELETE CASCADE ON UPDATE CASCADE;

--
-- Constraints for table `term_frequency`
--
ALTER TABLE `term_frequency`
  ADD CONSTRAINT `term_frequency_ibfk_1` FOREIGN KEY (`id_training`) REFERENCES `data_training` (`id_training`) ON DELETE CASCADE ON UPDATE CASCADE,
  ADD CONSTRAINT `term_frequency_ibfk_3` FOREIGN KEY (`id_sentimen`) REFERENCES `sentimen` (`id_sentimen`) ON DELETE CASCADE ON UPDATE CASCADE,
  ADD CONSTRAINT `term_frequency_ibfk_4` FOREIGN KEY (`id_testing`) REFERENCES `data_testing` (`id_testing`) ON DELETE CASCADE ON UPDATE CASCADE;
COMMIT;

/*!40101 SET CHARACTER_SET_CLIENT=@OLD_CHARACTER_SET_CLIENT */;
/*!40101 SET CHARACTER_SET_RESULTS=@OLD_CHARACTER_SET_RESULTS */;
/*!40101 SET COLLATION_CONNECTION=@OLD_COLLATION_CONNECTION */;
